major,major_norm,course,course_norm,rank,resource_type,resource_id,resource_title,score,confidence,match_reason,url,price,rating_average,review_count,quantity_sold,source_keys,year,collection,views,authors,popularity_score
An toàn thông tin,an toan thong tin,An toàn hệ thống thông tin,an toan he thong thong tin,1,tiki_book,403233,Hệ Thống Thông Tin Kế Toán (Tập 3),26.64,low,partial_course_tokens_in_title; partial_course_tokens_in_secondary_text,https://tiki.vn/sach-he-thong-thong-tin-ke-toan-tap-3-p403233.html?spid=89424675,85000,4.0,1,24,chuẩn mực kế toán,,,,,8.2586
An toàn thông tin,an toan thong tin,An toàn hệ thống thông tin,an toan he thong thong tin,2,tiki_book,275022845,Hệ Thống Thông Tin Kế Toán - Báo Cáo Kế Toán Theo Phương Pháp Thủ Công - KT,26.64,low,partial_course_tokens_in_title; partial_course_tokens_in_secondary_text,https://tiki.vn/he-thong-thong-tin-ke-toan-bao-cao-ke-toan-theo-phuong-phap-thu-cong-kt-p275022845.html?spid=275454700,499000,0.0,0,1,sách kế toán; chuẩn mực kế toán,,,,,0.6931
An toàn thông tin,an toan thong tin,An toàn hệ thống thông tin,an toan he thong thong tin,3,tiki_book,279395032,- Hệ Thống Thông Tin Kế Toán - Báo Cáo Kế Toán Theo Phương Pháp Thủ Công,26.64,low,partial_course_tokens_in_title; partial_course_tokens_in_secondary_text,https://tiki.vn/sach-he-thong-thong-tin-ke-toan-bao-cao-ke-toan-theo-phuong-phap-thu-cong-p279395032.html?spid=279395033,499000,0.0,0,,sách kế toán; chuẩn mực kế toán,,,,,0.0
An toàn thông tin,an toan thong tin,An toàn hệ thống thông tin,an toan he thong thong tin,1,ueh_repository,UEH/63105,Hoàn thiện hệ thống thông tin kế toán tại Công ty TNHH MTV Dịch vụ Công ích Quận 4,32.53,medium,partial_course_tokens_in_title; partial_course_tokens_in_secondary_text,https://digital.lib.ueh.edu.vn/handle/UEH/63105,,,,,,2021,MASTER'S THESES,0,Nguyễn Thái Bình,
An toàn thông tin,an toan thong tin,An toàn hệ thống thông tin,an toan he thong thong tin,2,ueh_repository,UEH/63456,Các nhân tố ảnh hưởng đến lợi ích thuần được cảm nhận của người sử dụng hệ thống thông tin kế toán trong các doanh nghiệp tại Thành Phố Hồ Chí Minh,30.3,medium,partial_course_tokens_in_title; partial_course_tokens_in_secondary_text,https://digital.lib.ueh.edu.vn/handle/UEH/63456,,,,,,2021,MASTER'S THESES,0,Võ Phước Quang,
An toàn thông tin,an toan thong tin,An toàn hệ thống thông tin,an toan he thong thong tin,3,ueh_repository,UEH/63472,Hoàn thiện hệ thống thông tin kế toán nhằm đáp ứng yêu cầu quản lý tại Trường Cao đẳng Nghề Thành phố Hồ Chí Minh,30.3,medium,partial_course_tokens_in_title; partial_course_tokens_in_secondary_text,https://digital.lib.ueh.edu.vn/handle/UEH/63472,,,,,,2021,MASTER'S THESES,0,Bùi Ngọc Thanh Trang,
An toàn thông tin,an toan thong tin,Bảo mật mạng máy tính,bao mat mang may tinh,1,tiki_book,271997519,Giáo Trình Mạng Máy Tính Và Truyền Thông - TS. Phan Thanh Đức,21.85,low,partial_course_tokens_in_title; partial_course_tokens_in_secondary_text,https://tiki.vn/giao-trinh-mang-may-tinh-va-truyen-thong-ts-phan-thanh-duc-p271997519.html?spid=271997520,120000,5.0,1,5,mạng máy tính,,,,,7.8315
An toàn thông tin,an toan thong tin,Bảo mật mạng máy tính,bao mat mang may tinh,2,tiki_book,271313297,- Giáo trình Mạng máy tính và truyền thông,21.85,low,partial_course_tokens_in_title; partial_course_tokens_in_secondary_text,https://tiki.vn/sach-giao-trinh-mang-may-tinh-va-truyen-thong-p271313297.html?spid=279339586,117600,0.0,0,,mạng máy tính,,,,,0.0
An toàn thông tin,an toan thong tin,Bảo mật mạng máy tính,bao mat mang may tinh,3,tiki_book,275786344,Giáo Trình Mạng Máy Tính - Nguyễn Thế Lộc (ĐHSP),21.75,low,partial_course_tokens_in_title; partial_course_tokens_in_secondary_text,https://tiki.vn/giao-trinh-mang-may-tinh-nguyen-the-loc-dhsp-p275786344.html?spid=275786345,95000,5.0,2,13,mạng máy tính,,,,,9.287
An toàn thông tin,an toan thong tin,Bảo mật mạng máy tính,bao mat mang may tinh,1,ueh_repository,UEH/63911,"Tác động của tính bảo mật, sự riêng tư, danh tiếng của nhà cung cấp và thái độ của người tiêu dùng đến ý định mua sắm trực tuyến",9.87,low,partial_course_tokens_in_title; partial_course_tokens_in_secondary_text,https://digital.lib.ueh.edu.vn/handle/UEH/63911,,,,,,2022,MASTER'S THESES,0,Nguyễn Thanh Mai,
An toàn thông tin,an toan thong tin,Bảo mật mạng máy tính,bao mat mang may tinh,2,ueh_repository,UEH/61222,Tác động của các phong cách lãnh đạo đến ý thức gắn kết với tổ chức của đội ngũ cán bộ tại Nhà máy Xi măng FiCO,4.85,low,partial_course_tokens_in_title; partial_course_tokens_in_secondary_text,https://digital.lib.ueh.edu.vn/handle/UEH/61222,,,,,,2020,MASTER'S THESES,0,Nguyễn Việt Hoàng,
An toàn thông tin,an toan thong tin,Bảo mật mạng máy tính,bao mat mang may tinh,3,ueh_repository,UEH/62674,"Nghiên cứu các nhân tố ảnh hưởng đến sự hài lòng của khách hàng khi sử dụng dịch vụ bảo trì, bảo dưỡng xe máy tại các đại lý Yamaha khu vực Thành phố Hồ Chí Minh",4.46,low,partial_course_tokens_in_title; partial_course_tokens_in_secondary_text,https://digital.lib.ueh.edu.vn/handle/UEH/62674,,,,,,2021,MASTER'S THESES,0,Phạm Thị Phương Quỳnh,
An toàn thông tin,an toan thong tin,Kiểm thử xâm nhập,kiem thu xam nhap,1,tiki_book,278496130,Thanh Gươm Diệt Quỷ - 9- Đại Chiến Dịch Xâm Nhập Phố Đèn Đỏ,12.21,low,partial_course_tokens_in_title,https://tiki.vn/thanh-guom-diet-quy-tap-1-tan-khoc-p278496130.html?spid=278496147,23750,5.0,521,157,top_books,,,,,19.4491
An toàn thông tin,an toan thong tin,Kiểm thử xâm nhập,kiem thu xam nhap,2,tiki_book,276735690,"- Kiểm Soát Tài Sản, Thu Nhập Của Đảng Viên Là Người Có Chức Vụ, Quyền Hạn Trong Bối Cảnh Mới ở Việt Nam - NXB Chính Trị Quốc Gia",8.45,low,partial_course_tokens_in_title; partial_course_tokens_in_secondary_text,https://tiki.vn/sach-kiem-soat-tai-san-thu-nhap-cua-dang-vien-la-nguoi-co-chuc-vu-quyen-han-trong-boi-canh-moi-o-viet-nam-nxb-chinh-tri-quoc-gia-p276735690.html?spid=276735692,223000,0.0,0,,kiểm soát nội bộ,,,,,0.0
An toàn thông tin,an toan thong tin,Kiểm thử xâm nhập,kiem thu xam nhap,3,tiki_book,279260283,"Đổi mới, kiến tạo, hội nhập, phát triển (Xuất bản lần thứ hai)",6.23,low,partial_course_tokens_in_title; partial_course_tokens_in_secondary_text,https://tiki.vn/doi-moi-kien-tao-hoi-nhap-phat-trien-xuat-ban-lan-thu-hai-p279260283.html?spid=279260284,466000,0.0,0,,xuất nhập khẩu,,,,,0.0
An toàn thông tin,an toan thong tin,Kiểm thử xâm nhập,kiem thu xam nhap,1,ueh_repository,UEH/63133,"Đánh giá ảnh hưởng của xâm nhập mặn đến thu nhập của nông dân ở huyện Cần Đước, tỉnh Long An",14.04,low,partial_course_tokens_in_title; partial_course_tokens_in_secondary_text,https://digital.lib.ueh.edu.vn/handle/UEH/63133,,,,,,2021,MASTER'S THESES,0,Phạm Nguyễn Chí Huy,
An toàn thông tin,an toan thong tin,Kiểm thử xâm nhập,kiem thu xam nhap,2,ueh_repository,UEH/62920,Hoàn thiện kiểm soát nội bộ trong công tác thu thuế thu nhập cá nhân tại Chi cục Thuế thành phố Tuy Hòa,6.3,low,partial_course_tokens_in_title; partial_course_tokens_in_secondary_text,https://digital.lib.ueh.edu.vn/handle/UEH/62920,,,,,,2021,MASTER'S THESES,0,Nguyễn Thị Trúc Hà,
An toàn thông tin,an toan thong tin,Kiểm thử xâm nhập,kiem thu xam nhap,3,ueh_repository,UEH/62908,"Phân tích các nhân tố tác động đến thu nhập nông nghiệp ở An Giang: tham gia chuỗi liên kết, loại hình và diện tích canh tác",4.61,low,partial_course_tokens_in_title; partial_course_tokens_in_secondary_text,https://digital.lib.ueh.edu.vn/handle/UEH/62908,,,,,,2021,MASTER'S THESES,0,Phan Tùng Lâm,
An toàn thông tin,an toan thong tin,Mật mã học,mat ma hoc,1,tiki_book,75618660,Mật Mã Và An Toàn Thông Tin - Lý Thuyết Và Ứng Dụng,37.69,medium,partial_course_tokens_in_title; exact_major_in_title,https://tiki.vn/mat-ma-va-an-toan-thong-tin-ly-thuyet-va-ung-dung-p75618660.html?spid=75618661,129000,5.0,14,91,công nghệ thông tin,,,,,13.5839
An toàn thông tin,an toan thong tin,Mật mã học,mat ma hoc,2,tiki_book,278944163,Mật mã và An toàn thông tin - Lý thuyết và Ứng dụng,37.69,medium,partial_course_tokens_in_title; exact_major_in_title,https://tiki.vn/mat-ma-va-an-toan-thong-tin-ly-thuyet-va-ung-dung-p278944163.html?spid=278944165,129000,0.0,0,,sách công nghệ thông tin,,,,,0.0
An toàn thông tin,an toan thong tin,Mật mã học,mat ma hoc,3,tiki_book,175445482,Sổ Tay Khoa Học Máy Tính Và Mật Mã - Everything you need to ace computer science and coding,37.68,medium,partial_course_tokens_in_title,https://tiki.vn/sach-so-tay-khoa-hoc-may-tinh-va-mat-ma-p175445482.html?spid=175445485,371250,0.0,0,9,coding; computer network,,,,,2.3026
An toàn thông tin,an toan thong tin,Mật mã học,mat ma hoc,1,ueh_repository,UEH/61233,"Đánh giá tác động của sự hiện diện xã hội, sự hiện diện giảng dạy và sự hiện diện nhận thức đến sự hài lòng của học viên trong học tập trực tuyến tại Thành phố Hồ Chí Minh",9.32,low,partial_course_tokens_in_title; partial_course_tokens_in_secondary_text,https://digital.lib.ueh.edu.vn/handle/UEH/61233,,,,,,2020,MASTER'S THESES,0,Cao Việt Mỹ,
An toàn thông tin,an toan thong tin,Mật mã học,mat ma hoc,2,ueh_repository,UEH/63355,Các nhân tố ảnh hưởng đến quyết định chọn ngành kế toán của sinh viên tại các trường Đại học ở Thành phố Hồ Chí Minh,9.27,low,partial_course_tokens_in_title; partial_course_tokens_in_secondary_text,https://digital.lib.ueh.edu.vn/handle/UEH/63355,,,,,,2021,MASTER'S THESES,0,Nguyễn Huỳnh Như,
An toàn thông tin,an toan thong tin,Mật mã học,mat ma hoc,3,ueh_repository,UEH/61168,Hoàn thiện tổ chức công tác kế toán tại Trường Đại học Y khoa Phạm Ngọc Thạch,9.27,low,partial_course_tokens_in_title; partial_course_tokens_in_secondary_text,https://digital.lib.ueh.edu.vn/handle/UEH/61168,,,,,,2020,MASTER'S THESES,0,Nguyễn Thị Chúc Linh,
An toàn thông tin,an toan thong tin,Pháp lý an toàn thông tin,phap ly an toan thong tin,1,tiki_book,75618660,Mật Mã Và An Toàn Thông Tin - Lý Thuyết Và Ứng Dụng,20.69,low,partial_course_tokens_in_title; partial_course_tokens_in_secondary_text; exact_major_in_title,https://tiki.vn/mat-ma-va-an-toan-thong-tin-ly-thuyet-va-ung-dung-p75618660.html?spid=75618661,129000,5.0,14,91,công nghệ thông tin,,,,,13.5839
An toàn thông tin,an toan thong tin,Pháp lý an toàn thông tin,phap ly an toan thong tin,2,tiki_book,278944163,Mật mã và An toàn thông tin - Lý thuyết và Ứng dụng,20.69,low,partial_course_tokens_in_title; partial_course_tokens_in_secondary_text; exact_major_in_title,https://tiki.vn/mat-ma-va-an-toan-thong-tin-ly-thuyet-va-ung-dung-p278944163.html?spid=278944165,129000,0.0,0,,sách công nghệ thông tin,,,,,0.0
An toàn thông tin,an toan thong tin,Pháp lý an toàn thông tin,phap ly an toan thong tin,3,tiki_book,35166670,Giáo trình Cơ sở an toàn thông tin,19.32,low,partial_course_tokens_in_title; partial_course_tokens_in_secondary_text; exact_major_in_title,https://tiki.vn/giao-trinh-co-so-an-toan-thong-tin-p35166670.html?spid=44989350,125000,5.0,14,109,công nghệ thông tin,,,,,13.7626
An toàn thông tin,an toan thong tin,Pháp lý an toàn thông tin,phap ly an toan thong tin,1,ueh_repository,UEH/63472,Hoàn thiện hệ thống thông tin kế toán nhằm đáp ứng yêu cầu quản lý tại Trường Cao đẳng Nghề Thành phố Hồ Chí Minh,7.4,low,partial_course_tokens_in_title; partial_course_tokens_in_secondary_text,https://digital.lib.ueh.edu.vn/handle/UEH/63472,,,,,,2021,MASTER'S THESES,0,Bùi Ngọc Thanh Trang,
An toàn thông tin,an toan thong tin,Pháp lý an toàn thông tin,phap ly an toan thong tin,2,ueh_repository,UEH/61354,Các nhân tố ảnh hưởng đến chất lượng hệ thống thông tin kế toán của các đơn vị sự nghiệp y tế công lập tại thành phố Hồ Chí Minh,6.62,low,partial_course_tokens_in_title; partial_course_tokens_in_secondary_text,https://digital.lib.ueh.edu.vn/handle/UEH/61354,,,,,,2020,MASTER'S THESES,0,Nguyễn Thị Hằng,
An toàn thông tin,an toan thong tin,Pháp lý an toàn thông tin,phap ly an toan thong tin,3,ueh_repository,UEH/63595,Một số vấn đề pháp lý liên quan đến hoạt động sáp nhập và mua lại (M&A) tại Việt Nam - So sánh với Singapore,6.61,low,partial_course_tokens_in_title; partial_course_tokens_in_secondary_text,https://digital.lib.ueh.edu.vn/handle/UEH/63595,,,,,,2021,MASTER'S THESES,0,Đỗ Khắc Tất Hưng,
An toàn thông tin,an toan thong tin,Quản trị rủi ro CNTT,quan tri rui ro cntt,1,tiki_book,402995,Quản Trị Rủi Ro Xí Nghiệp Trong Nền Kinh Tế Toàn Cầu,40.14,medium,partial_course_tokens_in_title; partial_course_tokens_in_secondary_text,https://tiki.vn/sach-quan-tri-rui-ro-xi-nghiep-trong-nen-kinh-te-toan-cau-p402995.html?spid=89424688,205000,2.0,4,18,quản trị rủi ro ngân hàng,,,,,7.3586
An toàn thông tin,an toan thong tin,Quản trị rủi ro CNTT,quan tri rui ro cntt,2,tiki_book,198591267,"Báo cáo tài chính - Lập, phân tích và quản trị rủi ro về thuế",40.09,medium,partial_course_tokens_in_title; partial_course_tokens_in_secondary_text,https://tiki.vn/bao-cao-tai-chinh-lap-phan-tich-va-quan-tri-rui-ro-ve-thue-p198591267.html?spid=279341812,242100,0.0,0,,quản trị tài chính; phân tích tài chính; báo cáo tài chính; quản trị rủi ro ngân hàng; kiểm toán báo cáo tài chính,,,,,0.0
An toàn thông tin,an toan thong tin,Quản trị rủi ro CNTT,quan tri rui ro cntt,3,tiki_book,47242845,Quản Trị Rủi Ro Pháp Lý Trong Kinh Doanh,40.03,medium,partial_course_tokens_in_title; partial_course_tokens_in_secondary_text,https://tiki.vn/quan-tri-rui-ro-phap-ly-trong-kinh-doanh-p47242845.html?spid=47242846,98000,4.5,54,600,quản trị kinh doanh; quản trị rủi ro ngân hàng,,,,,16.9096
An toàn thông tin,an toan thong tin,Quản trị rủi ro CNTT,quan tri rui ro cntt,1,ueh_repository,UEH/63686,Quản trị rủi ro tín dụng theo Basel II tại Ngân hàng TMCP Phương Đông,32.67,medium,partial_course_tokens_in_title; partial_course_tokens_in_secondary_text,https://digital.lib.ueh.edu.vn/handle/UEH/63686,,,,,,2022,MASTER'S THESES,0,Lê Thanh Sơn,
An toàn thông tin,an toan thong tin,Quản trị rủi ro CNTT,quan tri rui ro cntt,2,ueh_repository,UEH/62486,Quản trị rủi ro hoạt động tín dụng tại Ngân hàng Nông nghiệp và Phát triển nông thôn Việt Nam - chi nhánh Vĩnh Long,32.67,medium,partial_course_tokens_in_title; partial_course_tokens_in_secondary_text,https://digital.lib.ueh.edu.vn/handle/UEH/62486,,,,,,2021,MASTER'S THESES,0,Lưu Thanh Phong,
An toàn thông tin,an toan thong tin,Quản trị rủi ro CNTT,quan tri rui ro cntt,3,ueh_repository,UEH/61247,Quản trị rủi ro tín dụng theo Hiệp ước Basel II tại Ngân hàng Thương mại cổ phần Công thương Việt Nam - Chi nhánh Vĩnh Long,32.67,medium,partial_course_tokens_in_title; partial_course_tokens_in_secondary_text,https://digital.lib.ueh.edu.vn/handle/UEH/61247,,,,,,2020,MASTER'S THESES,0,Bùi Thanh Linh Tuyền,
Bảo hiểm,bao hiem,Bảo hiểm nhân thọ,bao hiem nhan tho,1,tiki_book,259771506,Luật Kinh Doanh Bảo Hiểm,22.88,low,partial_course_tokens_in_title; exact_major_in_title,https://tiki.vn/luat-kinh-doanh-bao-hiem-p259771506.html?spid=259771507,51896,1.0,1,1,luật kinh tế; pháp luật kinh doanh,,,,,2.7329
Bảo hiểm,bao hiem,Bảo hiểm nhân thọ,bao hiem nhan tho,2,tiki_book,254205751,Luật Kinh doanh bảo hiểm,22.88,low,partial_course_tokens_in_title; exact_major_in_title,https://tiki.vn/luat-kinh-doanh-bao-hiem-p254205751.html?spid=259771445,51896,0.0,0,1,luật kinh tế; sách luật kinh tế; luật doanh nghiệp; pháp luật kinh doanh,,,,,0.6931
Bảo hiểm,bao hiem,Bảo hiểm nhân thọ,bao hiem nhan tho,3,tiki_book,195430105,Luật Kinh Doanh Bảo Hiểm (Bản in năm 2022),22.88,low,partial_course_tokens_in_title; exact_major_in_title,https://tiki.vn/luat-kinh-doanh-bao-hiem-ban-in-nam-2022-p195430105.html?spid=259771424,51896,0.0,0,1,luật kinh tế; pháp luật kinh doanh,,,,,0.6931
Bảo hiểm,bao hiem,Bảo hiểm nhân thọ,bao hiem nhan tho,1,ueh_repository,UEH/63650,Giải pháp hoàn thiện chiến lược marketing mix tại Công ty Bảo hiểm nhân thọ Generali Việt Nam,100.0,high,exact_course_in_title; exact_course_in_secondary_text; exact_major_in_title,https://digital.lib.ueh.edu.vn/handle/UEH/63650,,,,,,2022,MASTER'S THESES,0,Trần Thị Kim Thanh,
Bảo hiểm,bao hiem,Bảo hiểm nhân thọ,bao hiem nhan tho,2,ueh_repository,UEH/62656,Nghiên cứu sự hài lòng của khách hàng đối với dịch vụ bảo hiểm nhân thọ của Công ty Manulife Việt Nam được cung cấp bởi các ngân hàng đối tác,97.98,high,exact_course_in_title; partial_course_tokens_in_secondary_text; exact_major_in_title,https://digital.lib.ueh.edu.vn/handle/UEH/62656,,,,,,2021,MASTER'S THESES,0,Nguyễn Thị Kim Xuyến,
Bảo hiểm,bao hiem,Bảo hiểm nhân thọ,bao hiem nhan tho,3,ueh_repository,UEH/63321,Nghiên cứu sự ảnh hưởng của các áp lực công việc đối với hành vi bán hàng phi đạo đức trường hợp ngành bảo hiểm nhân thọ tại Việt Nam,94.16,high,exact_course_in_title; partial_course_tokens_in_secondary_text; exact_major_in_title,https://digital.lib.ueh.edu.vn/handle/UEH/63321,,,,,,2022,DISSERTATIONS,0,Nguyễn Thị Hồng,
Bảo hiểm,bao hiem,Bảo hiểm phi nhân thọ,bao hiem phi nhan tho,1,tiki_book,259771506,Luật Kinh Doanh Bảo Hiểm,18.98,low,partial_course_tokens_in_title; exact_major_in_title,https://tiki.vn/luat-kinh-doanh-bao-hiem-p259771506.html?spid=259771507,51896,1.0,1,1,luật kinh tế; pháp luật kinh doanh,,,,,2.7329
Bảo hiểm,bao hiem,Bảo hiểm phi nhân thọ,bao hiem phi nhan tho,2,tiki_book,254205751,Luật Kinh doanh bảo hiểm,18.98,low,partial_course_tokens_in_title; exact_major_in_title,https://tiki.vn/luat-kinh-doanh-bao-hiem-p254205751.html?spid=259771445,51896,0.0,0,1,luật kinh tế; sách luật kinh tế; luật doanh nghiệp; pháp luật kinh doanh,,,,,0.6931
Bảo hiểm,bao hiem,Bảo hiểm phi nhân thọ,bao hiem phi nhan tho,3,tiki_book,195430105,Luật Kinh Doanh Bảo Hiểm (Bản in năm 2022),18.98,low,partial_course_tokens_in_title; exact_major_in_title,https://tiki.vn/luat-kinh-doanh-bao-hiem-ban-in-nam-2022-p195430105.html?spid=259771424,51896,0.0,0,1,luật kinh tế; pháp luật kinh doanh,,,,,0.6931
Bảo hiểm,bao hiem,Bảo hiểm phi nhân thọ,bao hiem phi nhan tho,1,ueh_repository,UEH/62556,Rủi ro phí bảo hiểm và việc xác định khả năng thanh toán của các doanh nghiệp bảo hiểm phi nhân thọ tại Việt Nam,100.0,high,exact_course_in_title; exact_course_in_secondary_text; exact_major_in_title,https://digital.lib.ueh.edu.vn/handle/UEH/62556,,,,,,2021,MASTER'S THESES,0,Bùi Thị Tường Vy,
Bảo hiểm,bao hiem,Bảo hiểm phi nhân thọ,bao hiem phi nhan tho,2,ueh_repository,UEH/63650,Giải pháp hoàn thiện chiến lược marketing mix tại Công ty Bảo hiểm nhân thọ Generali Việt Nam,39.09,medium,partial_course_tokens_in_title; partial_course_tokens_in_secondary_text; exact_major_in_title,https://digital.lib.ueh.edu.vn/handle/UEH/63650,,,,,,2022,MASTER'S THESES,0,Trần Thị Kim Thanh,
Bảo hiểm,bao hiem,Bảo hiểm phi nhân thọ,bao hiem phi nhan tho,3,ueh_repository,UEH/63321,Nghiên cứu sự ảnh hưởng của các áp lực công việc đối với hành vi bán hàng phi đạo đức trường hợp ngành bảo hiểm nhân thọ tại Việt Nam,37.86,medium,partial_course_tokens_in_title; partial_course_tokens_in_secondary_text; exact_major_in_title,https://digital.lib.ueh.edu.vn/handle/UEH/63321,,,,,,2022,DISSERTATIONS,0,Nguyễn Thị Hồng,
Bảo hiểm,bao hiem,Quản trị rủi ro,quan tri rui ro,1,tiki_book,247287126,"Báo Cáo Tài Chính - Lập, Phân Tích Và Quản Trị Rủi Ro Về Thuế",81.78,high,exact_course_in_title; exact_course_in_secondary_text,https://tiki.vn/bao-cao-tai-chinh-lap-phan-tich-va-quan-tri-rui-ro-ve-thue-p247287126.html?spid=247287127,269000,0.0,0,3,phân tích tài chính; báo cáo tài chính; quản trị rủi ro ngân hàng,,,,,1.3863
Bảo hiểm,bao hiem,Quản trị rủi ro,quan tri rui ro,2,tiki_book,272436570,"Báo Cáo Tài Chính - Lập, Phân Tích Và Quản Trị Rủi Ro Về Thuế (14)",81.78,high,exact_course_in_title; exact_course_in_secondary_text,https://tiki.vn/bao-cao-tai-chinh-lap-phan-tich-va-quan-tri-rui-ro-ve-thue-14-p272436570.html?spid=273697517,268462,0.0,0,1,báo cáo tài chính; quản trị rủi ro ngân hàng,,,,,0.6931
Bảo hiểm,bao hiem,Quản trị rủi ro,quan tri rui ro,3,tiki_book,198591267,"Báo cáo tài chính - Lập, phân tích và quản trị rủi ro về thuế",81.78,high,exact_course_in_title; exact_course_in_secondary_text,https://tiki.vn/bao-cao-tai-chinh-lap-phan-tich-va-quan-tri-rui-ro-ve-thue-p198591267.html?spid=279341812,242100,0.0,0,,quản trị tài chính; phân tích tài chính; báo cáo tài chính; quản trị rủi ro ngân hàng; kiểm toán báo cáo tài chính,,,,,0.0
Bảo hiểm,bao hiem,Quản trị rủi ro,quan tri rui ro,1,ueh_repository,UEH/63686,Quản trị rủi ro tín dụng theo Basel II tại Ngân hàng TMCP Phương Đông,71.49,high,exact_course_in_title; exact_course_in_secondary_text,https://digital.lib.ueh.edu.vn/handle/UEH/63686,,,,,,2022,MASTER'S THESES,0,Lê Thanh Sơn,
Bảo hiểm,bao hiem,Quản trị rủi ro,quan tri rui ro,2,ueh_repository,UEH/63898,Quản trị rủi ro tín dụng tại Ngân hàng TMCP Tiên Phong trong điều kiện áp dụng Basel II,71.49,high,exact_course_in_title; exact_course_in_secondary_text,https://digital.lib.ueh.edu.vn/handle/UEH/63898,,,,,,2022,MASTER'S THESES,0,Phạm Thị Phương Anh,
Bảo hiểm,bao hiem,Quản trị rủi ro,quan tri rui ro,3,ueh_repository,UEH/62148,Quản trị rủi ro tín dụng theo chuẩn mực Basel II tại Ngân hàng TMCP Đầu tư và Phát triển Việt Nam,71.49,high,exact_course_in_title; exact_course_in_secondary_text,https://digital.lib.ueh.edu.vn/handle/UEH/62148,,,,,,2021,MASTER'S THESES,0,Nguyễn Minh Thư,
Bảo hiểm,bao hiem,Toán bảo hiểm,toan bao hiem,1,tiki_book,259771506,Luật Kinh Doanh Bảo Hiểm,33.93,medium,partial_course_tokens_in_title; exact_major_in_title,https://tiki.vn/luat-kinh-doanh-bao-hiem-p259771506.html?spid=259771507,51896,1.0,1,1,luật kinh tế; pháp luật kinh doanh,,,,,2.7329
Bảo hiểm,bao hiem,Toán bảo hiểm,toan bao hiem,2,tiki_book,254205751,Luật Kinh doanh bảo hiểm,33.93,medium,partial_course_tokens_in_title; exact_major_in_title,https://tiki.vn/luat-kinh-doanh-bao-hiem-p254205751.html?spid=259771445,51896,0.0,0,1,luật kinh tế; sách luật kinh tế; luật doanh nghiệp; pháp luật kinh doanh,,,,,0.6931
Bảo hiểm,bao hiem,Toán bảo hiểm,toan bao hiem,3,tiki_book,195430105,Luật Kinh Doanh Bảo Hiểm (Bản in năm 2022),33.93,medium,partial_course_tokens_in_title; exact_major_in_title,https://tiki.vn/luat-kinh-doanh-bao-hiem-ban-in-nam-2022-p195430105.html?spid=259771424,51896,0.0,0,1,luật kinh tế; pháp luật kinh doanh,,,,,0.6931
Bảo hiểm,bao hiem,Toán bảo hiểm,toan bao hiem,1,ueh_repository,UEH/62556,Rủi ro phí bảo hiểm và việc xác định khả năng thanh toán của các doanh nghiệp bảo hiểm phi nhân thọ tại Việt Nam,41.82,medium,partial_course_tokens_in_title; partial_course_tokens_in_secondary_text; exact_major_in_title,https://digital.lib.ueh.edu.vn/handle/UEH/62556,,,,,,2021,MASTER'S THESES,0,Bùi Thị Tường Vy,
Bảo hiểm,bao hiem,Toán bảo hiểm,toan bao hiem,2,ueh_repository,UEH/61129,Nâng cao chất lượng dịch vụ bảo hiểm y tế của Bảo hiểm xã hội huyện Châu Thành tỉnh Sóc Trăng,36.62,medium,partial_course_tokens_in_title; partial_course_tokens_in_secondary_text; exact_major_in_title,https://digital.lib.ueh.edu.vn/handle/UEH/61129,,,,,,2021,MASTER'S THESES,0,Nguyễn Quốc Khởi,
Bảo hiểm,bao hiem,Toán bảo hiểm,toan bao hiem,3,ueh_repository,UEH/63301,Trách nhiệm bồi thường của Doanh nghiệp Bảo hiểm trong Bảo hiểm bắt buộc trách nhiệm Dân sự của chủ xe cơ giới tại Việt Nam,36.62,medium,partial_course_tokens_in_title; partial_course_tokens_in_secondary_text; exact_major_in_title,https://digital.lib.ueh.edu.vn/handle/UEH/63301,,,,,,2021,MASTER'S THESES,0,Nguyễn Quang Trung,
Bảo hiểm,bao hiem,Tái bảo hiểm,tai bao hiem,1,tiki_book,90527686,"Luật Kinh Doanh Bảo Hiểm (Hiện Hành) (Sửa Đổi, Bổ Sung Năm 2010, 2019) - Tái Bản",35.9,medium,partial_course_tokens_in_title; exact_major_in_title,https://tiki.vn/luat-kinh-doanh-bao-hiem-hien-hanh-sua-doi-bo-sung-nam-2010-2019-tai-ban-p90527686.html?spid=259771435,51896,0.0,0,1,pháp luật kinh doanh,,,,,0.6931
Bảo hiểm,bao hiem,Tái bảo hiểm,tai bao hiem,2,tiki_book,259771506,Luật Kinh Doanh Bảo Hiểm,32.06,medium,partial_course_tokens_in_title; exact_major_in_title,https://tiki.vn/luat-kinh-doanh-bao-hiem-p259771506.html?spid=259771507,51896,1.0,1,1,luật kinh tế; pháp luật kinh doanh,,,,,2.7329
Bảo hiểm,bao hiem,Tái bảo hiểm,tai bao hiem,3,tiki_book,254205751,Luật Kinh doanh bảo hiểm,32.06,medium,partial_course_tokens_in_title; exact_major_in_title,https://tiki.vn/luat-kinh-doanh-bao-hiem-p254205751.html?spid=259771445,51896,0.0,0,1,luật kinh tế; sách luật kinh tế; luật doanh nghiệp; pháp luật kinh doanh,,,,,0.6931
Bảo hiểm,bao hiem,Tái bảo hiểm,tai bao hiem,1,ueh_repository,UEH/61638,Tác động của quản trị tri thức đến kết quả công việc của nhân viên:|bnghiên cứu trường hợp tại Bảo hiểm xã hội Tỉnh Bình Dương,95.14,high,exact_course_in_title; partial_course_tokens_in_secondary_text; exact_major_in_title,https://digital.lib.ueh.edu.vn/handle/UEH/61638,,,,,,2021,MASTER'S THESES,0,Nguyễn Thị Tuyết Mai,
Bảo hiểm,bao hiem,Tái bảo hiểm,tai bao hiem,2,ueh_repository,UEH/61321,"Giải pháp phát triển Bảo hiểm y tế, Bảo hiểm xã hội tự nguyện tại Bảo Hiểm Xã Hội tỉnh Vĩnh Long",95.14,high,exact_course_in_title; partial_course_tokens_in_secondary_text; exact_major_in_title,https://digital.lib.ueh.edu.vn/handle/UEH/61321,,,,,,2020,MASTER'S THESES,0,Quảng Văn Hiếu,
Bảo hiểm,bao hiem,Tái bảo hiểm,tai bao hiem,3,ueh_repository,UEH/61339,Nhận dạng năng lực nguồn nhân lực tại Bảo hiểm xã hội tỉnh Đồng Nai,94.39,high,exact_course_in_title; partial_course_tokens_in_secondary_text; exact_major_in_title,https://digital.lib.ueh.edu.vn/handle/UEH/61339,,,,,,2020,MASTER'S THESES,0,Võ Triều Dương,
Bảo hiểm,bao hiem,Định phí bảo hiểm,dinh phi bao hiem,1,tiki_book,259771506,Luật Kinh Doanh Bảo Hiểm,23.41,low,partial_course_tokens_in_title; exact_major_in_title,https://tiki.vn/luat-kinh-doanh-bao-hiem-p259771506.html?spid=259771507,51896,1.0,1,1,luật kinh tế; pháp luật kinh doanh,,,,,2.7329
Bảo hiểm,bao hiem,Định phí bảo hiểm,dinh phi bao hiem,2,tiki_book,254205751,Luật Kinh doanh bảo hiểm,23.41,low,partial_course_tokens_in_title; exact_major_in_title,https://tiki.vn/luat-kinh-doanh-bao-hiem-p254205751.html?spid=259771445,51896,0.0,0,1,luật kinh tế; sách luật kinh tế; luật doanh nghiệp; pháp luật kinh doanh,,,,,0.6931
Bảo hiểm,bao hiem,Định phí bảo hiểm,dinh phi bao hiem,3,tiki_book,195430105,Luật Kinh Doanh Bảo Hiểm (Bản in năm 2022),23.41,low,partial_course_tokens_in_title; exact_major_in_title,https://tiki.vn/luat-kinh-doanh-bao-hiem-ban-in-nam-2022-p195430105.html?spid=259771424,51896,0.0,0,1,luật kinh tế; pháp luật kinh doanh,,,,,0.6931
Bảo hiểm,bao hiem,Định phí bảo hiểm,dinh phi bao hiem,1,ueh_repository,UEH/62556,Rủi ro phí bảo hiểm và việc xác định khả năng thanh toán của các doanh nghiệp bảo hiểm phi nhân thọ tại Việt Nam,55.62,medium,partial_course_tokens_in_title; strong_course_tokens_in_secondary_text; exact_major_in_title,https://digital.lib.ueh.edu.vn/handle/UEH/62556,,,,,,2021,MASTER'S THESES,0,Bùi Thị Tường Vy,
Bảo hiểm,bao hiem,Định phí bảo hiểm,dinh phi bao hiem,2,ueh_repository,UEH/63515,Các nhân tố ảnh hưởng đến quyết định tham gia bảo hiểm xã hội tự nguyện của người dân trên địa bàn tỉnh Sóc Trăng,27.85,medium,partial_course_tokens_in_title; partial_course_tokens_in_secondary_text; exact_major_in_title,https://digital.lib.ueh.edu.vn/handle/UEH/63515,,,,,,2022,MASTER'S THESES,0,Đỗ Thị Trúc Linh,
Bảo hiểm,bao hiem,Định phí bảo hiểm,dinh phi bao hiem,3,ueh_repository,UEH/63321,Nghiên cứu sự ảnh hưởng của các áp lực công việc đối với hành vi bán hàng phi đạo đức trường hợp ngành bảo hiểm nhân thọ tại Việt Nam,27.31,medium,partial_course_tokens_in_title; partial_course_tokens_in_secondary_text; exact_major_in_title,https://digital.lib.ueh.edu.vn/handle/UEH/63321,,,,,,2022,DISSERTATIONS,0,Nguyễn Thị Hồng,
Bất động sản,bat dong san,Luật kinh doanh bất động sản,luat kinh doanh bat dong san,1,tiki_book,273587041,Luật Kinh doanh bất động sản (Hiện hành),76.89,high,exact_course_in_title; partial_course_tokens_in_secondary_text; exact_major_in_title,https://tiki.vn/luat-kinh-doanh-bat-dong-san-hien-hanh-sua-doi-bo-sung-nam-2020-p273587041.html?spid=273587042,39000,5.0,1,36,luật lao động; pháp luật kinh doanh,,,,,9.6506
Bất động sản,bat dong san,Luật kinh doanh bất động sản,luat kinh doanh bat dong san,2,tiki_book,273891502,LUẬT KINH DOANH BẤT ĐỘNG SẢN - LUẬT CĂN CƯỚC - LUẬT VIỄN THÔNG - NXB Chính Trị Quốc Gia Sự Thật,76.89,high,exact_course_in_title; partial_course_tokens_in_secondary_text; exact_major_in_title,https://tiki.vn/luat-kinh-doanh-bat-dong-san-luat-can-cuoc-luat-vien-thong-nxb-chinh-tri-quoc-gia-su-that-p273891502.html?spid=273891506,21000,0.0,0,1,luật kinh tế; luật lao động; pháp luật kinh doanh,,,,,0.6931
Bất động sản,bat dong san,Luật kinh doanh bất động sản,luat kinh doanh bat dong san,3,tiki_book,274355453,"Luật đất đai, Luật nhà ở, Luật kinh doanh bất động sản (được Quốc hội khóa XV thông qua)",76.08,high,exact_course_in_title; partial_course_tokens_in_secondary_text; exact_major_in_title,https://tiki.vn/luat-dat-dai-luat-nha-o-luat-kinh-doanh-bat-dong-san-duoc-quoc-hoi-khoa-xv-thong-qua-p274355453.html?spid=275863143,260000,5.0,1,12,pháp luật kinh doanh,,,,,8.6047
Bất động sản,bat dong san,Luật kinh doanh bất động sản,luat kinh doanh bat dong san,1,ueh_repository,UEH/62779,Nhân tố tác động đến mức độ công bố thông tin kế toán trong mối liên hệ với năng lực cạnh tranh – Bằng chứng thực nghiệm tại các doanh nghiệp xây dựng và kinh doanh bất động sản niêm yết trên Thị trường Chứng khoán Việt Nam,48.9,medium,partial_course_tokens_in_title; strong_course_tokens_in_secondary_text; exact_major_in_title,https://digital.lib.ueh.edu.vn/handle/UEH/62779,,,,,,2021,DISSERTATIONS,0,Nguyễn Văn Bảo,
Bất động sản,bat dong san,Luật kinh doanh bất động sản,luat kinh doanh bat dong san,2,ueh_repository,UEH/61371,Hoạch định chiến lược kinh doanh bất động sản tại Công ty Cổ phần Thống Nhất đến năm 2025,48.9,medium,partial_course_tokens_in_title; strong_course_tokens_in_secondary_text; exact_major_in_title,https://digital.lib.ueh.edu.vn/handle/UEH/61371,,,,,,2020,MASTER'S THESES,0,Nguyễn Biên Cương,
Bất động sản,bat dong san,Luật kinh doanh bất động sản,luat kinh doanh bat dong san,3,ueh_repository,UEH/63919,Mối quan hệ kết nối mạng lưới giữa vốn xã hội ngoài doanh nghiệp và tăng trưởng kinh doanh: Nghiên cứu các doanh nghiệp bất động sản nhà ở tại Đồng bằng Sông Cửu Long,31.67,medium,partial_course_tokens_in_title; partial_course_tokens_in_secondary_text; exact_major_in_title,https://digital.lib.ueh.edu.vn/handle/UEH/63919,,,,,,2022,DISSERTATIONS,0,Lê Thanh Tùng,
Bất động sản,bat dong san,Quản lý dự án BĐS,quan ly du an bds,1,tiki_book,275863881,6 Bí Quyết Quản Lý Dự Án Hiệu Quả,36.71,medium,partial_course_tokens_in_title; partial_course_tokens_in_secondary_text,https://tiki.vn/sach-6-bi-quyet-quan-ly-du-an-hieu-qua-p275863881.html?spid=275863882,44000,5.0,1,19,quản trị dự án,,,,,9.0355
Bất động sản,bat dong san,Quản lý dự án BĐS,quan ly du an bds,2,tiki_book,279112556,- Quản Trị Dự Án dành cho Quản Lý Dự Án Không Chuyên - Project Management for the Unofficial Project Manager,36.71,medium,partial_course_tokens_in_title; partial_course_tokens_in_secondary_text,https://tiki.vn/sach-quan-tri-du-an-danh-cho-quan-ly-du-an-khong-chuyen-project-management-for-the-unofficial-project-manager-p279112556.html?spid=279112557,158400,5.0,1,2,operations management; human resource management; quản trị dự án; project management; management accounting; supply chain management; tourism management; hotel management; restaurant management,,,,,7.1383
Bất động sản,bat dong san,Quản lý dự án BĐS,quan ly du an bds,3,tiki_book,5404379,Quản Lý Dự Án Thành Công,36.71,medium,partial_course_tokens_in_title; partial_course_tokens_in_secondary_text,https://tiki.vn/quan-ly-du-an-thanh-cong-p5404379.html?spid=5477153,73870,0.0,0,43,quản trị dự án,,,,,3.7842
Bất động sản,bat dong san,Quản lý dự án BĐS,quan ly du an bds,1,ueh_repository,UEH/62960,Nâng cao quản trị rủi ro các dự án đầu tư tại Ban quản lý dự án hạ tầng II – Tổng công ty Hạ tầng mạng (VNPT NET),37.83,medium,partial_course_tokens_in_title; partial_course_tokens_in_secondary_text,https://digital.lib.ueh.edu.vn/handle/UEH/62960,,,,,,2021,MASTER'S THESES,0,Trần Minh Hậu,
Bất động sản,bat dong san,Quản lý dự án BĐS,quan ly du an bds,2,ueh_repository,UEH/63382,Tác động của sự tham gia vào dự toán ngân sách đến kết quả công việc của quản lý cấp trung và cấp cơ sở tại các doanh nghiệp Việt Nam: Vai trò của các biến can thiệp,16.17,low,partial_course_tokens_in_title; partial_course_tokens_in_secondary_text,https://digital.lib.ueh.edu.vn/handle/UEH/63382,,,,,,2021,MASTER'S THESES,0,Nguyễn Thị Thanh Tý,
Bất động sản,bat dong san,Quản lý dự án BĐS,quan ly du an bds,3,ueh_repository,UEH/63680,Quản lý vốn ngân sách nhà nước đối với dự án đầu tư xây dựng các tuyến đường sắt đô thị tại Thành phố Hồ Chí Minh,16.05,low,partial_course_tokens_in_title; partial_course_tokens_in_secondary_text,https://digital.lib.ueh.edu.vn/handle/UEH/63680,,,,,,2022,MASTER'S THESES,0,Bùi Bá Thịnh,
Bất động sản,bat dong san,Thị trường bất động sản,thi truong bat dong san,1,tiki_book,277426522,Luật Kinh doanh bất động sản và văn bản hướng dẫn thi hành,31.4,medium,partial_course_tokens_in_title; exact_major_in_title,https://tiki.vn/luat-kinh-doanh-bat-dong-san-va-van-ban-huong-dan-thi-hanh-p277426522.html?spid=277426523,180000,0.0,0,2,pháp luật kinh doanh,,,,,1.0986
Bất động sản,bat dong san,Thị trường bất động sản,thi truong bat dong san,2,tiki_book,276310119,LUẬT KINH DOANH BẤT ĐỘNG SẢN VÀ VĂN BẢN HƯỚNG DẪN THI HÀNH LUẬT,31.4,medium,partial_course_tokens_in_title; exact_major_in_title,https://tiki.vn/luat-kinh-doanh-bat-dong-san-va-van-ban-huong-dan-thi-hanh-luat-p276310119.html?spid=276503961,270000,0.0,0,1,luật kinh tế; pháp luật kinh doanh,,,,,0.6931
Bất động sản,bat dong san,Thị trường bất động sản,thi truong bat dong san,3,tiki_book,273587041,Luật Kinh doanh bất động sản (Hiện hành),29.59,low,partial_course_tokens_in_title; partial_course_tokens_in_secondary_text; exact_major_in_title,https://tiki.vn/luat-kinh-doanh-bat-dong-san-hien-hanh-sua-doi-bo-sung-nam-2020-p273587041.html?spid=273587042,39000,5.0,1,36,luật lao động; pháp luật kinh doanh,,,,,9.6506
Bất động sản,bat dong san,Thị trường bất động sản,thi truong bat dong san,1,ueh_repository,UEH/62779,Nhân tố tác động đến mức độ công bố thông tin kế toán trong mối liên hệ với năng lực cạnh tranh – Bằng chứng thực nghiệm tại các doanh nghiệp xây dựng và kinh doanh bất động sản niêm yết trên Thị trường Chứng khoán Việt Nam,47.56,medium,partial_course_tokens_in_title; partial_course_tokens_in_secondary_text; exact_major_in_title,https://digital.lib.ueh.edu.vn/handle/UEH/62779,,,,,,2021,DISSERTATIONS,0,Nguyễn Văn Bảo,
Bất động sản,bat dong san,Thị trường bất động sản,thi truong bat dong san,2,ueh_repository,UEH/63717,Các yếu tố tài chính tác động đến rủi ro phá sản của các doanh nghiệp ngành xây dựng và bất động sản niêm yết trên thị trường chứng khoán Việt Nam,45.39,medium,partial_course_tokens_in_title; partial_course_tokens_in_secondary_text; exact_major_in_title,https://digital.lib.ueh.edu.vn/handle/UEH/63717,,,,,,2022,MASTER'S THESES,0,Trương Thế Quang,
Bất động sản,bat dong san,Thị trường bất động sản,thi truong bat dong san,3,ueh_repository,UEH/63919,Mối quan hệ kết nối mạng lưới giữa vốn xã hội ngoài doanh nghiệp và tăng trưởng kinh doanh: Nghiên cứu các doanh nghiệp bất động sản nhà ở tại Đồng bằng Sông Cửu Long,39.46,medium,partial_course_tokens_in_title; partial_course_tokens_in_secondary_text; exact_major_in_title,https://digital.lib.ueh.edu.vn/handle/UEH/63919,,,,,,2022,DISSERTATIONS,0,Lê Thanh Tùng,
Bất động sản,bat dong san,Tài chính bất động sản,tai chinh bat dong san,1,tiki_book,273891502,LUẬT KINH DOANH BẤT ĐỘNG SẢN - LUẬT CĂN CƯỚC - LUẬT VIỄN THÔNG - NXB Chính Trị Quốc Gia Sự Thật,28.83,low,partial_course_tokens_in_title; partial_course_tokens_in_secondary_text; exact_major_in_title,https://tiki.vn/luat-kinh-doanh-bat-dong-san-luat-can-cuoc-luat-vien-thong-nxb-chinh-tri-quoc-gia-su-that-p273891502.html?spid=273891506,21000,0.0,0,1,luật kinh tế; luật lao động; pháp luật kinh doanh,,,,,0.6931
Bất động sản,bat dong san,Tài chính bất động sản,tai chinh bat dong san,2,tiki_book,209431131,Đầu tư bất động sản (Tái bản 2021) - Bản Quyền,27.57,low,partial_course_tokens_in_title; exact_major_in_title,https://tiki.vn/dau-tu-bat-dong-san-tai-ban-2021-ban-quyen-p209431131.html?spid=209431132,169000,0.0,0,,đầu tư,,,,,0.0
Bất động sản,bat dong san,Tài chính bất động sản,tai chinh bat dong san,3,tiki_book,273587041,Luật Kinh doanh bất động sản (Hiện hành),26.86,low,partial_course_tokens_in_title; partial_course_tokens_in_secondary_text; exact_major_in_title,https://tiki.vn/luat-kinh-doanh-bat-dong-san-hien-hanh-sua-doi-bo-sung-nam-2020-p273587041.html?spid=273587042,39000,5.0,1,36,luật lao động; pháp luật kinh doanh,,,,,9.6506
Bất động sản,bat dong san,Tài chính bất động sản,tai chinh bat dong san,1,ueh_repository,UEH/63717,Các yếu tố tài chính tác động đến rủi ro phá sản của các doanh nghiệp ngành xây dựng và bất động sản niêm yết trên thị trường chứng khoán Việt Nam,32.48,medium,partial_course_tokens_in_title; partial_course_tokens_in_secondary_text; exact_major_in_title,https://digital.lib.ueh.edu.vn/handle/UEH/63717,,,,,,2022,MASTER'S THESES,0,Trương Thế Quang,
Bất động sản,bat dong san,Tài chính bất động sản,tai chinh bat dong san,2,ueh_repository,UEH/63470,Sự ảnh hưởng của đòn bẩy tài chính đến các quyết định đầu tư tại các công ty ngành bất động sản - xây dựng ở Việt Nam,31.53,medium,partial_course_tokens_in_title; partial_course_tokens_in_secondary_text; exact_major_in_title,https://digital.lib.ueh.edu.vn/handle/UEH/63470,,,,,,2022,MASTER'S THESES,0,Hoàng Thanh Hiền,
Bất động sản,bat dong san,Tài chính bất động sản,tai chinh bat dong san,3,ueh_repository,UEH/63742,Các nhân tố ảnh hưởng đến tính minh bạch thông tin BCTC của các công ty niêm yết ngành bất động sản tại Thành phố Hồ Chí Minh trong bối cảnh Covid – 19,28.48,medium,partial_course_tokens_in_title; partial_course_tokens_in_secondary_text; exact_major_in_title,https://digital.lib.ueh.edu.vn/handle/UEH/63742,,,,,,2022,MASTER'S THESES,0,Trần Thị Mỹ Thảo,
Bất động sản,bat dong san,Đầu tư bất động sản,dau tu bat dong san,1,tiki_book,209431131,Đầu tư bất động sản (Tái bản 2021) - Bản Quyền,72.35,high,exact_course_in_title; partial_course_tokens_in_secondary_text; exact_major_in_title,https://tiki.vn/dau-tu-bat-dong-san-tai-ban-2021-ban-quyen-p209431131.html?spid=209431132,169000,0.0,0,,đầu tư,,,,,0.0
Bất động sản,bat dong san,Đầu tư bất động sản,dau tu bat dong san,2,tiki_book,273587041,Luật Kinh doanh bất động sản (Hiện hành),26.33,low,partial_course_tokens_in_title; partial_course_tokens_in_secondary_text; exact_major_in_title,https://tiki.vn/luat-kinh-doanh-bat-dong-san-hien-hanh-sua-doi-bo-sung-nam-2020-p273587041.html?spid=273587042,39000,5.0,1,36,luật lao động; pháp luật kinh doanh,,,,,9.6506
Bất động sản,bat dong san,Đầu tư bất động sản,dau tu bat dong san,3,tiki_book,273891502,LUẬT KINH DOANH BẤT ĐỘNG SẢN - LUẬT CĂN CƯỚC - LUẬT VIỄN THÔNG - NXB Chính Trị Quốc Gia Sự Thật,26.33,low,partial_course_tokens_in_title; partial_course_tokens_in_secondary_text; exact_major_in_title,https://tiki.vn/luat-kinh-doanh-bat-dong-san-luat-can-cuoc-luat-vien-thong-nxb-chinh-tri-quoc-gia-su-that-p273891502.html?spid=273891506,21000,0.0,0,1,luật kinh tế; luật lao động; pháp luật kinh doanh,,,,,0.6931
Bất động sản,bat dong san,Đầu tư bất động sản,dau tu bat dong san,1,ueh_repository,UEH/62706,Xây dựng các chiến lược phát triển kinh doanh giai đoạn 2020 - 2025 của Công ty Cổ phần Đầu tư Bất động sản Hưng Lộc Phát,74.29,high,exact_course_in_title; partial_course_tokens_in_secondary_text; exact_major_in_title,https://digital.lib.ueh.edu.vn/handle/UEH/62706,,,,,,2021,MASTER'S THESES,0,Trần Thị Nhật Lệ,
Bất động sản,bat dong san,Đầu tư bất động sản,dau tu bat dong san,2,ueh_repository,UEH/63470,Sự ảnh hưởng của đòn bẩy tài chính đến các quyết định đầu tư tại các công ty ngành bất động sản - xây dựng ở Việt Nam,35.95,medium,partial_course_tokens_in_title; partial_course_tokens_in_secondary_text; exact_major_in_title,https://digital.lib.ueh.edu.vn/handle/UEH/63470,,,,,,2022,MASTER'S THESES,0,Hoàng Thanh Hiền,
Bất động sản,bat dong san,Đầu tư bất động sản,dau tu bat dong san,3,ueh_repository,UEH/61249,Hạn chế rủi ro trong cho vay dự án bất động sản tại ngân hàng TMCP đầu tư và phát triển Việt Nam chi nhánh Ba Tháng Hai thông qua việc kiểm soát nguồn thu,34.44,medium,partial_course_tokens_in_title; partial_course_tokens_in_secondary_text; exact_major_in_title,https://digital.lib.ueh.edu.vn/handle/UEH/61249,,,,,,2020,MASTER'S THESES,0,Đoàn Thị Phương Quỳnh,
Bất động sản,bat dong san,Định giá bất động sản,dinh gia bat dong san,1,tiki_book,273891502,LUẬT KINH DOANH BẤT ĐỘNG SẢN - LUẬT CĂN CƯỚC - LUẬT VIỄN THÔNG - NXB Chính Trị Quốc Gia Sự Thật,32.43,medium,partial_course_tokens_in_title; partial_course_tokens_in_secondary_text; exact_major_in_title,https://tiki.vn/luat-kinh-doanh-bat-dong-san-luat-can-cuoc-luat-vien-thong-nxb-chinh-tri-quoc-gia-su-that-p273891502.html?spid=273891506,21000,0.0,0,1,luật kinh tế; luật lao động; pháp luật kinh doanh,,,,,0.6931
Bất động sản,bat dong san,Định giá bất động sản,dinh gia bat dong san,2,tiki_book,273587041,Luật Kinh doanh bất động sản (Hiện hành),29.65,low,partial_course_tokens_in_title; partial_course_tokens_in_secondary_text; exact_major_in_title,https://tiki.vn/luat-kinh-doanh-bat-dong-san-hien-hanh-sua-doi-bo-sung-nam-2020-p273587041.html?spid=273587042,39000,5.0,1,36,luật lao động; pháp luật kinh doanh,,,,,9.6506
Bất động sản,bat dong san,Định giá bất động sản,dinh gia bat dong san,3,tiki_book,274355453,"Luật đất đai, Luật nhà ở, Luật kinh doanh bất động sản (được Quốc hội khóa XV thông qua)",28.66,low,partial_course_tokens_in_title; exact_major_in_title,https://tiki.vn/luat-dat-dai-luat-nha-o-luat-kinh-doanh-bat-dong-san-duoc-quoc-hoi-khoa-xv-thong-qua-p274355453.html?spid=275863143,260000,5.0,1,12,pháp luật kinh doanh,,,,,8.6047
Bất động sản,bat dong san,Định giá bất động sản,dinh gia bat dong san,1,ueh_repository,UEH/62516,Ứng dụng Big Data và ai trong xây dựng và khai thác cơ sở dữ liệu quốc gia về giá bất động sản tại Việt Nam,50.72,medium,partial_course_tokens_in_title; partial_course_tokens_in_secondary_text; exact_major_in_title,https://digital.lib.ueh.edu.vn/handle/UEH/62516,,,,,,2021,Book Series,0,Nguyễn Quỳnh Hoa; Huỳnh Kiều Tiên; Hay Sinh; Trần Bích Vân; Nguyễn Kim Đức; Nguyễn Thị Tuyết Nhung,
Bất động sản,bat dong san,Định giá bất động sản,dinh gia bat dong san,2,ueh_repository,UEH/61371,Hoạch định chiến lược kinh doanh bất động sản tại Công ty Cổ phần Thống Nhất đến năm 2025,36.49,medium,partial_course_tokens_in_title; partial_course_tokens_in_secondary_text; exact_major_in_title,https://digital.lib.ueh.edu.vn/handle/UEH/61371,,,,,,2020,MASTER'S THESES,0,Nguyễn Biên Cương,
Bất động sản,bat dong san,Định giá bất động sản,dinh gia bat dong san,3,ueh_repository,UEH/61434,Giải pháp nâng cao giá trị thương hiệu bất động sản công nghiệp Sonadezi Long Thành tại Đồng Nai,36.32,medium,partial_course_tokens_in_title; partial_course_tokens_in_secondary_text; exact_major_in_title,https://digital.lib.ueh.edu.vn/handle/UEH/61434,,,,,,2021,MASTER'S THESES,0,Lê Xuân Thạch,
Công nghệ Marketing,cong nghe marketing,Content Marketing,content marketing,1,tiki_book,143947061,Combo Content Marketing: ( Content bạc tỷ + Content Marketing trong kỷ nguyên 4.0),100.0,high,exact_course_in_title; exact_course_in_secondary_text,https://tiki.vn/combo-content-marketing-content-bac-ty-content-marketing-trong-ky-nguyen-4-0-p143947061.html?spid=143947062,261000,4.6,5,99,content marketing,,,,,11.8928
Công nghệ Marketing,cong nghe marketing,Content Marketing,content marketing,2,tiki_book,197623996,Content Marketing Trong Kỷ Nguyên 4.0,100.0,high,exact_course_in_title; exact_course_in_secondary_text,https://tiki.vn/content-marketing-trong-ky-nguyen-4-0-p197623996.html?spid=197623997,126750,5.0,2,69,content marketing,,,,,10.8964
Công nghệ Marketing,cong nghe marketing,Content Marketing,content marketing,3,tiki_book,122489015,"Content Marketing 4.0: Nội dung hay, bán bay kho hàng (Tặng kèm khóa học online)",100.0,high,exact_course_in_title; exact_course_in_secondary_text,https://tiki.vn/content-marketing-4-0-noi-dung-hay-ban-bay-kho-hang-tang-kem-khoa-hoc-online-p122489015.html?spid=164092081,149240,5.0,1,55,content marketing,,,,,10.0651
Công nghệ Marketing,cong nghe marketing,Content Marketing,content marketing,1,ueh_repository,UEH/63127,Nghiên cứu ảnh hưởng của nhận định giá trị các hoạt động Marketing nội dung trên Mạng xã hội đến đánh giá trải nghiệm và lòng trung thành thương hiệu của khách hàng,44.32,medium,partial_course_tokens_in_title; exact_course_in_secondary_text,https://digital.lib.ueh.edu.vn/handle/UEH/63127,,,,,,2021,MASTER'S THESES,0,Phan Thắng,
Công nghệ Marketing,cong nghe marketing,Content Marketing,content marketing,2,ueh_repository,UEH/63419,Các giải pháp nâng cao hiệu quả hoạt động marketing trực tuyến của Công ty TNHH AB Mauri Việt Nam,23.86,low,partial_course_tokens_in_title; partial_course_tokens_in_secondary_text,https://digital.lib.ueh.edu.vn/handle/UEH/63419,,,,,,2021,MASTER'S THESES,0,Trần Thị Bích Loan,
Công nghệ Marketing,cong nghe marketing,Content Marketing,content marketing,3,ueh_repository,UEH/63295,Giải pháp hoàn thiện hoạt động marketing trực tuyến tại công ty TNHH TM&DV NgPower đến năm 2025,23.75,low,partial_course_tokens_in_title; partial_course_tokens_in_secondary_text,https://digital.lib.ueh.edu.vn/handle/UEH/63295,,,,,,2021,MASTER'S THESES,0,Nguyễn Văn Thành,
Công nghệ Marketing,cong nghe marketing,Hành vi người tiêu dùng,hanh vi nguoi tieu dung,1,tiki_book,279085060,"Quy định pháp luật về xử phạt vi phạm trong hoạt động thương mại, sản xuất, buôn bán hàng giả, hàng cấm và bảo vệ quyền lợi người tiêu dùng",37.52,medium,partial_course_tokens_in_title,https://tiki.vn/quy-dinh-phap-luat-ve-xu-phat-vi-pham-trong-hoat-dong-thuong-mai-san-xuat-buon-ban-hang-gia-hang-cam-va-bao-ve-quyen-loi-nguoi-tieu-dung-p279085060.html?spid=279085062,100000,0.0,0,1,luật thương mại,,,,,0.6931
Công nghệ Marketing,cong nghe marketing,Hành vi người tiêu dùng,hanh vi nguoi tieu dung,2,tiki_book,279084801,"Quy định pháp luật về xử phạt vi phạm trong hoạt động thương mại, sản xuất, buôn bán hàng giả, hàng cấm và bảo vệ quyền lợi người tiêu dùng",37.52,medium,partial_course_tokens_in_title,https://tiki.vn/quy-dinh-phap-luat-ve-xu-phat-vi-pham-trong-hoat-dong-thuong-mai-san-xuat-buon-ban-hang-gia-hang-cam-va-bao-ve-quyen-loi-nguoi-tieu-dung-p279084801.html?spid=279084802,100000,0.0,0,,luật thương mại,,,,,0.0
Công nghệ Marketing,cong nghe marketing,Hành vi người tiêu dùng,hanh vi nguoi tieu dung,3,tiki_book,279395056,"- Hành Vi Tổ Chức - Con Người, Công Nghệ Và Sự Thịnh Vượng - Organizational Behavior",16.48,low,partial_course_tokens_in_title; major_context_tokens,https://tiki.vn/sach-hanh-vi-to-chuc-con-nguoi-cong-nghe-va-su-thinh-vuong-organizational-behavior-p279395056.html?spid=279395057,425000,0.0,0,,consumer behavior,,,,,0.0
Công nghệ Marketing,cong nghe marketing,Hành vi người tiêu dùng,hanh vi nguoi tieu dung,1,ueh_repository,UEH/63184,Xử lý hành vi xâm phạm quyền sở hữu công nghiệp đối với nhãn hiệu - Từ góc độ bảo vệ quyền lợi người tiêu dùng,56.42,medium,strong_course_tokens_in_title; strong_course_tokens_in_secondary_text,https://digital.lib.ueh.edu.vn/handle/UEH/63184,,,,,,2021,MASTER'S THESES,0,Thiệu Văn Hùng,
Công nghệ Marketing,cong nghe marketing,Hành vi người tiêu dùng,hanh vi nguoi tieu dung,2,ueh_repository,UEH/62982,Các yếu tố ảnh hưởng đến hành vi mua hàng ngẫu hứng trực tuyến của người tiêu dùng tại Thành phố Hồ Chí Minh,56.27,medium,strong_course_tokens_in_title; strong_course_tokens_in_secondary_text,https://digital.lib.ueh.edu.vn/handle/UEH/62982,,,,,,2021,MASTER'S THESES,0,Trần Thị Trúc Diệp,
Công nghệ Marketing,cong nghe marketing,Hành vi người tiêu dùng,hanh vi nguoi tieu dung,3,ueh_repository,UEH/61412,Nghiên cứu hành vi mua sắm trực tuyến của người tiêu dùng tại TP. Hồ Chí Minh ngành hàng thời trang,56.23,medium,strong_course_tokens_in_title; strong_course_tokens_in_secondary_text,https://digital.lib.ueh.edu.vn/handle/UEH/61412,,,,,,2021,MASTER'S THESES,0,Phạm Thị Phú,
Công nghệ Marketing,cong nghe marketing,Marketing số,marketing so,1,tiki_book,257847632,Digital Marketing thực chiến,29.54,low,partial_course_tokens_in_title; exact_course_in_secondary_text,https://tiki.vn/sach-digital-marketing-thuc-chien-p257847632.html?spid=257847633,107650,5.0,1,77,sách marketing; digital marketing; social media marketing; digital banking; digital commerce,,,,,10.3964
Công nghệ Marketing,cong nghe marketing,Marketing số,marketing so,2,tiki_book,255175542,Digital Marketing Thực Chiến,29.54,low,partial_course_tokens_in_title; exact_course_in_secondary_text,https://tiki.vn/digital-marketing-thuc-chien-p255175542.html?spid=255175543,119250,5.0,1,25,digital marketing; social media marketing; digital banking; digital commerce,,,,,9.2978
Công nghệ Marketing,cong nghe marketing,Marketing số,marketing so,3,tiki_book,255175884,Digital Marketing Thực Chiến,29.54,low,partial_course_tokens_in_title; exact_course_in_secondary_text,https://tiki.vn/digital-marketing-thuc-chien-p255175884.html?spid=255175885,119250,0.0,0,9,digital marketing; social media marketing; digital banking; digital commerce,,,,,2.3026
Công nghệ Marketing,cong nghe marketing,Marketing số,marketing so,1,ueh_repository,UEH/61563,Lack of digital marketing staff at Mobifone Service Company Region 8,21.5,low,partial_course_tokens_in_title; partial_course_tokens_in_secondary_text,https://digital.lib.ueh.edu.vn/handle/UEH/61563,,,,,,2021,MASTER'S THESES,0,Nguyen Hai Dang,
Công nghệ Marketing,cong nghe marketing,Marketing số,marketing so,2,ueh_repository,UEH/63804,Effect of digital banking-related customer experience on banks’ financial performance during Covid-19: a perspective from Vietnam,7.18,low,partial_course_tokens_in_title; partial_course_tokens_in_secondary_text,https://digital.lib.ueh.edu.vn/handle/UEH/63804,,,,,,2022,INTERNATIONAL PUBLICATIONS,0,Nguyen Thi Hong Nhung; Nguyen Kim Duc; Teresa Lien Freiburghaus,
Công nghệ Marketing,cong nghe marketing,Marketing số,marketing so,3,ueh_repository,UEH/61734,Multidimensional perspective of firms’ IT capability between digital business strategy and firms’ efficiency: A case of Chinese SMEs,7.18,low,partial_course_tokens_in_title; partial_course_tokens_in_secondary_text,https://digital.lib.ueh.edu.vn/handle/UEH/61734,,,,,,2020,INTERNATIONAL PUBLICATIONS,0,Wang Z.; Rafait Mahmood M.; Ullah H.; Hanif I.; Abbas Q.; Mohsin M.,
Công nghệ Marketing,cong nghe marketing,Marketing trải nghiệm,marketing trai nghiem,1,tiki_book,184588982,Content Marketing Trong Kỷ Nguyên Trải Nghiệm Khách Hàng,40.81,medium,partial_course_tokens_in_title; partial_course_tokens_in_secondary_text,https://tiki.vn/content-marketing-trong-ky-nguyen-trai-nghiem-khach-hang-p184588982.html?spid=213587833,149000,0.0,0,1,content marketing,,,,,0.6931
Công nghệ Marketing,cong nghe marketing,Marketing trải nghiệm,marketing trai nghiem,2,tiki_book,201856178,Content Marketing Trong Kỷ Nguyên Trải Nghiệm Khách Hàng,40.81,medium,partial_course_tokens_in_title; partial_course_tokens_in_secondary_text,https://tiki.vn/sach-content-marketing-trong-ky-nguyen-trai-nghiem-khach-hang-p201856178.html?spid=277111975,149000,0.0,0,,content marketing,,,,,0.0
Công nghệ Marketing,cong nghe marketing,Marketing trải nghiệm,marketing trai nghiem,3,tiki_book,262860721,- Digital X - Trải Nghiệm Số Trong Chiến Lược Sales & Marketing 249K,38.5,medium,partial_course_tokens_in_title,https://tiki.vn/sach-digital-x-trai-nghiem-so-trong-chien-luoc-sales-marketing-249k-p262860721.html?spid=263385529,199000,0.0,0,1,digital commerce,,,,,0.6931
Công nghệ Marketing,cong nghe marketing,Marketing trải nghiệm,marketing trai nghiem,1,ueh_repository,UEH/63127,Nghiên cứu ảnh hưởng của nhận định giá trị các hoạt động Marketing nội dung trên Mạng xã hội đến đánh giá trải nghiệm và lòng trung thành thương hiệu của khách hàng,36.87,medium,partial_course_tokens_in_title; partial_course_tokens_in_secondary_text,https://digital.lib.ueh.edu.vn/handle/UEH/63127,,,,,,2021,MASTER'S THESES,0,Phan Thắng,
Công nghệ Marketing,cong nghe marketing,Marketing trải nghiệm,marketing trai nghiem,2,ueh_repository,UEH/62877,Sự ảnh hưởng của trải nghiệm Omnichannel đến ý định mua hàng của người tiêu dùng trong ngành bán lẻ tại việt nam trường hợp nghiên cứu: phân khúc khách hàng là nhân viên văn phòng,33.88,medium,partial_course_tokens_in_title; partial_course_tokens_in_secondary_text,https://digital.lib.ueh.edu.vn/handle/UEH/62877,,,,,,2021,MASTER'S THESES,0,Nguyễn Hiếu,
Công nghệ Marketing,cong nghe marketing,Marketing trải nghiệm,marketing trai nghiem,3,ueh_repository,UEH/63444,Đánh giá sự trải nghiệm khách hàng khiếm nhã ảnh hưởng đến ý định nghỉ việc của nhân viên tuyến đầu trong lĩnh vực nhà hàng tại Thành phố Hồ Chí Minh,31.74,medium,partial_course_tokens_in_title; partial_course_tokens_in_secondary_text,https://digital.lib.ueh.edu.vn/handle/UEH/63444,,,,,,2021,MASTER'S THESES,0,Đào Đức Khánh,
Công nghệ Marketing,cong nghe marketing,Phân tích dữ liệu Marketing,phan tich du lieu marketing,1,tiki_book,277004498,- Phân Tích Dữ Liệu Marketing,75.4,high,exact_course_in_title; partial_course_tokens_in_secondary_text,https://tiki.vn/sach-phan-tich-du-lieu-marketing-p277004498.html?spid=277004499,519200,5.0,1,7,phân tích cơ bản; phân tích dữ liệu; Excel phân tích dữ liệu,,,,,8.1192
Công nghệ Marketing,cong nghe marketing,Phân tích dữ liệu Marketing,phan tich du lieu marketing,2,tiki_book,276965384,Phân Tích Dữ Liệu Marketing,75.4,high,exact_course_in_title; partial_course_tokens_in_secondary_text,https://tiki.vn/phan-tich-du-lieu-marketing-p276965384.html?spid=276965385,590000,0.0,0,3,phân tích cơ bản; phân tích dữ liệu; Excel phân tích dữ liệu,,,,,1.3863
Công nghệ Marketing,cong nghe marketing,Phân tích dữ liệu Marketing,phan tich du lieu marketing,3,tiki_book,277554402,- TEXTBOOK - Phân Tích Dữ Liệu Marketing,75.4,high,exact_course_in_title; partial_course_tokens_in_secondary_text,https://tiki.vn/sach-textbook-phan-tich-du-lieu-marketing-p277554402.html?spid=277554403,501500,0.0,0,1,phân tích dữ liệu; Excel phân tích dữ liệu,,,,,0.6931
Công nghệ Marketing,cong nghe marketing,Phân tích dữ liệu Marketing,phan tich du lieu marketing,1,ueh_repository,UEH/61680,Tài liệu học tập Phân tích dữ liệu nghiên cứu với SPSS 2008 tập 1,25.9,medium,partial_course_tokens_in_title; partial_course_tokens_in_secondary_text,https://digital.lib.ueh.edu.vn/handle/UEH/61680,,,,,,2008,Business Statistics-Data Analysis,0,Hoàng Trọng; Chu Nguyễn Mộng Ngọc,
Công nghệ Marketing,cong nghe marketing,Phân tích dữ liệu Marketing,phan tich du lieu marketing,2,ueh_repository,UEH/63921,Phân tích các chỉ số và ứng dụng mô hình MLP và LSTM dự báo gói vật phẩm khách hàng sẽ mua trên trang thanh toán trực tuyến,12.42,low,partial_course_tokens_in_title; partial_course_tokens_in_secondary_text,https://digital.lib.ueh.edu.vn/handle/UEH/63921,,,,,,2022,MASTER'S THESES,0,Nguyễn Thị Bảo Hương,
Công nghệ Marketing,cong nghe marketing,Phân tích dữ liệu Marketing,phan tich du lieu marketing,3,ueh_repository,UEH/63925,Ứng dụng công nghệ Data Lake trong quản lý và khai phá dữ liệu của ngân hàng,11.72,low,partial_course_tokens_in_title; partial_course_tokens_in_secondary_text,https://digital.lib.ueh.edu.vn/handle/UEH/63925,,,,,,2022,MASTER'S THESES,0,Phan Vũ Thành Phương,
Công nghệ Marketing,cong nghe marketing,Quản trị thương hiệu,quan tri thuong hieu,1,tiki_book,42531744,Combo Sách : Learn Branding - Xây Dựng Thương Hiệu Tinh Gọn + Quản Trị Thương Hiệu Trực Tuyến,74.5,high,exact_course_in_title,https://tiki.vn/combo-sach-learn-branding-xay-dung-thuong-hieu-tinh-gon-quan-tri-thuong-hieu-truc-tuyen-p42531744.html?spid=121366049,266000,0.0,0,,branding,,,,,0.0
Công nghệ Marketing,cong nghe marketing,Quản trị thương hiệu,quan tri thuong hieu,2,tiki_book,273341092,Quản Trị Bán Hàng Hiệu Quả - Sales Management That Works,23.62,low,partial_course_tokens_in_title; partial_course_tokens_in_secondary_text,https://tiki.vn/quan-tri-ban-hang-hieu-qua-sales-management-that-works-p273341092.html?spid=273341093,200200,5.0,1,17,operations management; human resource management; sales; financial management; quản trị rủi ro ngân hàng; supply chain management; hotel management; restaurant management; time management,,,,,8.9301
Công nghệ Marketing,cong nghe marketing,Quản trị thương hiệu,quan tri thuong hieu,3,tiki_book,273260711,Quản Trị Bán Hàng Hiệu Quả - Sales Management That Works,23.62,low,partial_course_tokens_in_title; partial_course_tokens_in_secondary_text,https://tiki.vn/quan-tri-ban-hang-hieu-qua-sales-management-that-works-p273260711.html?spid=273282198,191250,5.0,1,11,operations management; human resource management; sales; financial management; quản trị rủi ro ngân hàng; supply chain management; hotel management; restaurant management; time management,,,,,8.5246
Công nghệ Marketing,cong nghe marketing,Quản trị thương hiệu,quan tri thuong hieu,1,ueh_repository,UEH/62453,Giải pháp nâng cao giá trị thương hiệu Bia Việt của Công ty TNHH Nhà máy Bia Heineken Việt Nam giai đoạn 2021 - 2025,35.79,medium,partial_course_tokens_in_title; partial_course_tokens_in_secondary_text,https://digital.lib.ueh.edu.vn/handle/UEH/62453,,,,,,2021,MASTER'S THESES,0,Trịnh Duy Khương,
Công nghệ Marketing,cong nghe marketing,Quản trị thương hiệu,quan tri thuong hieu,2,ueh_repository,UEH/63446,Nâng cao giá trị thương hiệu sàn thương mại điện tử Lazada tại Thành phố Hồ Chí Minh ở góc độ người tiêu dùng,35.65,medium,partial_course_tokens_in_title; partial_course_tokens_in_secondary_text,https://digital.lib.ueh.edu.vn/handle/UEH/63446,,,,,,2021,MASTER'S THESES,0,Vương Ngọc Thảo Dung,
Công nghệ Marketing,cong nghe marketing,Quản trị thương hiệu,quan tri thuong hieu,3,ueh_repository,UEH/61190,Ảnh hưởng của truyền thông đến các thành phần giá trị thương hiệu điện tử tại Việt Nam,35.65,medium,partial_course_tokens_in_title; partial_course_tokens_in_secondary_text,https://digital.lib.ueh.edu.vn/handle/UEH/61190,,,,,,2020,MASTER'S THESES,0,Đỗ Khắc Tồn,
Công nghệ Tài chính,cong nghe tai chinh,Công nghệ Blockchain,cong nghe blockchain,1,tiki_book,5563321,"Bùng Nổ Bitcoin - Công Nghệ Blockchain, Fintech 4.0 hay Bong Bóng?",64.69,medium,exact_course_in_title,https://tiki.vn/bung-no-bitcoin-cong-nghe-blockchain-fintech-4-0-hay-bong-bong-p5563321.html?spid=20485533,248000,5.0,20,200,fintech,,,,,14.8701
Công nghệ Tài chính,cong nghe tai chinh,Công nghệ Blockchain,cong nghe blockchain,2,tiki_book,2287441,​Fintech 4.0 - Những Điển Hình Thành Công Trong Cuộc Cách Mạng Công Nghệ Tài Chính,20.02,low,partial_course_tokens_in_title; exact_major_in_title,https://tiki.vn/sach-fintech-4-0-nhung-dien-hinh-thanh-cong-trong-cuoc-cach-mang-cong-nghe-tai-chinh-p2287441.html?spid=2287663,55900,4.6,36,916,fintech,,,,,16.8375
Công nghệ Tài chính,cong nghe tai chinh,Công nghệ Blockchain,cong nghe blockchain,3,tiki_book,47169146,"The FinTech Book - Công Nghệ Tài Chính Dành Cho Nhà Đầu Tư, Doanh Nhân và Người Nhìn Xa Trông Rộng",20.02,low,partial_course_tokens_in_title; exact_major_in_title,https://tiki.vn/the-fintech-book-cong-nghe-tai-chinh-danh-cho-nha-dau-tu-doanh-nhan-va-nguoi-nhin-xa-trong-rong-p47169146.html?spid=47169147,380000,4.8,34,228,fintech,,,,,15.5667
Công nghệ Tài chính,cong nghe tai chinh,Công nghệ Blockchain,cong nghe blockchain,1,ueh_repository,UEH/62541,Xây dựng thị trường chứng khoán phi tập trung dựa trên công nghệ Blockchain,68.22,high,exact_course_in_title; exact_course_in_secondary_text,https://digital.lib.ueh.edu.vn/handle/UEH/62541,,,,,,2021,Book Series,0,TS. Nguyễn Hữu Huân; TS. Ngô Minh Vũ; ThS. Trần Nguyễn Trâm Anh,
Công nghệ Tài chính,cong nghe tai chinh,Công nghệ Blockchain,cong nghe blockchain,2,ueh_repository,UEH/61136,Nghiên cứu xây dựng hệ thống lưu trữ và truy xuất thông tin bất động sản dựa vào công nghệ Blockchain và Smart contract,64.23,high,exact_course_in_title; partial_course_tokens_in_secondary_text,https://digital.lib.ueh.edu.vn/handle/UEH/61136,,,,,,2020,MASTER'S THESES,0,Bùi Thanh Bá Vương,
Công nghệ Tài chính,cong nghe tai chinh,Công nghệ Blockchain,cong nghe blockchain,3,ueh_repository,UEH/62538,"Ứng dụng Blockchain trong tài chính – ngân hàng: chi phí, lợi ích, thách thức và cơ hội",24.21,low,partial_course_tokens_in_title; exact_course_in_secondary_text,https://digital.lib.ueh.edu.vn/handle/UEH/62538,,,,,,2021,Book Series,0,ThS. Phạm Khánh Duy,
Công nghệ Tài chính,cong nghe tai chinh,Fintech và ngân hàng số,fintech va ngan hang so,1,tiki_book,279106463,Ngân hàng số - Nguyễn Quang Lộc - TH189,25.18,low,partial_course_tokens_in_title; partial_course_tokens_in_secondary_text,https://tiki.vn/ngan-hang-so-nguyen-quang-loc-th189-p279106463.html?spid=279106464,159000,0.0,0,2,ngân hàng; ngân hàng số,,,,,1.0986
Công nghệ Tài chính,cong nghe tai chinh,Fintech và ngân hàng số,fintech va ngan hang so,2,tiki_book,279259284,Ngân hàng số,25.18,low,partial_course_tokens_in_title; partial_course_tokens_in_secondary_text,https://tiki.vn/sach-ngan-hang-so-p279259284.html?spid=279259285,150000,0.0,0,1,ngân hàng số; nghiệp vụ ngân hàng; tín dụng ngân hàng,,,,,0.6931
Công nghệ Tài chính,cong nghe tai chinh,Fintech và ngân hàng số,fintech va ngan hang so,3,tiki_book,279127225,Ngân Hàng Số,25.18,low,partial_course_tokens_in_title; partial_course_tokens_in_secondary_text,https://tiki.vn/ngan-hang-so-p279127225.html?spid=279127226,179550,0.0,0,,ngân hàng; ngân hàng thương mại; ngân hàng số,,,,,0.0
Công nghệ Tài chính,cong nghe tai chinh,Fintech và ngân hàng số,fintech va ngan hang so,1,ueh_repository,UEH/62533,Rủi ro an ninh mạng trong hoạt động ngân hàng số: trường hợp Việt Nam,23.23,low,partial_course_tokens_in_title; partial_course_tokens_in_secondary_text,https://digital.lib.ueh.edu.vn/handle/UEH/62533,,,,,,2021,Book Series,0,TS. Phan Chung Thủy; TS. Phan Thu Hiền; ThS. Huỳnh Ngọc Quang Anh,
Công nghệ Tài chính,cong nghe tai chinh,Fintech và ngân hàng số,fintech va ngan hang so,2,ueh_repository,UEH/63988,Ảnh hưởng của chất lượng dịch vụ ngân hàng số đến sự hài lòng và lòng trung thành của khách hàng đối với ngân hàng trong bối cảnh Covid - 19,22.98,low,partial_course_tokens_in_title; partial_course_tokens_in_secondary_text,https://digital.lib.ueh.edu.vn/handle/UEH/63988,,,,,,2022,MASTER'S THESES,0,Nguyễn Thị Hồng Diễm,
Công nghệ Tài chính,cong nghe tai chinh,Fintech và ngân hàng số,fintech va ngan hang so,3,ueh_repository,UEH/62489,Ngân hàng 4.0: phối hợp ngân hàng – Fintech trong điều kiện ổn định tài chính quốc gia,14.2,low,partial_course_tokens_in_title; partial_course_tokens_in_secondary_text,https://digital.lib.ueh.edu.vn/handle/UEH/62489,,,,,,2021,Book Series,0,Hoàng Hải Yến; Nguyễn Thị Hồng Nhung; Nguyễn Thị Thùy Dương; Vũ Bích Ngọc; Trần Hoàng Trúc Linh,
Công nghệ Tài chính,cong nghe tai chinh,Phân tích dữ liệu tài chính,phan tich du lieu tai chinh,1,tiki_book,202028583,Phân Tích Dữ Liệu Với R (Tái Bản 2022),37.47,medium,partial_course_tokens_in_title; partial_course_tokens_in_secondary_text,https://tiki.vn/sach-phan-tich-du-lieu-voi-r-tai-ban-2022-p202028583.html?spid=247795504,250000,5.0,1,27,phân tích cơ bản; phân tích dữ liệu; Excel phân tích dữ liệu; R statistics,,,,,9.3719
Công nghệ Tài chính,cong nghe tai chinh,Phân tích dữ liệu tài chính,phan tich du lieu tai chinh,2,tiki_book,57219188,Phân Tích Dữ Liệu Với R (Tái Bản 2020),37.47,medium,partial_course_tokens_in_title; partial_course_tokens_in_secondary_text,https://tiki.vn/sach-phan-ti-ch-du-lie-u-vo-i-r-ta-i-ba-n-2020-p57219188.html?spid=68839199,250000,5.0,2,13,sách khoa học dữ liệu; phân tích dữ liệu; Excel phân tích dữ liệu; R statistics,,,,,9.287
Công nghệ Tài chính,cong nghe tai chinh,Phân tích dữ liệu tài chính,phan tich du lieu tai chinh,3,tiki_book,250020197,Phân Tích Dữ Liệu Với R (Tái Bản 2022),37.47,medium,partial_course_tokens_in_title; partial_course_tokens_in_secondary_text,https://tiki.vn/phan-tich-du-lieu-voi-r-tai-ban-2022-p250020197.html?spid=250020198,250000,0.0,0,5,phân tích dữ liệu; Excel phân tích dữ liệu; R statistics,,,,,1.7918
Công nghệ Tài chính,cong nghe tai chinh,Phân tích dữ liệu tài chính,phan tich du lieu tai chinh,1,ueh_repository,UEH/61680,Tài liệu học tập Phân tích dữ liệu nghiên cứu với SPSS 2008 tập 1,22.68,low,partial_course_tokens_in_title; partial_course_tokens_in_secondary_text,https://digital.lib.ueh.edu.vn/handle/UEH/61680,,,,,,2008,Business Statistics-Data Analysis,0,Hoàng Trọng; Chu Nguyễn Mộng Ngọc,
Công nghệ Tài chính,cong nghe tai chinh,Phân tích dữ liệu tài chính,phan tich du lieu tai chinh,2,ueh_repository,UEH/62516,Ứng dụng Big Data và ai trong xây dựng và khai thác cơ sở dữ liệu quốc gia về giá bất động sản tại Việt Nam,10.79,low,partial_course_tokens_in_title; partial_course_tokens_in_secondary_text,https://digital.lib.ueh.edu.vn/handle/UEH/62516,,,,,,2021,Book Series,0,Nguyễn Quỳnh Hoa; Huỳnh Kiều Tiên; Hay Sinh; Trần Bích Vân; Nguyễn Kim Đức; Nguyễn Thị Tuyết Nhung,
Công nghệ Tài chính,cong nghe tai chinh,Phân tích dữ liệu tài chính,phan tich du lieu tai chinh,3,ueh_repository,UEH/63925,Ứng dụng công nghệ Data Lake trong quản lý và khai phá dữ liệu của ngân hàng,10.67,low,partial_course_tokens_in_title; partial_course_tokens_in_secondary_text,https://digital.lib.ueh.edu.vn/handle/UEH/63925,,,,,,2022,MASTER'S THESES,0,Phan Vũ Thành Phương,
Công nghệ Tài chính,cong nghe tai chinh,Quản lý rủi ro số,quan ly rui ro so,1,tiki_book,277181136,Quản lý rủi ro nợ công ở Nhật Bản,50.23,medium,strong_course_tokens_in_title; partial_course_tokens_in_secondary_text,https://tiki.vn/quan-ly-rui-ro-no-cong-o-nhat-ban-p277181136.html?spid=277181137,60240,0.0,0,1,quản trị rủi ro ngân hàng,,,,,0.6931
Công nghệ Tài chính,cong nghe tai chinh,Quản lý rủi ro số,quan ly rui ro so,2,tiki_book,196280121,HBR Onpoint 2021: Quản Lý Rủi Ro (Tái Bản 2022),50.18,medium,strong_course_tokens_in_title; partial_course_tokens_in_secondary_text,https://tiki.vn/hbr-onpoint-2021-quan-ly-rui-ro-tai-ban-2022-p196280121.html?spid=197410266,215000,4.8,6,92,quản trị rủi ro ngân hàng,,,,,12.2515
Công nghệ Tài chính,cong nghe tai chinh,Quản lý rủi ro số,quan ly rui ro so,3,tiki_book,213857314,HBR Onpoint 2021: Quản Lý Rủi Ro (Tái Bản 2022),50.18,medium,strong_course_tokens_in_title; partial_course_tokens_in_secondary_text,https://tiki.vn/hbr-onpoint-2021-quan-ly-rui-ro-tai-ban-2022-p213857314.html?spid=263591329,215000,0.0,0,4,quản trị rủi ro ngân hàng,,,,,1.6094
Công nghệ Tài chính,cong nghe tai chinh,Quản lý rủi ro số,quan ly rui ro so,1,ueh_repository,UEH/61159,Quản lý rủi ro tác nghiệp đối với hoạt động tín dụng tại Ngân hàng TMCP Công thương Việt Nam chi nhánh Cần Thơ,54.33,medium,strong_course_tokens_in_title; strong_course_tokens_in_secondary_text,https://digital.lib.ueh.edu.vn/handle/UEH/61159,,,,,,2020,MASTER'S THESES,0,Lê Thị Duyên An,
Công nghệ Tài chính,cong nghe tai chinh,Quản lý rủi ro số,quan ly rui ro so,2,ueh_repository,UEH/63322,Quản lý rủi ro tỷ giá trong hoạt kinh doanh ngoại hối tại Ngân hàng Thương mại Cổ phần Ngoại Thương Việt Nam,54.24,medium,strong_course_tokens_in_title; strong_course_tokens_in_secondary_text,https://digital.lib.ueh.edu.vn/handle/UEH/63322,,,,,,2021,MASTER'S THESES,0,Hồ Thị Quỳnh Trang,
Công nghệ Tài chính,cong nghe tai chinh,Quản lý rủi ro số,quan ly rui ro so,3,ueh_repository,UEH/61027,Hoàn thiện quản lý rủi ro thanh khoản tại ngân hàng thương mại cổ phần ngoại thương Việt Nam,54.21,medium,strong_course_tokens_in_title; strong_course_tokens_in_secondary_text,https://digital.lib.ueh.edu.vn/handle/UEH/61027,,,,,,2020,MASTER'S THESES,0,Phan Thị Quỳnh Như,
Công nghệ Tài chính,cong nghe tai chinh,Thanh toán số,thanh toan so,1,tiki_book,2287441,​Fintech 4.0 - Những Điển Hình Thành Công Trong Cuộc Cách Mạng Công Nghệ Tài Chính,10.75,low,partial_course_tokens_in_title; exact_major_in_title,https://tiki.vn/sach-fintech-4-0-nhung-dien-hinh-thanh-cong-trong-cuoc-cach-mang-cong-nghe-tai-chinh-p2287441.html?spid=2287663,55900,4.6,36,916,fintech,,,,,16.8375
Công nghệ Tài chính,cong nghe tai chinh,Thanh toán số,thanh toan so,2,tiki_book,120183750,- Fintech 4.0 - Những Điển Hình Thành Công Trong Cuộc Cách Mạng Công Nghệ Tài Chính,10.75,low,partial_course_tokens_in_title; exact_major_in_title,https://tiki.vn/sach-fintech-4-0-nhung-dien-hinh-thanh-cong-trong-cuoc-cach-mang-cong-nghe-tai-chinh-p120183750.html?spid=120183754,82568,4.0,1,5,fintech,,,,,6.8315
Công nghệ Tài chính,cong nghe tai chinh,Thanh toán số,thanh toan so,3,tiki_book,124892979,- ​Fintech 4.0 - Những Điển Hình Thành Công Trong Cuộc Cách Mạng Công Nghệ Tài Chính,10.75,low,partial_course_tokens_in_title; exact_major_in_title,https://tiki.vn/sach-fintech-4-0-nhung-dien-hinh-thanh-cong-trong-cuoc-cach-mang-cong-nghe-tai-chinh-p124892979.html?spid=124892981,82560,4.0,1,1,fintech,,,,,5.7329
Công nghệ Tài chính,cong nghe tai chinh,Thanh toán số,thanh toan so,1,ueh_repository,UEH/63411,Các yếu tố ảnh hưởng đến sự chấp nhận và truyền miệng điện tử (E-WOM) dịch vụ thanh toán điện tử của người tiêu dùng tại Thành phố Hồ Chí Minh,24.77,low,partial_course_tokens_in_title; partial_course_tokens_in_secondary_text,https://digital.lib.ueh.edu.vn/handle/UEH/63411,,,,,,2021,MASTER'S THESES,0,Ngô Phi Duy Ý,
Công nghệ Tài chính,cong nghe tai chinh,Thanh toán số,thanh toan so,2,ueh_repository,UEH/63540,Các yếu tố ảnh hưởng đến sự chấp nhận và truyền miệng điện tử (EWOM) dịch vụ thanh toán điện tử của người tiêu dùng tại Thành phố Hồ Chí Minh,24.77,low,partial_course_tokens_in_title; partial_course_tokens_in_secondary_text,https://digital.lib.ueh.edu.vn/handle/UEH/63540,,,,,,2021,MASTER'S THESES,0,Ngô Phi Duy Ý,
Công nghệ Tài chính,cong nghe tai chinh,Thanh toán số,thanh toan so,3,ueh_repository,UEH/63550,Nghiên cứu sự tác động của đại dịch Covid đến xu hướng thanh toán điện tử trong các ngân hàng TMCP ở Việt Nam,21.43,low,partial_course_tokens_in_title; partial_course_tokens_in_secondary_text,https://digital.lib.ueh.edu.vn/handle/UEH/63550,,,,,,2021,MASTER'S THESES,0,Nguyễn Thị Phương Nam,
Công nghệ Tài chính,cong nghe tai chinh,Trí tuệ nhân tạo trong tài chính,tri tue nhan tao trong tai chinh,1,tiki_book,279233260,Hiểu Về Trí Tuệ Nhân Tạo - AI,58.34,medium,partial_course_tokens_in_title; partial_course_tokens_in_secondary_text,https://tiki.vn/sach-hieu-ve-tri-tue-nhan-tao-ai-p279233260.html?spid=279233261,123200,0.0,0,4,trí tuệ nhân tạo,,,,,1.6094
Công nghệ Tài chính,cong nghe tai chinh,Trí tuệ nhân tạo trong tài chính,tri tue nhan tao trong tai chinh,2,tiki_book,277674777,Combo Sách Trí Tuệ Nhân Tạo (Trí Tuệ Đồng Hành + AI 2041),58.34,medium,partial_course_tokens_in_title; partial_course_tokens_in_secondary_text,https://tiki.vn/combo-sach-tri-tue-nhan-tao-tri-tue-dong-hanh-ai-2041-p277674777.html?spid=277915064,414800,0.0,0,,trí tuệ nhân tạo,,,,,0.0
Công nghệ Tài chính,cong nghe tai chinh,Trí tuệ nhân tạo trong tài chính,tri tue nhan tao trong tai chinh,3,tiki_book,279269336,- Hiểu Về Trí Tuệ Nhân Tạo AI,58.34,medium,partial_course_tokens_in_title; partial_course_tokens_in_secondary_text,https://tiki.vn/sach-hieu-ve-tri-tue-nhan-tao-ai-p279269336.html?spid=279269337,139500,0.0,0,,trí tuệ nhân tạo,,,,,0.0
Công nghệ Tài chính,cong nghe tai chinh,Trí tuệ nhân tạo trong tài chính,tri tue nhan tao trong tai chinh,1,ueh_repository,UEH/62540,Ứng dụng công nghệ trí tuệ nhân tạo trong dịch vụ tài chính tại thị trường tài chính Việt Nam,44.4,medium,partial_course_tokens_in_title; partial_course_tokens_in_secondary_text,https://digital.lib.ueh.edu.vn/handle/UEH/62540,,,,,,2021,Book Series,0,TS. Ngô Minh Vũ; TS. Nguyễn Hữu Huân,
Công nghệ Tài chính,cong nghe tai chinh,Trí tuệ nhân tạo trong tài chính,tri tue nhan tao trong tai chinh,2,ueh_repository,UEH/62516,Ứng dụng Big Data và ai trong xây dựng và khai thác cơ sở dữ liệu quốc gia về giá bất động sản tại Việt Nam,37.07,medium,partial_course_tokens_in_title; partial_course_tokens_in_secondary_text,https://digital.lib.ueh.edu.vn/handle/UEH/62516,,,,,,2021,Book Series,0,Nguyễn Quỳnh Hoa; Huỳnh Kiều Tiên; Hay Sinh; Trần Bích Vân; Nguyễn Kim Đức; Nguyễn Thị Tuyết Nhung,
Công nghệ Tài chính,cong nghe tai chinh,Trí tuệ nhân tạo trong tài chính,tri tue nhan tao trong tai chinh,3,ueh_repository,UEH/62242,AI and Blockchain: potential and challenge for building a smart E-Learning system in Vietnam,34.24,medium,partial_course_tokens_in_title; partial_course_tokens_in_secondary_text,https://digital.lib.ueh.edu.vn/handle/UEH/62242,,,,,,2021,Conference Papers,0,Hung N.Q.; Phung T.K.; Hien P.; Thanh D.N.H.,
Công nghệ logistics tích hợp chứng chỉ FIATA,cong nghe logistics tich hop chung chi fiata,Hải quan và ngoại thương,hai quan va ngoai thuong,1,tiki_book,278236687,"Luật Thương mại, Luật quản lý ngoại thương- hệ thống văn bản quy định hướng dẫn chi tiết thi hành",19.02,low,partial_course_tokens_in_title; partial_course_tokens_in_secondary_text,https://tiki.vn/luat-thuong-mai-luat-quan-ly-ngoai-thuong-he-thong-van-ban-quy-dinh-huong-dan-chi-tiet-thi-hanh-p278236687.html?spid=278236688,310000,0.0,0,,luật thương mại; hợp đồng thương mại,,,,,0.0
Công nghệ logistics tích hợp chứng chỉ FIATA,cong nghe logistics tich hop chung chi fiata,Hải quan và ngoại thương,hai quan va ngoai thuong,2,tiki_book,278478640,"Luật Thương Mại, Luật Quản Lý Ngoại Thương – Hệ Thống Văn Bản Quy Định Hướng Dẫn Chi Tiết Thi Hành - V2590T",18.96,low,partial_course_tokens_in_title; partial_course_tokens_in_secondary_text,https://tiki.vn/sach-luat-thuong-mai-luat-quan-ly-ngoai-thuong-he-thong-van-ban-quy-dinh-huong-dan-chi-tiet-thi-hanh-v2590t-p278478640.html?spid=278478641,350000,0.0,0,1,luật thương mại,,,,,0.6931
Công nghệ logistics tích hợp chứng chỉ FIATA,cong nghe logistics tich hop chung chi fiata,Hải quan và ngoại thương,hai quan va ngoai thuong,3,tiki_book,278616612,"- Luật Thương Mại, Luật Quản Lý Ngoại Thương - Hệ Thống Văn Bản Quy Định Hướng Dẫn Chi Tiết Thi Hành",18.96,low,partial_course_tokens_in_title; partial_course_tokens_in_secondary_text,https://tiki.vn/sach-luat-thuong-mai-luat-quan-ly-ngoai-thuong-he-thong-van-ban-quy-dinh-huong-dan-chi-tiet-thi-hanh-p278616612.html?spid=278616613,505700,0.0,0,,luật thương mại,,,,,0.0
Công nghệ logistics tích hợp chứng chỉ FIATA,cong nghe logistics tich hop chung chi fiata,Hải quan và ngoại thương,hai quan va ngoai thuong,1,ueh_repository,UEH/63688,Đánh giá sự hài lòng của khách hàng về sản phẩm dịch vụ ngân hàng điện tử của Ngân hàng TMCP Ngoại thương Việt Nam chi nhánh tỉnh Đắk Lắk,20.76,low,partial_course_tokens_in_title; partial_course_tokens_in_secondary_text,https://digital.lib.ueh.edu.vn/handle/UEH/63688,,,,,,2022,MASTER'S THESES,0,Đỗ Quang Học,
Công nghệ logistics tích hợp chứng chỉ FIATA,cong nghe logistics tich hop chung chi fiata,Hải quan và ngoại thương,hai quan va ngoai thuong,2,ueh_repository,UEH/63405,Giải pháp nâng cao sự hài lòng của khách hàng đối với chất lượng dịch vụ thẻ tại Ngân hàng TMCP Ngoại thương Việt Nam - Chi nhánh Phú Nhuận,20.76,low,partial_course_tokens_in_title; partial_course_tokens_in_secondary_text,https://digital.lib.ueh.edu.vn/handle/UEH/63405,,,,,,2021,MASTER'S THESES,0,Hoàng Thị Hòa,
Công nghệ logistics tích hợp chứng chỉ FIATA,cong nghe logistics tich hop chung chi fiata,Hải quan và ngoại thương,hai quan va ngoai thuong,3,ueh_repository,UEH/61027,Hoàn thiện quản lý rủi ro thanh khoản tại ngân hàng thương mại cổ phần ngoại thương Việt Nam,19.63,low,partial_course_tokens_in_title; partial_course_tokens_in_secondary_text,https://digital.lib.ueh.edu.vn/handle/UEH/61027,,,,,,2020,MASTER'S THESES,0,Phan Thị Quỳnh Như,
Công nghệ logistics tích hợp chứng chỉ FIATA,cong nghe logistics tich hop chung chi fiata,Kho vận và phân phối,kho van va phan phoi,1,tiki_book,217928722,Tính Toán Thiết Kế Hệ Thống Phân Phối Truyền Tải Điện,22.02,low,partial_course_tokens_in_title,https://tiki.vn/tinh-toan-thiet-ke-he-thong-phan-phoi-truyen-tai-dien-p217928722.html?spid=217928723,45000,0.0,0,5,điện toán đám mây,,,,,1.7918
Công nghệ logistics tích hợp chứng chỉ FIATA,cong nghe logistics tich hop chung chi fiata,Kho vận và phân phối,kho van va phan phoi,2,tiki_book,204631066,Bộ Kho Tri Thức Thế Giới Vận Hành,14.53,low,partial_course_tokens_in_title; partial_course_tokens_in_secondary_text,https://tiki.vn/sach-bo-kho-tri-thuc-the-gioi-van-hanh-p204631066.html?spid=204631067,279000,5.0,5,57,kho vận,,,,,11.7481
Công nghệ logistics tích hợp chứng chỉ FIATA,cong nghe logistics tich hop chung chi fiata,Kho vận và phân phối,kho van va phan phoi,3,tiki_book,207515309,Bộ Kho Tri Thức Thế Giới Vận Hành (Bộ 4 Cuốn),14.53,low,partial_course_tokens_in_title; partial_course_tokens_in_secondary_text,https://tiki.vn/bo-kho-tri-thuc-the-gioi-van-hanh-bo-4-cuon-p207515309.html?spid=274457504,399000,0.0,0,,kho vận,,,,,0.0
Công nghệ logistics tích hợp chứng chỉ FIATA,cong nghe logistics tich hop chung chi fiata,Kho vận và phân phối,kho van va phan phoi,1,ueh_repository,UEH/61698,Nâng cao chất lượng mối quan hệ giữa các nhà phân phối với Công ty Cổ phần Tập đoàn Cà phê Trung Nguyên tại thị trường quốc tế,19.27,low,partial_course_tokens_in_title; partial_course_tokens_in_secondary_text,https://digital.lib.ueh.edu.vn/handle/UEH/61698,,,,,,2021,MASTER'S THESES,0,Nguyễn Lê Thảo Uyên,
Công nghệ logistics tích hợp chứng chỉ FIATA,cong nghe logistics tich hop chung chi fiata,Kho vận và phân phối,kho van va phan phoi,2,ueh_repository,UEH/61512,Một số giải pháp nhằm hoàn thiện hoạt động quản trị kênh phân phối tại Công ty TNHH MTV Thuốc lá Đồng Tháp,19.27,low,partial_course_tokens_in_title; partial_course_tokens_in_secondary_text,https://digital.lib.ueh.edu.vn/handle/UEH/61512,,,,,,2020,MASTER'S THESES,0,Lê Hữu Tín,
Công nghệ logistics tích hợp chứng chỉ FIATA,cong nghe logistics tich hop chung chi fiata,Kho vận và phân phối,kho van va phan phoi,3,ueh_repository,UEH/62751,Nâng cao động lực làm việc cho nhân viên bán hàng trên kênh phân phối tại Công ty dịch vụ MobiFone khu vực 8,19.25,low,partial_course_tokens_in_title; partial_course_tokens_in_secondary_text,https://digital.lib.ueh.edu.vn/handle/UEH/62751,,,,,,2021,MASTER'S THESES,0,Nguyễn Xuân Phi,
Công nghệ logistics tích hợp chứng chỉ FIATA,cong nghe logistics tich hop chung chi fiata,Luật vận tải quốc tế,luat van tai quoc te,1,tiki_book,278769828,Logistics Và Vận Tải Quốc Tế - TS. Trần Nguyễn Hợp Châu (Tái Bản 2025),39.29,medium,partial_course_tokens_in_title; partial_course_tokens_in_secondary_text,https://tiki.vn/logistics-va-van-tai-quoc-te-ts-tran-nguyen-hop-chau-tai-ban-2025-p278769828.html?spid=278769829,170000,0.0,0,12,logistics; vận tải,,,,,2.5649
Công nghệ logistics tích hợp chứng chỉ FIATA,cong nghe logistics tich hop chung chi fiata,Luật vận tải quốc tế,luat van tai quoc te,2,tiki_book,276960020,Luật Quốc tế,15.28,low,partial_course_tokens_in_title; partial_course_tokens_in_secondary_text,https://tiki.vn/luat-quoc-te-p276960020.html?spid=277003338,280000,0.0,0,3,thanh toán quốc tế; luật kinh tế; sách luật kinh tế,,,,,1.3863
Công nghệ logistics tích hợp chứng chỉ FIATA,cong nghe logistics tich hop chung chi fiata,Luật vận tải quốc tế,luat van tai quoc te,3,tiki_book,197857892,Tài Chính Quốc Tế,14.47,low,partial_course_tokens_in_title; partial_course_tokens_in_secondary_text,https://tiki.vn/tai-chinh-quoc-te-p197857892.html?spid=197857893,48000,0.0,0,15,kinh tế quốc tế; chính sách tài khóa; tài chính; thanh toán quốc tế,,,,,2.7726
Công nghệ logistics tích hợp chứng chỉ FIATA,cong nghe logistics tich hop chung chi fiata,Luật vận tải quốc tế,luat van tai quoc te,1,ueh_repository,UEH/61163,Một số giải pháp nhằm cải thiện chất lượng dịch vụ vận tải container bằng đường bộ tại Công ty Cổ phần Tiếp vận Quốc tế Cảng Cát Lái,15.02,low,partial_course_tokens_in_title,https://digital.lib.ueh.edu.vn/handle/UEH/61163,,,,,,2020,MASTER'S THESES,0,Phạm Doãn Sơn,
Công nghệ logistics tích hợp chứng chỉ FIATA,cong nghe logistics tich hop chung chi fiata,Luật vận tải quốc tế,luat van tai quoc te,2,ueh_repository,UEH/63681,"Tham nhũng và minh bạch tài khóa tại các quốc gia RCEP, liên hệ thực tế tại Việt Nam",12.67,low,partial_course_tokens_in_title; partial_course_tokens_in_secondary_text,https://digital.lib.ueh.edu.vn/handle/UEH/63681,,,,,,2022,MASTER'S THESES,0,Đoàn Thị Thiên Trang,
Công nghệ logistics tích hợp chứng chỉ FIATA,cong nghe logistics tich hop chung chi fiata,Luật vận tải quốc tế,luat van tai quoc te,3,ueh_repository,UEH/62563,Tác động của sự phát triển khu vực ngân hàng lên tăng trưởng kinh tế tại các quốc gia Châu Á,12.48,low,partial_course_tokens_in_title; partial_course_tokens_in_secondary_text,https://digital.lib.ueh.edu.vn/handle/UEH/62563,,,,,,2021,MASTER'S THESES,0,Nguyễn Thị Hồng,
Công nghệ logistics tích hợp chứng chỉ FIATA,cong nghe logistics tich hop chung chi fiata,Quản lý chuỗi cung ứng,quan ly chuoi cung ung,1,tiki_book,273905393,"Quản Lý Chuỗi Cung Ứng Thực Phẩm Và Logistics- Cuốn Sách Quản Lý, Lãnh Đạo Hay Tăng Hiệu Quả Công Việc",78.75,high,exact_course_in_title; partial_course_tokens_in_secondary_text,https://tiki.vn/quan-ly-chuoi-cung-ung-thuc-pham-va-logistics-cuon-sach-quan-ly-lanh-dao-hay-tang-hieu-qua-cong-viec-p273905393.html?spid=274852180,179000,0.0,0,2,logistics; sách logistics; quản trị logistics; quản trị chuỗi cung ứng,,,,,1.0986
Công nghệ logistics tích hợp chứng chỉ FIATA,cong nghe logistics tich hop chung chi fiata,Quản lý chuỗi cung ứng,quan ly chuoi cung ung,2,tiki_book,273905391,"Quản Lý Chuỗi Cung Ứng Thực Phẩm Và Logistics- Cuốn Sách Quản Lý, Lãnh Đạo Hay Tăng Hiệu Quả Công Việc",78.75,high,exact_course_in_title; partial_course_tokens_in_secondary_text,https://tiki.vn/quan-ly-chuoi-cung-ung-thuc-pham-va-logistics-cuon-sach-quan-ly-lanh-dao-hay-tang-hieu-qua-cong-viec-p273905391.html?spid=273905392,161150,0.0,0,,logistics; sách logistics; quản trị logistics; quản trị chuỗi cung ứng,,,,,0.0
Công nghệ logistics tích hợp chứng chỉ FIATA,cong nghe logistics tich hop chung chi fiata,Quản lý chuỗi cung ứng,quan ly chuoi cung ung,3,tiki_book,273744608,Quản lý chuỗi cung ứng thực phẩm và logistics,78.67,high,exact_course_in_title; partial_course_tokens_in_secondary_text,https://tiki.vn/sach-quan-ly-chuoi-cung-ung-thuc-pham-va-logistics-p273744608.html?spid=273744609,134000,5.0,17,200,logistics; sách logistics; quản trị logistics; quản trị chuỗi cung ứng,,,,,14.6389
Công nghệ logistics tích hợp chứng chỉ FIATA,cong nghe logistics tich hop chung chi fiata,Quản lý chuỗi cung ứng,quan ly chuoi cung ung,1,ueh_repository,UEH/63272,Giải pháp hoàn thiện hoạt động chuỗi cung ứng tại Công ty TNHH Thương mại và Dịch vụ Lâm Thanh,39.08,medium,partial_course_tokens_in_title; exact_course_in_secondary_text,https://digital.lib.ueh.edu.vn/handle/UEH/63272,,,,,,2021,MASTER'S THESES,0,Đỗ Tấn Tài,
Công nghệ logistics tích hợp chứng chỉ FIATA,cong nghe logistics tich hop chung chi fiata,Quản lý chuỗi cung ứng,quan ly chuoi cung ung,2,ueh_repository,UEH/61605,The gap in supply chain management at Golden Sea Company,30.87,medium,partial_course_tokens_in_title,https://digital.lib.ueh.edu.vn/handle/UEH/61605,,,,,,2021,MASTER'S THESES,0,Le Thi Thu Thao,
Công nghệ logistics tích hợp chứng chỉ FIATA,cong nghe logistics tich hop chung chi fiata,Quản lý chuỗi cung ứng,quan ly chuoi cung ung,3,ueh_repository,UEH/62944,Tác động của mức độ sử dụng thông tin kế toán quản trị và sự tích hợp chuỗi cung ứng với sự thúc đẩy của môi trường không chắc chắn lên kết quả hoạt động kinh doanh của doanh nghiệp,28.74,medium,partial_course_tokens_in_title; partial_course_tokens_in_secondary_text,https://digital.lib.ueh.edu.vn/handle/UEH/62944,,,,,,2021,MASTER'S THESES,0,Lê Thị Thu Hiếu,
Công nghệ logistics tích hợp chứng chỉ FIATA,cong nghe logistics tich hop chung chi fiata,Thương mại điện tử logistics,thuong mai dien tu logistics,1,tiki_book,532700,Thương Mại Điện Tử,24.87,low,partial_course_tokens_in_title; partial_course_tokens_in_secondary_text,https://tiki.vn/sach-thuong-mai-dien-tu-p532700.html?spid=89424621,148000,4.0,7,46,ngân hàng thương mại; hợp đồng thương mại; thương mại điện tử; sách thương mại điện tử; sàn thương mại điện tử,,,,,10.9693
Công nghệ logistics tích hợp chứng chỉ FIATA,cong nghe logistics tich hop chung chi fiata,Thương mại điện tử logistics,thuong mai dien tu logistics,2,tiki_book,275201021,Thương mại điện tử,24.87,low,partial_course_tokens_in_title; partial_course_tokens_in_secondary_text,https://tiki.vn/thuong-mai-dien-tu-p275201021.html?spid=275201022,144000,5.0,2,17,ngân hàng thương mại; hợp đồng thương mại; thương mại điện tử; sách thương mại điện tử; sàn thương mại điện tử,,,,,9.5383
Công nghệ logistics tích hợp chứng chỉ FIATA,cong nghe logistics tich hop chung chi fiata,Thương mại điện tử logistics,thuong mai dien tu logistics,3,tiki_book,275778339,Nhập Môn Thương Mại Điện Tử,24.87,low,partial_course_tokens_in_title; partial_course_tokens_in_secondary_text,https://tiki.vn/nhap-mon-thuong-mai-dien-tu-p275778339.html?spid=275778340,171500,0.0,0,4,ngân hàng thương mại; hợp đồng thương mại; thương mại điện tử; sách thương mại điện tử; sàn thương mại điện tử,,,,,1.6094
Công nghệ logistics tích hợp chứng chỉ FIATA,cong nghe logistics tich hop chung chi fiata,Thương mại điện tử logistics,thuong mai dien tu logistics,1,ueh_repository,UEH/63432,"Pháp luật về hợp đồng thương mại điện tử của Hoa Kỳ, liên minh Châu Âu kinh nghiệm cho Việt Nam",19.18,low,partial_course_tokens_in_title; partial_course_tokens_in_secondary_text,https://digital.lib.ueh.edu.vn/handle/UEH/63432,,,,,,2021,MASTER'S THESES,0,Nguyễn Cát Tường Dung,
Công nghệ logistics tích hợp chứng chỉ FIATA,cong nghe logistics tich hop chung chi fiata,Thương mại điện tử logistics,thuong mai dien tu logistics,2,ueh_repository,UEH/63622,Pháp luật về hợp đồng thương mại điện tử - Thực trạng và giải pháp,19.18,low,partial_course_tokens_in_title; partial_course_tokens_in_secondary_text,https://digital.lib.ueh.edu.vn/handle/UEH/63622,,,,,,2021,MASTER'S THESES,0,Bùi Lam Giang,
Công nghệ logistics tích hợp chứng chỉ FIATA,cong nghe logistics tich hop chung chi fiata,Thương mại điện tử logistics,thuong mai dien tu logistics,3,ueh_repository,UEH/61180,Hợp đồng thương mại điện tử theo quy định pháp luật Việt Nam - một số vấn đề lý luận và thực tiễn,19.15,low,partial_course_tokens_in_title; partial_course_tokens_in_secondary_text,https://digital.lib.ueh.edu.vn/handle/UEH/61180,,,,,,2021,MASTER'S THESES,0,Nguyễn Minh Tài,
Công nghệ logistics tích hợp chứng chỉ FIATA,cong nghe logistics tich hop chung chi fiata,Vận tải quốc tế,van tai quoc te,1,tiki_book,278769828,Logistics Và Vận Tải Quốc Tế - TS. Trần Nguyễn Hợp Châu (Tái Bản 2025),100.0,high,exact_course_in_title; partial_course_tokens_in_secondary_text,https://tiki.vn/logistics-va-van-tai-quoc-te-ts-tran-nguyen-hop-chau-tai-ban-2025-p278769828.html?spid=278769829,170000,0.0,0,12,logistics; vận tải,,,,,2.5649
Công nghệ logistics tích hợp chứng chỉ FIATA,cong nghe logistics tich hop chung chi fiata,Vận tải quốc tế,van tai quoc te,2,tiki_book,197857892,Tài Chính Quốc Tế,28.63,low,partial_course_tokens_in_title; partial_course_tokens_in_secondary_text,https://tiki.vn/tai-chinh-quoc-te-p197857892.html?spid=197857893,48000,0.0,0,15,kinh tế quốc tế; chính sách tài khóa; tài chính; thanh toán quốc tế,,,,,2.7726
Công nghệ logistics tích hợp chứng chỉ FIATA,cong nghe logistics tich hop chung chi fiata,Vận tải quốc tế,van tai quoc te,3,tiki_book,402682,Tài Chính Quốc Tế,28.63,low,partial_course_tokens_in_title; partial_course_tokens_in_secondary_text,https://tiki.vn/sach-tai-chinh-quoc-te-p402682.html?spid=89424656,98000,0.0,0,4,kinh tế quốc tế; chính sách tài khóa; tài chính; sách tài chính; thanh toán quốc tế,,,,,1.6094
Công nghệ logistics tích hợp chứng chỉ FIATA,cong nghe logistics tich hop chung chi fiata,Vận tải quốc tế,van tai quoc te,1,ueh_repository,UEH/61163,Một số giải pháp nhằm cải thiện chất lượng dịch vụ vận tải container bằng đường bộ tại Công ty Cổ phần Tiếp vận Quốc tế Cảng Cát Lái,29.29,medium,partial_course_tokens_in_title,https://digital.lib.ueh.edu.vn/handle/UEH/61163,,,,,,2020,MASTER'S THESES,0,Phạm Doãn Sơn,
Công nghệ logistics tích hợp chứng chỉ FIATA,cong nghe logistics tich hop chung chi fiata,Vận tải quốc tế,van tai quoc te,2,ueh_repository,UEH/63681,"Tham nhũng và minh bạch tài khóa tại các quốc gia RCEP, liên hệ thực tế tại Việt Nam",24.71,low,partial_course_tokens_in_title; partial_course_tokens_in_secondary_text,https://digital.lib.ueh.edu.vn/handle/UEH/63681,,,,,,2022,MASTER'S THESES,0,Đoàn Thị Thiên Trang,
Công nghệ logistics tích hợp chứng chỉ FIATA,cong nghe logistics tich hop chung chi fiata,Vận tải quốc tế,van tai quoc te,3,ueh_repository,UEH/62563,Tác động của sự phát triển khu vực ngân hàng lên tăng trưởng kinh tế tại các quốc gia Châu Á,24.33,low,partial_course_tokens_in_title; partial_course_tokens_in_secondary_text,https://digital.lib.ueh.edu.vn/handle/UEH/62563,,,,,,2021,MASTER'S THESES,0,Nguyễn Thị Hồng,
Công nghệ nghệ thuật - ArtTech,cong nghe nghe thuat arttech,Công nghệ truyền thông sáng tạo,cong nghe truyen thong sang tao,1,tiki_book,11860704,Combo Marketing Căn Bản và Tiếp thị 4.0 - Dịch Chuyển Từ Truyền Thống Sang Công Nghệ Số ( Tặng Kèm Sổ Tay),36.67,medium,partial_course_tokens_in_title,https://tiki.vn/combo-marketing-can-ban-va-tiep-thi-4-0-dich-chuyen-tu-truyen-thong-sang-cong-nghe-so-tang-kem-so-tay-p11860704.html?spid=11860705,329000,5.0,15,112,marketing căn bản,,,,,13.8863
Công nghệ nghệ thuật - ArtTech,cong nghe nghe thuat arttech,Công nghệ truyền thông sáng tạo,cong nghe truyen thong sang tao,2,tiki_book,978016,Ứng Dụng Công Nghệ Thông Tin Và Truyền Thông Trong Đổi Mới Hoạt Động Thư Viện,24.35,low,partial_course_tokens_in_title; partial_course_tokens_in_secondary_text,https://tiki.vn/sach-ung-dung-cong-nghe-thong-tin-va-truyen-thong-trong-doi-moi-hoat-dong-thu-vien-p978016.html?spid=155557353,48000,5.0,2,9,công nghệ thông tin; sách công nghệ thông tin,,,,,8.9505
Công nghệ nghệ thuật - ArtTech,cong nghe nghe thuat arttech,Công nghệ truyền thông sáng tạo,cong nghe truyen thong sang tao,3,tiki_book,173768278,trắng Công nghệ Thông tin và Truyền thông Việt Nam 2021,24.35,low,partial_course_tokens_in_title; partial_course_tokens_in_secondary_text,https://tiki.vn/sach-trang-cong-nghe-thong-tin-va-truyen-thong-viet-nam-2021-p173768278.html?spid=173768279,176000,0.0,0,1,công nghệ thông tin; sách công nghệ thông tin,,,,,0.6931
Công nghệ nghệ thuật - ArtTech,cong nghe nghe thuat arttech,Công nghệ truyền thông sáng tạo,cong nghe truyen thong sang tao,1,ueh_repository,UEH/62699,Quản lý chất lượng toàn diện (TQM) và kết quả chất lượng: Vai trò trung gian của năng lực hấp thụ công nghệ và văn hóa sáng tạo,20.48,low,partial_course_tokens_in_title; partial_course_tokens_in_secondary_text,https://digital.lib.ueh.edu.vn/handle/UEH/62699,,,,,,2021,DISSERTATIONS,0,Nguyễn Tấn Trung,
Công nghệ nghệ thuật - ArtTech,cong nghe nghe thuat arttech,Công nghệ truyền thông sáng tạo,cong nghe truyen thong sang tao,2,ueh_repository,UEH/61191,Tác động của đồng sáng tạo giá trị và làm chủ trải nghiệm đến truyền miệng trong ngành du lịch. Một nghiên cứu tại Thành phố Hồ Chí Minh,18.64,low,partial_course_tokens_in_title; partial_course_tokens_in_secondary_text,https://digital.lib.ueh.edu.vn/handle/UEH/61191,,,,,,2020,MASTER'S THESES,0,Nguyễn Lê Thủy Trúc,
Công nghệ nghệ thuật - ArtTech,cong nghe nghe thuat arttech,Công nghệ truyền thông sáng tạo,cong nghe truyen thong sang tao,3,ueh_repository,UEH/63156,Ảnh hưởng của phong cách lãnh đạo khiêm tốn đến hiệu quả sáng tạo của nhân viên: Vai trò của chủ động cá nhân hóa công việc và tính tích cực của nhân viên,16.45,low,partial_course_tokens_in_title; partial_course_tokens_in_secondary_text,https://digital.lib.ueh.edu.vn/handle/UEH/63156,,,,,,2021,MASTER'S THESES,0,Khương Nguyễn Hương Giang,
Công nghệ nghệ thuật - ArtTech,cong nghe nghe thuat arttech,Mỹ thuật ứng dụng,my thuat ung dung,1,tiki_book,166192406,Mô Hình Đất Nền Địa Kỹ Thuật Ứng Dụng Trong Plaxis Software - Tập 1,40.56,medium,strong_course_tokens_in_title,https://tiki.vn/sach-mo-hinh-dat-nen-dia-ky-thuat-ung-dung-trong-plaxis-software-tap-1-p166192406.html?spid=177136415,113000,5.0,1,18,software engineering,,,,,8.9842
Công nghệ nghệ thuật - ArtTech,cong nghe nghe thuat arttech,Mỹ thuật ứng dụng,my thuat ung dung,2,tiki_book,275126673,Mô Hình Đất Nền Địa Kỹ Thuật Ứng Dụng Trong Plaxis Software - Tập 1,40.56,medium,strong_course_tokens_in_title,https://tiki.vn/mo-hinh-dat-nen-dia-ky-thuat-ung-dung-trong-plaxis-software-tap-1-p275126673.html?spid=275126674,113000,0.0,0,1,software engineering,,,,,0.6931
Công nghệ nghệ thuật - ArtTech,cong nghe nghe thuat arttech,Mỹ thuật ứng dụng,my thuat ung dung,3,tiki_book,194140174,Mô Hình Đất Nền Địa Kỹ Thuật Ứng Dụng Trong Plaxis Software - Tập 1 ( Tặng sổ tay xương rồng ),40.56,medium,strong_course_tokens_in_title,https://tiki.vn/mo-hinh-dat-nen-dia-ky-thuat-ung-dung-trong-plaxis-software-tap-1-tang-so-tay-xuong-rong-p194140174.html?spid=271422521,113000,0.0,0,1,software engineering,,,,,0.6931
Công nghệ nghệ thuật - ArtTech,cong nghe nghe thuat arttech,Mỹ thuật ứng dụng,my thuat ung dung,1,ueh_repository,UEH/61484,Các yếu tố ảnh hưởng đến quyết định phẫu thuật thẩm mỹ mũi cấu trúc tại TP.HCM,14.61,low,partial_course_tokens_in_title; partial_course_tokens_in_secondary_text,https://digital.lib.ueh.edu.vn/handle/UEH/61484,,,,,,2021,MASTER'S THESES,0,Hồ Ngọc Loan,
Công nghệ nghệ thuật - ArtTech,cong nghe nghe thuat arttech,Mỹ thuật ứng dụng,my thuat ung dung,2,ueh_repository,UEH/62850,So sánh hiệu quả chi phí điều trị giữa phác đồ có sử dụng kháng sinh và không sử dụng kháng sinh sau phẫu thuật của bệnh nhân ung thư dạ dày tại Khoa ĐTTYC L10B3 Bệnh viện Chợ Rẫy,13.61,low,partial_course_tokens_in_title; partial_course_tokens_in_secondary_text,https://digital.lib.ueh.edu.vn/handle/UEH/62850,,,,,,2021,MASTER'S THESES,0,Nguyễn Ngọc Hoàng,
Công nghệ nghệ thuật - ArtTech,cong nghe nghe thuat arttech,Mỹ thuật ứng dụng,my thuat ung dung,3,ueh_repository,UEH/62540,Ứng dụng công nghệ trí tuệ nhân tạo trong dịch vụ tài chính tại thị trường tài chính Việt Nam,13.05,low,partial_course_tokens_in_title; partial_course_tokens_in_secondary_text,https://digital.lib.ueh.edu.vn/handle/UEH/62540,,,,,,2021,Book Series,0,TS. Ngô Minh Vũ; TS. Nguyễn Hữu Huân,
Công nghệ nghệ thuật - ArtTech,cong nghe nghe thuat arttech,Nghệ thuật tương tác,nghe thuat tuong tac,1,tiki_book,22885082,Combo Sách Kinh Doanh Hay : Ideal Man Người Hùng Ý Tưởng + The Art Of Strategy - Nghệ Thuật Tư Duy Chiến Lược - Tặng Kèm Postcard HAPPY LIFE,21.36,low,partial_course_tokens_in_title,https://tiki.vn/combo-sach-kinh-doanh-hay-ideal-man-nguoi-hung-y-tuong-the-art-of-strategy-nghe-thuat-tu-duy-chien-luoc-tang-kem-postcard-happy-life-p22885082.html?spid=277115113,481000,0.0,0,,brand strategy,,,,,0.0
Công nghệ nghệ thuật - ArtTech,cong nghe nghe thuat arttech,Nghệ thuật tương tác,nghe thuat tuong tac,2,tiki_book,20452413,"Combo Sách Tư Duy: Nghệ thuật tư duy chiến lược + Mỗi ngày 10 ý tưởng rèn luyện "" Cơ bắp "" sáng tạo",21.36,low,partial_course_tokens_in_title,https://tiki.vn/combo-sa-ch-tu-duy-nghe-thuat-tu-duy-chien-luoc-moi-ngay-10-y-tuong-ren-luyen-co-bap-sang-tao-p20452413.html?spid=208779566,259000,0.0,0,,tư duy sáng tạo,,,,,0.0
Công nghệ nghệ thuật - ArtTech,cong nghe nghe thuat arttech,Nghệ thuật tương tác,nghe thuat tuong tac,3,tiki_book,52317347,Công Tác Bảo Mật Cá Nhân Trong Kỷ Nguyên Big Data: Nghệ Thuật Ẩn Mình,21.35,low,partial_course_tokens_in_title,https://tiki.vn/cong-tac-bao-mat-ca-nhan-trong-ky-nguyen-big-data-nghe-thuat-an-minh-p52317347.html?spid=119252486,230000,0.0,0,1,big data,,,,,0.6931
Công nghệ nghệ thuật - ArtTech,cong nghe nghe thuat arttech,Nghệ thuật tương tác,nghe thuat tuong tac,1,ueh_repository,UEH/62804,Ảnh hưởng thương hiệu người nổi tiếng trực tuyến lên động lực tham gia của khách hàng: hành vi tương tác ảo và dự định mua hàng,18.63,low,partial_course_tokens_in_title; partial_course_tokens_in_secondary_text,https://digital.lib.ueh.edu.vn/handle/UEH/62804,,,,,,2021,MASTER'S THESES,0,Nhan Minh Nhựt,
Công nghệ nghệ thuật - ArtTech,cong nghe nghe thuat arttech,Nghệ thuật tương tác,nghe thuat tuong tac,2,ueh_repository,UEH/61330,Các yếu tố ảnh hưởng đến tương tác truyền miệng trực tuyến: một nghiên cứu về dự định mua hàng trên nền tảng mạng xã hội Facebook,17.21,low,partial_course_tokens_in_title; partial_course_tokens_in_secondary_text,https://digital.lib.ueh.edu.vn/handle/UEH/61330,,,,,,2020,MASTER'S THESES,0,Trần Công Đạt,
Công nghệ nghệ thuật - ArtTech,cong nghe nghe thuat arttech,Nghệ thuật tương tác,nghe thuat tuong tac,3,ueh_repository,UEH/61273,"Ảnh hưởng của lòng tin, công bằng tương tác, quyền sở hữu tâm lý và vai trò trung gian của gắn kết cảm xúc đến hành vi chia sẻ tri thức trong các công ty tự động hóa tại Thành phố Hồ Chí Minh",13.99,low,partial_course_tokens_in_title,https://digital.lib.ueh.edu.vn/handle/UEH/61273,,,,,,2021,MASTER'S THESES,0,Ngô Tấn Tài,
Công nghệ nghệ thuật - ArtTech,cong nghe nghe thuat arttech,Sản xuất nội dung số,san xuat noi dung so,1,tiki_book,122489015,"Content Marketing 4.0: Nội dung hay, bán bay kho hàng (Tặng kèm khóa học online)",13.06,low,partial_course_tokens_in_title; partial_course_tokens_in_secondary_text,https://tiki.vn/content-marketing-4-0-noi-dung-hay-ban-bay-kho-hang-tang-kem-khoa-hoc-online-p122489015.html?spid=164092081,149240,5.0,1,55,content marketing,,,,,10.0651
Công nghệ nghệ thuật - ArtTech,cong nghe nghe thuat arttech,Sản xuất nội dung số,san xuat noi dung so,2,tiki_book,159015516,"Content Marketing 4.0: Nội dung hay, bán bay kho hàng",13.06,low,partial_course_tokens_in_title; partial_course_tokens_in_secondary_text,https://tiki.vn/content-marketing-4-0-noi-dung-hay-ban-bay-kho-hang-p159015516.html?spid=274029050,182000,0.0,0,,content marketing,,,,,0.0
Công nghệ nghệ thuật - ArtTech,cong nghe nghe thuat arttech,Sản xuất nội dung số,san xuat noi dung so,3,tiki_book,273440905,Content Marketing 4.0 Nội Dung Hay Bán Bay Kho Hàng,13.06,low,partial_course_tokens_in_title; partial_course_tokens_in_secondary_text,https://tiki.vn/content-marketing-4-0-noi-dung-hay-ban-bay-kho-hang-p273440905.html?spid=274029049,182000,0.0,0,,content marketing,,,,,0.0
Công nghệ nghệ thuật - ArtTech,cong nghe nghe thuat arttech,Sản xuất nội dung số,san xuat noi dung so,1,ueh_repository,UEH/63127,Nghiên cứu ảnh hưởng của nhận định giá trị các hoạt động Marketing nội dung trên Mạng xã hội đến đánh giá trải nghiệm và lòng trung thành thương hiệu của khách hàng,8.3,low,partial_course_tokens_in_title; partial_course_tokens_in_secondary_text,https://digital.lib.ueh.edu.vn/handle/UEH/63127,,,,,,2021,MASTER'S THESES,0,Phan Thắng,
Công nghệ nghệ thuật - ArtTech,cong nghe nghe thuat arttech,Sản xuất nội dung số,san xuat noi dung so,2,ueh_repository,UEH/62589,"Pháp luật về xử phạt vi phạm hành chính về xử lý nước thải-thực tiễn áp dụng đối với các cơ sở sản xuất, kinh doanh tại thị xã La Gi, tỉnh Bình Thuận",6.57,low,partial_course_tokens_in_title; partial_course_tokens_in_secondary_text,https://digital.lib.ueh.edu.vn/handle/UEH/62589,,,,,,2021,MASTER'S THESES,0,Nguyễn Thị Cẩm Vân,
Công nghệ nghệ thuật - ArtTech,cong nghe nghe thuat arttech,Sản xuất nội dung số,san xuat noi dung so,3,ueh_repository,UEH/63329,Các nhân tố ảnh hưởng đến việc vận dụng hệ thống kế toán chi phí dựa trên cơ sở hoạt động (ABC) – Nghiên cứu tại các doanh nghiệp sản xuất trên địa bàn tỉnh Long An,6.33,low,partial_course_tokens_in_title; partial_course_tokens_in_secondary_text,https://digital.lib.ueh.edu.vn/handle/UEH/63329,,,,,,2021,MASTER'S THESES,0,Nguyễn Thị Ngọc Kiều,
Công nghệ nghệ thuật - ArtTech,cong nghe nghe thuat arttech,Thiết kế UX/UI,thiet ke ux ui,1,tiki_book,198215131,"UX RESEARCH-Thấu Hiểu Người Dùng, Ung Dung Chiến Thắng",32.14,medium,partial_course_tokens_in_title; partial_course_tokens_in_secondary_text,https://tiki.vn/sach-ux-research-thau-hieu-nguoi-dung-ung-dung-chien-thang-p198215131.html?spid=198215132,90350,5.0,40,512,market research; research methodology; scientific research methods; qualitative research; quantitative research,,,,,16.8106
Công nghệ nghệ thuật - ArtTech,cong nghe nghe thuat arttech,Thiết kế UX/UI,thiet ke ux ui,2,tiki_book,276911631,"- UX RESEARCH - Thấu Hiểu Người Dùng, Ung Dung Chiến Thắng - AZ Việt Nam",32.14,medium,partial_course_tokens_in_title; partial_course_tokens_in_secondary_text,https://tiki.vn/sach-ux-research-thau-hieu-nguoi-dung-ung-dung-chien-thang-az-viet-nam-p276911631.html?spid=276911633,139000,0.0,0,1,market research; research methodology; scientific research methods; qualitative research; quantitative research,,,,,0.6931
Công nghệ nghệ thuật - ArtTech,cong nghe nghe thuat arttech,Thiết kế UX/UI,thiet ke ux ui,3,tiki_book,198859165,"Cuốn sách: UX RESEARCH-Thấu Hiểu Người Dùng, Ung Dung Chiến Thắng",32.14,medium,partial_course_tokens_in_title; partial_course_tokens_in_secondary_text,https://tiki.vn/cuon-sach-ux-research-thau-hieu-nguoi-dung-ung-dung-chien-thang-p198859165.html?spid=203534780,139000,0.0,0,1,market research; research methodology; scientific research methods; qualitative research; quantitative research,,,,,0.6931
Công nghệ nghệ thuật - ArtTech,cong nghe nghe thuat arttech,Thiết kế UX/UI,thiet ke ux ui,1,ueh_repository,UEH/61861,Stable and finite Morse index solutions of a nonlinear Schrödinger system,8.35,low,partial_course_tokens_in_secondary_text,https://digital.lib.ueh.edu.vn/handle/UEH/61861,,,,,,2021,INTERNATIONAL PUBLICATIONS,0,Le P.,
Công nghệ nghệ thuật - ArtTech,cong nghe nghe thuat arttech,Thiết kế UX/UI,thiet ke ux ui,2,ueh_repository,UEH/62189,On a nonlinear wave equation with boundary conditions involved in a Cauchy problem,8.33,low,partial_course_tokens_in_secondary_text,https://digital.lib.ueh.edu.vn/handle/UEH/62189,,,,,,2011,INTERNATIONAL PUBLICATIONS,0,Ngoc L.T.P.; Luan L.K.; Thuyet T.M.; Long N.T.,
Công nghệ nghệ thuật - ArtTech,cong nghe nghe thuat arttech,Thiết kế UX/UI,thiet ke ux ui,3,ueh_repository,UEH/62193,High-order iterative methods for a nonlinear kirchhoff wave equation,8.33,low,partial_course_tokens_in_secondary_text,https://digital.lib.ueh.edu.vn/handle/UEH/62193,,,,,,2010,INTERNATIONAL PUBLICATIONS,0,Ngoc L.T.P.; Truong L.X.; Long N.T.,
Công nghệ nghệ thuật - ArtTech,cong nghe nghe thuat arttech,Thiết kế đồ họa số,thiet ke do hoa so,1,tiki_book,274890405,"- Nhận Diện Nghệ Thuật Đồ Họa - Để nghiên cứu , sáng tác và giảng dạy Thiết Kế Đồ Họa ( Tặng kèm sổ tay xương rồng )",57.58,medium,strong_course_tokens_in_title; partial_course_tokens_in_secondary_text,https://tiki.vn/sach-nhan-dien-nghe-thuat-do-hoa-de-nghien-cuu-sang-tac-va-giang-day-thiet-ke-do-hoa-tang-kem-so-tay-xuong-rong-p274890405.html?spid=274890406,560000,0.0,0,4,thiết kế nghiên cứu,,,,,1.6094
Công nghệ nghệ thuật - ArtTech,cong nghe nghe thuat arttech,Thiết kế đồ họa số,thiet ke do hoa so,2,tiki_book,274890426,"Nhận Diện Nghệ Thuật Đồ Họa - Để nghiên cứu , sáng tác và giảng dạy Thiết Kế Đồ Họa ( Tặng kèm sổ tay xương rồng )",57.58,medium,strong_course_tokens_in_title; partial_course_tokens_in_secondary_text,https://tiki.vn/nhan-dien-nghe-thuat-do-hoa-de-nghien-cuu-sang-tac-va-giang-day-thiet-ke-do-hoa-tang-kem-so-tay-xuong-rong-p274890426.html?spid=274890427,700000,0.0,0,2,thiết kế nghiên cứu,,,,,1.0986
Công nghệ nghệ thuật - ArtTech,cong nghe nghe thuat arttech,Thiết kế đồ họa số,thiet ke do hoa so,3,tiki_book,278095778,"Nhận Diện Nghệ Thuật Đồ Họa: Để Nghiên Cứu,Sáng Tạo Và Giảng Dạy Thiết Kế Đồ Họa",54.22,medium,strong_course_tokens_in_title; partial_course_tokens_in_secondary_text,https://tiki.vn/nhan-dien-nghe-thuat-do-hoa-de-nghien-cuu-sang-tao-va-giang-day-thiet-ke-do-hoa-p278095778.html?spid=278095779,700000,0.0,0,,thiết kế nghiên cứu,,,,,0.0
Công nghệ nghệ thuật - ArtTech,cong nghe nghe thuat arttech,Thiết kế đồ họa số,thiet ke do hoa so,1,ueh_repository,UEH/62528,Áp dụng của tư duy thiết kế vào chuyển đổi số: lý thuyết và bài học thực tiễn,17.9,low,partial_course_tokens_in_title; partial_course_tokens_in_secondary_text,https://digital.lib.ueh.edu.vn/handle/UEH/62528,,,,,,2021,Book Series,0,TS. Cao Quốc Việt; ThS. Nguyễn Tấn Trung,
Công nghệ nghệ thuật - ArtTech,cong nghe nghe thuat arttech,Thiết kế đồ họa số,thiet ke do hoa so,2,ueh_repository,UEH/63614,"Tác động của đổi mới, sự hối tiếc và văn hóa đến ý định thanh toán bằng các thiết bị kỹ thuật số của khách hàng tại Tp. Hồ Chí Minh",10.45,low,partial_course_tokens_in_title; partial_course_tokens_in_secondary_text,https://digital.lib.ueh.edu.vn/handle/UEH/63614,,,,,,2021,MASTER'S THESES,0,Phạm Nguyễn Ngọc Nam,
Công nghệ nghệ thuật - ArtTech,cong nghe nghe thuat arttech,Thiết kế đồ họa số,thiet ke do hoa so,3,ueh_repository,UEH/63180,Quản lý chi ngân sách nhà nước cho hoạt động dân số - kế hoạch hóa gia đình tại tỉnh Bà Rịa – Vũng Tàu,10.06,low,partial_course_tokens_in_title; partial_course_tokens_in_secondary_text,https://digital.lib.ueh.edu.vn/handle/UEH/63180,,,,,,2021,MASTER'S THESES,0,Nguyễn Phương Nam,
Công nghệ thông tin,cong nghe thong tin,Cơ sở dữ liệu,co so du lieu,1,tiki_book,7164855,Cơ Sở Dữ Liệu Quan Hệ & Ứng Dụng,55.12,medium,exact_course_in_title; exact_course_in_secondary_text,https://tiki.vn/sach-co-so-du-lieu-quan-he-ung-dung-p7164855.html?spid=188782912,68000,0.0,0,22,cơ sở dữ liệu; khoa học dữ liệu; sách khoa học dữ liệu,,,,,3.1355
Công nghệ thông tin,cong nghe thong tin,Cơ sở dữ liệu,co so du lieu,2,tiki_book,277269518,Giáo Trình Cơ Sở Dữ Liệu Quan Hệ - Lý Thuyết Và Áp Dụng,55.12,medium,exact_course_in_title; exact_course_in_secondary_text,https://tiki.vn/giao-trinh-co-so-du-lieu-quan-he-ly-thuyet-va-ap-dung-p277269518.html?spid=277269519,160000,0.0,0,8,cơ sở dữ liệu,,,,,2.1972
Công nghệ thông tin,cong nghe thong tin,Cơ sở dữ liệu,co so du lieu,3,tiki_book,199898491,Cơ Sở Dữ Liệu Suy Diễn,55.12,medium,exact_course_in_title; exact_course_in_secondary_text,https://tiki.vn/co-so-du-lieu-suy-dien-p199898491.html?spid=199898492,43000,0.0,0,4,cơ sở dữ liệu,,,,,1.6094
Công nghệ thông tin,cong nghe thong tin,Cơ sở dữ liệu,co so du lieu,1,ueh_repository,UEH/62516,Ứng dụng Big Data và ai trong xây dựng và khai thác cơ sở dữ liệu quốc gia về giá bất động sản tại Việt Nam,55.89,medium,exact_course_in_title; exact_course_in_secondary_text,https://digital.lib.ueh.edu.vn/handle/UEH/62516,,,,,,2021,Book Series,0,Nguyễn Quỳnh Hoa; Huỳnh Kiều Tiên; Hay Sinh; Trần Bích Vân; Nguyễn Kim Đức; Nguyễn Thị Tuyết Nhung,
Công nghệ thông tin,cong nghe thong tin,Cơ sở dữ liệu,co so du lieu,2,ueh_repository,UEH/63925,Ứng dụng công nghệ Data Lake trong quản lý và khai phá dữ liệu của ngân hàng,15.87,low,partial_course_tokens_in_title; partial_course_tokens_in_secondary_text,https://digital.lib.ueh.edu.vn/handle/UEH/63925,,,,,,2022,MASTER'S THESES,0,Phan Vũ Thành Phương,
Công nghệ thông tin,cong nghe thong tin,Cơ sở dữ liệu,co so du lieu,3,ueh_repository,UEH/62507,Cải cách pháp luật đáp ứng nhu cầu bảo vệ dữ liệu cá nhân trong chuyển đổi số,13.78,low,partial_course_tokens_in_title; partial_course_tokens_in_secondary_text,https://digital.lib.ueh.edu.vn/handle/UEH/62507,,,,,,2021,Book Series,0,TS. Dương Kim Thế Nguyên; ThS. Huỳnh Thiên Tứ; ThS. Lê Thùy Khanh; ThS. Mai Nguyễn Dũng,
Công nghệ thông tin,cong nghe thong tin,Lập trình hướng đối tượng,lap trinh huong doi tuong,1,tiki_book,273585809,Công Nghệ Thông Tin- Giáo Trình C++ Và Lập Trình Hướng Đối Tượng,93.35,high,exact_course_in_title; exact_major_in_title,https://tiki.vn/sach-cong-nghe-thong-tin-giao-trinh-c-va-lap-trinh-huong-doi-tuong-p273585809.html?spid=277460817,165733,0.0,0,,công nghệ thông tin; sách công nghệ thông tin,,,,,0.0
Công nghệ thông tin,cong nghe thong tin,Lập trình hướng đối tượng,lap trinh huong doi tuong,2,tiki_book,270113245,Giáo trình C++ và lập trình hướng đối tượng,90.0,high,exact_course_in_title; partial_course_tokens_in_secondary_text,https://tiki.vn/sach-giao-trinh-c-va-lap-tri-nh-huong-doi-tuong-p270113245.html?spid=270113246,148000,4.7,21,130,lập trình,,,,,14.2118
Công nghệ thông tin,cong nghe thong tin,Lập trình hướng đối tượng,lap trinh huong doi tuong,3,tiki_book,193724488,Sách: Giáo Trình C++ Và Lập Trình Hướng Đối Tượng,90.0,high,exact_course_in_title; partial_course_tokens_in_secondary_text,https://tiki.vn/sach-giao-trinh-c-va-lap-trinh-huong-doi-tuong-p193724488.html?spid=193724489,165733,2.0,1,4,lập trình,,,,,4.6492
Công nghệ thông tin,cong nghe thong tin,Lập trình hướng đối tượng,lap trinh huong doi tuong,1,ueh_repository,UEH/63077,Các nhân tố ảnh hưởng đến sự hài lòng của đối tượng cung cấp thông tin về điều tra thống kê tại Cục Thống kê tỉnh Long An,13.38,low,partial_course_tokens_in_title; partial_course_tokens_in_secondary_text,https://digital.lib.ueh.edu.vn/handle/UEH/63077,,,,,,2021,MASTER'S THESES,0,Phan Ngọc Bình,
Công nghệ thông tin,cong nghe thong tin,Lập trình hướng đối tượng,lap trinh huong doi tuong,2,ueh_repository,UEH/63083,Các nhân tố ảnh hưởng đến sự hài lòng của đối tượng cung cấp thông tin về điều tra thống kê tại Cục thống kê tỉnh Tiền Giang,13.38,low,partial_course_tokens_in_title; partial_course_tokens_in_secondary_text,https://digital.lib.ueh.edu.vn/handle/UEH/63083,,,,,,2021,MASTER'S THESES,0,Nguyễn Duy Thiện,
Công nghệ thông tin,cong nghe thong tin,Lập trình hướng đối tượng,lap trinh huong doi tuong,3,ueh_repository,UEH/63072,Phân tích các nhân tố ảnh hưởng đến mức độ hài lòng của đối tượng sử dụng thông tin thống kê tỉnh Long An,13.36,low,partial_course_tokens_in_title; partial_course_tokens_in_secondary_text,https://digital.lib.ueh.edu.vn/handle/UEH/63072,,,,,,2021,MASTER'S THESES,0,Nguyễn Đức Ngoan,
Công nghệ thông tin,cong nghe thong tin,Mạng máy tính,mang may tinh,1,tiki_book,271997519,Giáo Trình Mạng Máy Tính Và Truyền Thông - TS. Phan Thanh Đức,59.36,medium,exact_course_in_title; exact_course_in_secondary_text,https://tiki.vn/giao-trinh-mang-may-tinh-va-truyen-thong-ts-phan-thanh-duc-p271997519.html?spid=271997520,120000,5.0,1,5,mạng máy tính,,,,,7.8315
Công nghệ thông tin,cong nghe thong tin,Mạng máy tính,mang may tinh,2,tiki_book,271313297,- Giáo trình Mạng máy tính và truyền thông,59.36,medium,exact_course_in_title; exact_course_in_secondary_text,https://tiki.vn/sach-giao-trinh-mang-may-tinh-va-truyen-thong-p271313297.html?spid=279339586,117600,0.0,0,,mạng máy tính,,,,,0.0
Công nghệ thông tin,cong nghe thong tin,Mạng máy tính,mang may tinh,3,tiki_book,275786344,Giáo Trình Mạng Máy Tính - Nguyễn Thế Lộc (ĐHSP),59.18,medium,exact_course_in_title; exact_course_in_secondary_text,https://tiki.vn/giao-trinh-mang-may-tinh-nguyen-the-loc-dhsp-p275786344.html?spid=275786345,95000,5.0,2,13,mạng máy tính,,,,,9.287
Công nghệ thông tin,cong nghe thong tin,Mạng máy tính,mang may tinh,1,ueh_repository,UEH/62896,Quản lý nhà nước về ứng dụng công nghệ thông tin trên địa bàn tỉnh An Giang,8.57,low,partial_course_tokens_in_title; partial_course_tokens_in_secondary_text; exact_major_in_title,https://digital.lib.ueh.edu.vn/handle/UEH/62896,,,,,,2021,MASTER'S THESES,0,Mai Châu Giang,
Công nghệ thông tin,cong nghe thong tin,Mạng máy tính,mang may tinh,2,ueh_repository,UEH/61222,Tác động của các phong cách lãnh đạo đến ý thức gắn kết với tổ chức của đội ngũ cán bộ tại Nhà máy Xi măng FiCO,6.72,low,partial_course_tokens_in_title; partial_course_tokens_in_secondary_text,https://digital.lib.ueh.edu.vn/handle/UEH/61222,,,,,,2020,MASTER'S THESES,0,Nguyễn Việt Hoàng,
Công nghệ thông tin,cong nghe thong tin,Mạng máy tính,mang may tinh,3,ueh_repository,UEH/62787,Các yếu tố ảnh hưởng đến quá trình chia sẻ tri thức và năng lực đổi mới của tổ chức: nghiên cứu trường hợp các công ty công nghệ thông tin phần mềm tại Thành phố Hồ Chí Minh,5.94,low,exact_major_in_title,https://digital.lib.ueh.edu.vn/handle/UEH/62787,,,,,,2021,MASTER'S THESES,0,Đinh Võ Quan,
Công nghệ thông tin,cong nghe thong tin,Phát triển phần mềm,phat trien phan mem,1,tiki_book,271319520,Giáo trình kỹ nghệ phần mềm,32.07,medium,partial_course_tokens_in_title; exact_course_in_secondary_text,https://tiki.vn/giao-trinh-ky-nghe-phan-mem-p271319520.html?spid=271319521,36000,0.0,0,6,phát triển phần mềm,,,,,1.9459
Công nghệ thông tin,cong nghe thong tin,Phát triển phần mềm,phat trien phan mem,2,tiki_book,273587068,Hướng Nghiệp Phát Triển Kỹ Năng Mềm - Khéo Khôn Với Tiền - Tránh Những Ưu Phiền,21.41,low,partial_course_tokens_in_title; exact_course_in_secondary_text,https://tiki.vn/sach-huong-nghiep-phat-trien-ky-nang-mem-kheo-khon-voi-tien-tranh-nhung-uu-phien-p273587068.html?spid=273587069,131250,0.0,0,55,phát triển phần mềm; sách kỹ năng mềm,,,,,4.0254
Công nghệ thông tin,cong nghe thong tin,Phát triển phần mềm,phat trien phan mem,3,tiki_book,273595305,Giáo Dục Và Phát Triển Kỹ Năng Mềm Cho Trẻ- Dưỡng Trí Não Con Tinh,21.07,low,partial_course_tokens_in_title; exact_course_in_secondary_text,https://tiki.vn/sach-giao-duc-va-phat-trien-ky-nang-mem-cho-tre-duong-tri-nao-con-tinh-p273595305.html?spid=273595306,108000,0.0,0,1,phát triển phần mềm,,,,,0.6931
Công nghệ thông tin,cong nghe thong tin,Phát triển phần mềm,phat trien phan mem,1,ueh_repository,UEH/62787,Các yếu tố ảnh hưởng đến quá trình chia sẻ tri thức và năng lực đổi mới của tổ chức: nghiên cứu trường hợp các công ty công nghệ thông tin phần mềm tại Thành phố Hồ Chí Minh,13.64,low,partial_course_tokens_in_title; partial_course_tokens_in_secondary_text; exact_major_in_title,https://digital.lib.ueh.edu.vn/handle/UEH/62787,,,,,,2021,MASTER'S THESES,0,Đinh Võ Quan,
Công nghệ thông tin,cong nghe thong tin,Phát triển phần mềm,phat trien phan mem,2,ueh_repository,UEH/61090,Nâng cao chất lượng dịch vụ công nghệ thông tin của Trung tâm Phần mềm Viettel 1 - chi nhánh Tập đoàn Công nghiệp - Viễn thông Quân đội,13.64,low,partial_course_tokens_in_title; partial_course_tokens_in_secondary_text; exact_major_in_title,https://digital.lib.ueh.edu.vn/handle/UEH/61090,,,,,,2020,MASTER'S THESES,0,Nguyễn Ngọc Tấn Phát,
Công nghệ thông tin,cong nghe thong tin,Phát triển phần mềm,phat trien phan mem,3,ueh_repository,UEH/62896,Quản lý nhà nước về ứng dụng công nghệ thông tin trên địa bàn tỉnh An Giang,9.16,low,partial_course_tokens_in_title; partial_course_tokens_in_secondary_text; exact_major_in_title,https://digital.lib.ueh.edu.vn/handle/UEH/62896,,,,,,2021,MASTER'S THESES,0,Mai Châu Giang,
Công nghệ thông tin,cong nghe thong tin,Trí tuệ nhân tạo,tri tue nhan tao,1,tiki_book,279233260,Hiểu Về Trí Tuệ Nhân Tạo - AI,100.0,high,exact_course_in_title; exact_course_in_secondary_text,https://tiki.vn/sach-hieu-ve-tri-tue-nhan-tao-ai-p279233260.html?spid=279233261,123200,0.0,0,4,trí tuệ nhân tạo,,,,,1.6094
Công nghệ thông tin,cong nghe thong tin,Trí tuệ nhân tạo,tri tue nhan tao,2,tiki_book,277674777,Combo Sách Trí Tuệ Nhân Tạo (Trí Tuệ Đồng Hành + AI 2041),100.0,high,exact_course_in_title; exact_course_in_secondary_text,https://tiki.vn/combo-sach-tri-tue-nhan-tao-tri-tue-dong-hanh-ai-2041-p277674777.html?spid=277915064,414800,0.0,0,,trí tuệ nhân tạo,,,,,0.0
Công nghệ thông tin,cong nghe thong tin,Trí tuệ nhân tạo,tri tue nhan tao,3,tiki_book,279269336,- Hiểu Về Trí Tuệ Nhân Tạo AI,100.0,high,exact_course_in_title; exact_course_in_secondary_text,https://tiki.vn/sach-hieu-ve-tri-tue-nhan-tao-ai-p279269336.html?spid=279269337,139500,0.0,0,,trí tuệ nhân tạo,,,,,0.0
Công nghệ thông tin,cong nghe thong tin,Trí tuệ nhân tạo,tri tue nhan tao,1,ueh_repository,UEH/62540,Ứng dụng công nghệ trí tuệ nhân tạo trong dịch vụ tài chính tại thị trường tài chính Việt Nam,81.37,high,exact_course_in_title; exact_course_in_secondary_text,https://digital.lib.ueh.edu.vn/handle/UEH/62540,,,,,,2021,Book Series,0,TS. Ngô Minh Vũ; TS. Nguyễn Hữu Huân,
Công nghệ thông tin,cong nghe thong tin,Trí tuệ nhân tạo,tri tue nhan tao,2,ueh_repository,UEH/62516,Ứng dụng Big Data và ai trong xây dựng và khai thác cơ sở dữ liệu quốc gia về giá bất động sản tại Việt Nam,49.21,medium,partial_course_tokens_in_title; exact_course_in_secondary_text,https://digital.lib.ueh.edu.vn/handle/UEH/62516,,,,,,2021,Book Series,0,Nguyễn Quỳnh Hoa; Huỳnh Kiều Tiên; Hay Sinh; Trần Bích Vân; Nguyễn Kim Đức; Nguyễn Thị Tuyết Nhung,
Công nghệ thông tin,cong nghe thong tin,Trí tuệ nhân tạo,tri tue nhan tao,3,ueh_repository,UEH/62242,AI and Blockchain: potential and challenge for building a smart E-Learning system in Vietnam,40.01,medium,partial_course_tokens_in_title; strong_course_tokens_in_secondary_text,https://digital.lib.ueh.edu.vn/handle/UEH/62242,,,,,,2021,Conference Papers,0,Hung N.Q.; Phung T.K.; Hien P.; Thanh D.N.H.,
Công nghệ thông tin,cong nghe thong tin,Điện toán đám mây,dien toan dam may,1,tiki_book,5929511,Cố Định Một Đám Mây,41.99,medium,partial_course_tokens_in_title; exact_course_in_secondary_text,https://tiki.vn/sach-co-dinh-mot-dam-may-p5929511.html?spid=5929513,102500,4.6,37,2044,điện toán đám mây,,,,,17.6795
Công nghệ thông tin,cong nghe thong tin,Điện toán đám mây,dien toan dam may,2,tiki_book,57791768,Khi Hạt Nước Hóa Đám Mây,41.99,medium,partial_course_tokens_in_title; exact_course_in_secondary_text,https://tiki.vn/sach-khi-hat-nuoc-hoa-dam-may-p57791768.html?spid=70712226,111000,5.0,4,75,điện toán đám mây,,,,,11.7449
Công nghệ thông tin,cong nghe thong tin,Điện toán đám mây,dien toan dam may,3,tiki_book,271319414,Đám mây trò chuyện với chân trời,41.99,medium,partial_course_tokens_in_title; exact_course_in_secondary_text,https://tiki.vn/sach-dam-may-tro-chuyen-voi-chan-troi-p271319414.html?spid=271319415,73000,5.0,2,17,điện toán đám mây,,,,,9.5383
Công nghệ thông tin,cong nghe thong tin,Điện toán đám mây,dien toan dam may,1,ueh_repository,UEH/63406,Các nhân tố ảnh hưởng đến nhu cầu sử dụng dịch vụ kế toán của các doanh nghiệp dùng kế toán đám mây trên địa bàn TP. Hồ Chí Minh,40.54,medium,partial_course_tokens_in_title; partial_course_tokens_in_secondary_text,https://digital.lib.ueh.edu.vn/handle/UEH/63406,,,,,,2021,MASTER'S THESES,0,Trần Thị Hảo,
Công nghệ thông tin,cong nghe thong tin,Điện toán đám mây,dien toan dam may,2,ueh_repository,UEH/62285,Enterprise application management in cloud computing context,23.5,low,partial_course_tokens_in_title; partial_course_tokens_in_secondary_text,https://digital.lib.ueh.edu.vn/handle/UEH/62285,,,,,,2014,Conference Papers,0,Feuerlicht G.; Tran H.T.,
Công nghệ thông tin,cong nghe thong tin,Điện toán đám mây,dien toan dam may,3,ueh_repository,UEH/63720,Giải pháp nâng cao quản lý chất lượng toàn diện tại nhà máy nhựa NPC VINA,9.95,low,partial_course_tokens_in_title,https://digital.lib.ueh.edu.vn/handle/UEH/63720,,,,,,2022,MASTER'S THESES,0,Trần Quang Nam,
Công nghệ và đổi mới sáng tạo,cong nghe va doi moi sang tao,Chiến lược đổi mới,chien luoc doi moi,1,tiki_book,278049242,Combo Đầu Tư Vào Vàng - Khoản Đầu Tư Tuyệt Đối An toàn Thiết Yếu Cho Mọi Danh Mục Đầu Tư (Alpha Books) + Chiến Lược Đầu Tư Vàng Sinh Lời (AZ Việt Nam),26.41,low,partial_course_tokens_in_title,https://tiki.vn/combo-dau-tu-vao-vang-khoan-dau-tu-tuyet-doi-an-toan-thiet-yeu-cho-moi-danh-muc-dau-tu-alpha-books-chien-luoc-dau-tu-vang-sinh-loi-az-viet-nam-p278049242.html?spid=278049243,233000,0.0,0,1,đầu tư,,,,,0.6931
Công nghệ và đổi mới sáng tạo,cong nghe va doi moi sang tao,Chiến lược đổi mới,chien luoc doi moi,2,tiki_book,36828944,Chiến Lược Mở Rộng Kinh Doanh Từ Cốt Lõi [Phương Thức Tăng Trưởng Lợi Nhuận Mới Cho Doanh Nghiệp] - (Sách Kinh Tế / Tặng Kèm Postcard Greenlife),25.97,low,partial_course_tokens_in_title; partial_course_tokens_in_secondary_text,https://tiki.vn/chien-luoc-mo-rong-kinh-doanh-tu-cot-loi-phuong-thuc-tang-truong-loi-nhuan-moi-cho-doanh-nghiep-sach-kinh-te-tang-kem-postcard-greenlife-p36828944.html?spid=36828945,106350,0.0,0,34,chiến lược kinh doanh,,,,,3.5553
Công nghệ và đổi mới sáng tạo,cong nghe va doi moi sang tao,Chiến lược đổi mới,chien luoc doi moi,3,tiki_book,20452413,"Combo Sách Tư Duy: Nghệ thuật tư duy chiến lược + Mỗi ngày 10 ý tưởng rèn luyện "" Cơ bắp "" sáng tạo",22.22,low,partial_course_tokens_in_title,https://tiki.vn/combo-sa-ch-tu-duy-nghe-thuat-tu-duy-chien-luoc-moi-ngay-10-y-tuong-ren-luyen-co-bap-sang-tao-p20452413.html?spid=208779566,259000,0.0,0,,tư duy sáng tạo,,,,,0.0
Công nghệ và đổi mới sáng tạo,cong nghe va doi moi sang tao,Chiến lược đổi mới,chien luoc doi moi,1,ueh_repository,UEH/61417,Hoàn thiện chiến lược cạnh tranh cho công ty trách nhiệm hữu hạn thực phẩm quốc tế Nam Dương,22.78,low,partial_course_tokens_in_title; partial_course_tokens_in_secondary_text,https://digital.lib.ueh.edu.vn/handle/UEH/61417,,,,,,2020,MASTER'S THESES,0,Thái Hưng,
Công nghệ và đổi mới sáng tạo,cong nghe va doi moi sang tao,Chiến lược đổi mới,chien luoc doi moi,2,ueh_repository,UEH/63683,Tác động của môi trường cạnh tranh đến văn hóa tổ chức và chiến lược kinh doanh - Ảnh hưởng đến việc thực hiện kế toán quản trị tại các doanh nghiệp ở Việt Nam,22.51,low,partial_course_tokens_in_title; partial_course_tokens_in_secondary_text,https://digital.lib.ueh.edu.vn/handle/UEH/63683,,,,,,2022,MASTER'S THESES,0,Hứa Ngô Minh Châu,
Công nghệ và đổi mới sáng tạo,cong nghe va doi moi sang tao,Chiến lược đổi mới,chien luoc doi moi,3,ueh_repository,UEH/62740,Xây dựng chiến lược kinh doanh cho khu du lịch Đảo Ó – Đồng Trường của Công ty CP Du lịch Cường Thuận CTI (giai đoạn 2021-2025),22.02,low,partial_course_tokens_in_title; partial_course_tokens_in_secondary_text,https://digital.lib.ueh.edu.vn/handle/UEH/62740,,,,,,2021,MASTER'S THESES,0,Phạm Mai Thu,
Công nghệ và đổi mới sáng tạo,cong nghe va doi moi sang tao,Dữ liệu lớn và ứng dụng,du lieu lon va ung dung,1,tiki_book,29810872,Dữ Liệu Lớn - Big Data ( Tặng Bookmark Sáng Tạo ),45.55,medium,partial_course_tokens_in_title; partial_course_tokens_in_secondary_text,https://tiki.vn/du-lieu-lon-big-data-tang-bookmark-sang-tao-p29810872.html?spid=274059541,149000,0.0,0,2,cơ sở dữ liệu; data science; data analytics; data engineering; big data,,,,,1.0986
Công nghệ và đổi mới sáng tạo,cong nghe va doi moi sang tao,Dữ liệu lớn và ứng dụng,du lieu lon va ung dung,2,tiki_book,31207472,Dữ Liệu Lớn - Big Data (Quà Tặng Tickbook Đặc Biệt),44.95,medium,partial_course_tokens_in_title; partial_course_tokens_in_secondary_text,https://tiki.vn/du-lieu-lon-big-data-qua-tang-tickbook-dac-biet-p31207472.html?spid=274059538,149000,0.0,0,1,cơ sở dữ liệu; data science; data analytics; data engineering; big data,,,,,0.6931
Công nghệ và đổi mới sáng tạo,cong nghe va doi moi sang tao,Dữ liệu lớn và ứng dụng,du lieu lon va ung dung,3,tiki_book,92010783,- Dữ liệu lớn (Big Data),44.95,medium,partial_course_tokens_in_title; partial_course_tokens_in_secondary_text,https://tiki.vn/sach-du-lieu-lon-big-data-p92010783.html?spid=277067079,149000,0.0,0,,cơ sở dữ liệu; data science; data analysis; data analytics; data engineering; big data,,,,,0.0
Công nghệ và đổi mới sáng tạo,cong nghe va doi moi sang tao,Dữ liệu lớn và ứng dụng,du lieu lon va ung dung,1,ueh_repository,UEH/62516,Ứng dụng Big Data và ai trong xây dựng và khai thác cơ sở dữ liệu quốc gia về giá bất động sản tại Việt Nam,37.49,medium,partial_course_tokens_in_title; partial_course_tokens_in_secondary_text,https://digital.lib.ueh.edu.vn/handle/UEH/62516,,,,,,2021,Book Series,0,Nguyễn Quỳnh Hoa; Huỳnh Kiều Tiên; Hay Sinh; Trần Bích Vân; Nguyễn Kim Đức; Nguyễn Thị Tuyết Nhung,
Công nghệ và đổi mới sáng tạo,cong nghe va doi moi sang tao,Dữ liệu lớn và ứng dụng,du lieu lon va ung dung,2,ueh_repository,UEH/62515,Big data cho mục tiêu phát triển bền vững 2030: kinh nghiệm quốc tế,23.81,low,partial_course_tokens_in_title; strong_course_tokens_in_secondary_text,https://digital.lib.ueh.edu.vn/handle/UEH/62515,,,,,,2021,Book Series,0,TS. Phạm Thái Bình,
Công nghệ và đổi mới sáng tạo,cong nghe va doi moi sang tao,Dữ liệu lớn và ứng dụng,du lieu lon va ung dung,3,ueh_repository,UEH/63925,Ứng dụng công nghệ Data Lake trong quản lý và khai phá dữ liệu của ngân hàng,23.42,low,partial_course_tokens_in_title; partial_course_tokens_in_secondary_text,https://digital.lib.ueh.edu.vn/handle/UEH/63925,,,,,,2022,MASTER'S THESES,0,Phan Vũ Thành Phương,
Công nghệ và đổi mới sáng tạo,cong nghe va doi moi sang tao,Khởi nghiệp công nghệ,khoi nghiep cong nghe,1,tiki_book,260922789,"Khởi nghiệp công nghệ – Máu Bẩn (Bad Blood - Ảo tưởng, tham vọng, bí mật & sự dối trá trong vụ lừa đảo lớn nhất...)",98.11,high,exact_course_in_title; partial_course_tokens_in_secondary_text,https://tiki.vn/khoi-nghiep-cong-nghe-mau-ban-bad-blood-ao-tuong-tham-vong-bi-mat-su-doi-tra-trong-vu-lua-dao-lon-nhat-p260922789.html?spid=263589411,191000,0.0,0,1,nghiệp vụ buồng phòng,,,,,0.6931
Công nghệ và đổi mới sáng tạo,cong nghe va doi moi sang tao,Khởi nghiệp công nghệ,khoi nghiep cong nghe,2,tiki_book,271126599,Quản Trị Tài Chính Dành Cho Các Công Ty Công Nghệ Mới Khởi Nghiệp - Cẩm Nang Phát Triển,36.73,medium,partial_course_tokens_in_title,https://tiki.vn/quan-tri-tai-chinh-danh-cho-cac-cong-ty-cong-nghe-moi-khoi-nghiep-cam-nang-phat-trien-p271126599.html?spid=271126600,141500,0.0,0,6,quản trị tài chính,,,,,1.9459
Công nghệ và đổi mới sáng tạo,cong nghe va doi moi sang tao,Khởi nghiệp công nghệ,khoi nghiep cong nghe,3,tiki_book,275359716,Về Công Nghệ Thông Tin Hay: OKR Công Cụ Quản Lý Nhân Sự Chuyên Nghiệp,28.73,low,partial_course_tokens_in_title; partial_course_tokens_in_secondary_text,https://tiki.vn/sach-ve-cong-nghe-thong-tin-hay-okr-cong-cu-quan-ly-nhan-su-chuyen-nghiep-p275359716.html?spid=275359717,161150,0.0,0,,công nghệ thông tin; sách công nghệ thông tin,,,,,0.0
Công nghệ và đổi mới sáng tạo,cong nghe va doi moi sang tao,Khởi nghiệp công nghệ,khoi nghiep cong nghe,1,ueh_repository,UEH/63582,Vai trò trung gian của động lực phục vụ công trong mối quan hệ giữa trách nhiệm xã hội cá nhân và ý định khởi nghiệp xã hội,30.69,medium,partial_course_tokens_in_title; partial_course_tokens_in_secondary_text,https://digital.lib.ueh.edu.vn/handle/UEH/63582,,,,,,2021,MASTER'S THESES,0,Võ Thị Kim Thoa,
Công nghệ và đổi mới sáng tạo,cong nghe va doi moi sang tao,Khởi nghiệp công nghệ,khoi nghiep cong nghe,2,ueh_repository,UEH/61250,Nghiên cứu các yếu tố ảnh hưởng đến ý định khởi nghiệp của sinh viên tại tỉnh Đồng Nai,27.81,medium,partial_course_tokens_in_title; partial_course_tokens_in_secondary_text,https://digital.lib.ueh.edu.vn/handle/UEH/61250,,,,,,2020,MASTER'S THESES,0,Nguyễn Bằng Lương,
Công nghệ và đổi mới sáng tạo,cong nghe va doi moi sang tao,Khởi nghiệp công nghệ,khoi nghiep cong nghe,3,ueh_repository,UEH/61357,"Ảnh hưởng của giáo dục khởi nghiệp, năng lực cảm xúc và niềm tin vào năng lực bản thân khởi nghiệp đến ý định khởi nghiệp của sinh viên đại học tại TP.HCM",27.63,medium,partial_course_tokens_in_title; partial_course_tokens_in_secondary_text,https://digital.lib.ueh.edu.vn/handle/UEH/61357,,,,,,2021,MASTER'S THESES,0,Nguyễn Ngọc Phương Trinh,
Công nghệ và đổi mới sáng tạo,cong nghe va doi moi sang tao,Phát triển sản phẩm số,phat trien san pham so,1,tiki_book,278719586,Hành trình từ di sản đến phát triển công nghiệp văn hóa trong kinh tế sáng tạo,19.5,low,partial_course_tokens_in_title; partial_course_tokens_in_secondary_text,https://tiki.vn/hanh-trinh-tu-di-san-den-phat-trien-cong-nghiep-van-hoa-trong-kinh-te-sang-tao-p278719586.html?spid=278719587,250000,0.0,0,7,kinh tế phát triển,,,,,2.0794
Công nghệ và đổi mới sáng tạo,cong nghe va doi moi sang tao,Phát triển sản phẩm số,phat trien san pham so,2,tiki_book,209301760,Văn hoá trong phát triển - Văn hoá của phát triển - Từ thực tiễn hoạt động sân khấu (Ngô Thảo),18.76,low,partial_course_tokens_in_title; partial_course_tokens_in_secondary_text,https://tiki.vn/van-hoa-trong-phat-trien-van-hoa-cua-phat-trien-tu-thuc-tien-hoat-dong-san-khau-ngo-thao-p209301760.html?spid=248123237,139000,0.0,0,,phát triển phần mềm,,,,,0.0
Công nghệ và đổi mới sáng tạo,cong nghe va doi moi sang tao,Phát triển sản phẩm số,phat trien san pham so,3,tiki_book,194141265,Kinh Tế Phát Triển ( Tặng sổ tay xương rồng ),18.13,low,partial_course_tokens_in_title; partial_course_tokens_in_secondary_text,https://tiki.vn/kinh-te-phat-trien-tang-so-tay-xuong-rong-p194141265.html?spid=194141266,219000,0.0,0,2,kinh tế phát triển; phát triển phần mềm,,,,,1.0986
Công nghệ và đổi mới sáng tạo,cong nghe va doi moi sang tao,Phát triển sản phẩm số,phat trien san pham so,1,ueh_repository,UEH/61691,Giải pháp nâng cao sự thành công của các dự án nghiên cứu và phát triển sản phẩm mới trường hợp Công ty Cổ phần Marico South East Asia,64.1,high,strong_course_tokens_in_title; strong_course_tokens_in_secondary_text,https://digital.lib.ueh.edu.vn/handle/UEH/61691,,,,,,2021,MASTER'S THESES,0,Nguyễn Thanh Tâm,
Công nghệ và đổi mới sáng tạo,cong nghe va doi moi sang tao,Phát triển sản phẩm số,phat trien san pham so,2,ueh_repository,UEH/62146,Đề xuất giải pháp đẩy mạnh xuất khẩu sản phẩm đồ gỗ nội thất của Công ty TNHH Phát triển Thương mại Chuyên nghiệp (P.D.T) vào thị trường Mỹ,29.97,medium,partial_course_tokens_in_title; partial_course_tokens_in_secondary_text,https://digital.lib.ueh.edu.vn/handle/UEH/62146,,,,,,2021,MASTER'S THESES,0,Trần Thị Bích Hạnh,
Công nghệ và đổi mới sáng tạo,cong nghe va doi moi sang tao,Phát triển sản phẩm số,phat trien san pham so,3,ueh_repository,UEH/63129,Phát triển kinh tế biển tỉnh Bình Định đến năm 2030,21.95,low,partial_course_tokens_in_title; strong_course_tokens_in_secondary_text,https://digital.lib.ueh.edu.vn/handle/UEH/63129,,,,,,2021,MASTER'S THESES,0,Nguyễn Thị Xuân Tiền,
Công nghệ và đổi mới sáng tạo,cong nghe va doi moi sang tao,Quản lý đổi mới sáng tạo,quan ly doi moi sang tao,1,tiki_book,5503097,Harvard Business Review - On Innovation - Đổi Mới Sáng Tạo,43.24,medium,strong_course_tokens_in_title; major_context_tokens,https://tiki.vn/sach-harvard-business-review-on-innovation-doi-moi-sang-tao-p5503097.html?spid=5503099,128900,4.2,23,1095,business administration; business management; business strategy,,,,,15.9665
Công nghệ và đổi mới sáng tạo,cong nghe va doi moi sang tao,Quản lý đổi mới sáng tạo,quan ly doi moi sang tao,2,tiki_book,273838175,[ThangLong Bookstore]Harvard Business Review : Đổi Mới Sáng Tạo,43.24,medium,strong_course_tokens_in_title; major_context_tokens,https://tiki.vn/thanglong-bookstore-harvard-business-review-doi-moi-sang-tao-p273838175.html?spid=273838176,199000,0.0,0,1,business administration,,,,,0.6931
Công nghệ và đổi mới sáng tạo,cong nghe va doi moi sang tao,Quản lý đổi mới sáng tạo,quan ly doi moi sang tao,3,tiki_book,196857787,Tư Duy Sáng Tạo: Làm Chủ 6 Kỹ Năng Khơi Nguồn Đổi Mới,27.03,low,partial_course_tokens_in_title; partial_course_tokens_in_secondary_text,https://tiki.vn/tu-duy-sang-tao-lam-chu-6-ky-nang-khoi-nguon-doi-moi-p196857787.html?spid=199171857,110000,0.0,0,5,tư duy sáng tạo,,,,,1.7918
Công nghệ và đổi mới sáng tạo,cong nghe va doi moi sang tao,Quản lý đổi mới sáng tạo,quan ly doi moi sang tao,1,ueh_repository,UEH/61324,"Tác động của cảm nhận trách nhiệm xã hội doanh nghiệp đến hành vi xanh và hành vi đổi mới sáng tạo của nhân viên, trường hợp các doanh nghiệp dệt may trên địa bàn tỉnh Bình Dương",49.54,medium,strong_course_tokens_in_title; partial_course_tokens_in_secondary_text; major_context_tokens,https://digital.lib.ueh.edu.vn/handle/UEH/61324,,,,,,2021,MASTER'S THESES,0,Phạm Trần Thiên Lý,
Công nghệ và đổi mới sáng tạo,cong nghe va doi moi sang tao,Quản lý đổi mới sáng tạo,quan ly doi moi sang tao,2,ueh_repository,UEH/63545,Ảnh hưởng của hợp đồng tâm lý đến hiệu suất công việc: Vai trò trung gian của sự sáng tạo và làm việc đổi mới của người lao động ở các doanh nghiệp tại Việt Nam,32.03,medium,partial_course_tokens_in_title; partial_course_tokens_in_secondary_text,https://digital.lib.ueh.edu.vn/handle/UEH/63545,,,,,,2021,MASTER'S THESES,0,Phan Thị Phương Thảo,
Công nghệ và đổi mới sáng tạo,cong nghe va doi moi sang tao,Quản lý đổi mới sáng tạo,quan ly doi moi sang tao,3,ueh_repository,UEH/62699,Quản lý chất lượng toàn diện (TQM) và kết quả chất lượng: Vai trò trung gian của năng lực hấp thụ công nghệ và văn hóa sáng tạo,23.46,low,partial_course_tokens_in_title; partial_course_tokens_in_secondary_text,https://digital.lib.ueh.edu.vn/handle/UEH/62699,,,,,,2021,DISSERTATIONS,0,Nguyễn Tấn Trung,
Công nghệ và đổi mới sáng tạo,cong nghe va doi moi sang tao,Tư duy thiết kế,tu duy thiet ke,1,tiki_book,241791153,Bộ Công Cụ Tư Duy Thiết Kế,100.0,high,exact_course_in_title; partial_course_tokens_in_secondary_text,https://tiki.vn/sach-bo-cong-cu-tu-duy-thiet-ke-p241791153.html?spid=241791154,213200,5.0,7,102,thiết kế nghiên cứu,,,,,12.7539
Công nghệ và đổi mới sáng tạo,cong nghe va doi moi sang tao,Tư duy thiết kế,tu duy thiet ke,2,tiki_book,263036203,The Design Thinking Playbook - Thực Hành Tư Duy Thiết Kế,100.0,high,exact_course_in_title; partial_course_tokens_in_secondary_text,https://tiki.vn/the-design-thinking-playbook-thuc-hanh-tu-duy-thiet-ke-p263036203.html?spid=278880222,239000,0.0,0,,creative thinking; thiết kế nghiên cứu; research design,,,,,0.0
Công nghệ và đổi mới sáng tạo,cong nghe va doi moi sang tao,Tư duy thiết kế,tu duy thiet ke,3,tiki_book,76527976,The Design Thinking Playbook - Thực Hành Tư Duy Thiết Kế,100.0,high,exact_course_in_title; partial_course_tokens_in_secondary_text,https://tiki.vn/the-design-thinking-playbook-thuc-hanh-tu-duy-thiet-ke-p76527976.html?spid=193742365,299000,0.0,0,,creative thinking; thiết kế nghiên cứu; research design,,,,,0.0
Công nghệ và đổi mới sáng tạo,cong nghe va doi moi sang tao,Tư duy thiết kế,tu duy thiet ke,1,ueh_repository,UEH/62528,Áp dụng của tư duy thiết kế vào chuyển đổi số: lý thuyết và bài học thực tiễn,100.0,high,exact_course_in_title; exact_course_in_secondary_text,https://digital.lib.ueh.edu.vn/handle/UEH/62528,,,,,,2021,Book Series,0,TS. Cao Quốc Việt; ThS. Nguyễn Tấn Trung,
Công nghệ và đổi mới sáng tạo,cong nghe va doi moi sang tao,Tư duy thiết kế,tu duy thiet ke,2,ueh_repository,UEH/61114,Giải pháp nâng cao sự gắn kết của người lao động tại Công ty Cổ phần Sản xuất Nhựa Duy Tân,10.07,low,partial_course_tokens_in_title; partial_course_tokens_in_secondary_text,https://digital.lib.ueh.edu.vn/handle/UEH/61114,,,,,,2020,MASTER'S THESES,0,Huỳnh Ngọc Sinh,
Công nghệ và đổi mới sáng tạo,cong nghe va doi moi sang tao,Tư duy thiết kế,tu duy thiet ke,3,ueh_repository,UEH/62432,Chuyển đổi báo cáo tài chính từ chuẩn mực kế toán Việt Nam sang chuẩn mực báo cáo tài chính quốc tế - Nghiên cứu tại Công ty Cổ phần Khu công Nnghiệp Nam Tân Uyên,9.68,low,partial_course_tokens_in_title; partial_course_tokens_in_secondary_text,https://digital.lib.ueh.edu.vn/handle/UEH/62432,,,,,,2021,MASTER'S THESES,0,Đoàn Thị Kim Thảo,
Hệ thống hoạch định nguồn lực doanh nghiệp,he thong hoach dinh nguon luc doanh nghiep,Hệ thống ERP,he thong erp,1,tiki_book,271583421,"Hệ Thống Chỉ Tiêu Thống Kê Cấp Tỉnh, Cấp Huyện, Cấp Xã theo Quyết định 05/2023/QĐ-TTg ngày 24/02/2023 - V2205T",25.1,low,partial_course_tokens_in_title; partial_course_tokens_in_secondary_text,https://tiki.vn/sach-he-thong-chi-tieu-thong-ke-cap-tinh-cap-huyen-cap-xa-theo-quyet-dinh-05-2023-qd-ttg-ngay-24-02-2023-v2205t-p271583421.html?spid=271583422,259000,0.0,0,,xác suất thống kê,,,,,0.0
Hệ thống hoạch định nguồn lực doanh nghiệp,he thong hoach dinh nguon luc doanh nghiep,Hệ thống ERP,he thong erp,2,tiki_book,276237667,Tích Hợp Hệ Thống Tự Động Điều Khiển Quá Trình Công Nghệ Sinh Học Và Công Nghệ Thực Phẩm,24.99,low,partial_course_tokens_in_title; partial_course_tokens_in_secondary_text,https://tiki.vn/tich-hop-he-thong-tu-dong-dieu-khien-qua-trinh-cong-nghe-sinh-hoc-va-cong-nghe-thuc-pham-p276237667.html?spid=276237668,249000,5.0,1,1,công nghệ thông tin,,,,,6.7329
Hệ thống hoạch định nguồn lực doanh nghiệp,he thong hoach dinh nguon luc doanh nghiep,Hệ thống ERP,he thong erp,3,tiki_book,278632652,Hệ Thống Thông Tin Trong Y Tế,24.99,low,partial_course_tokens_in_title; partial_course_tokens_in_secondary_text,https://tiki.vn/sach-he-thong-thong-tin-trong-y-te-p278632652.html?spid=278632655,338000,0.0,0,16,công nghệ thông tin,,,,,2.8332
Hệ thống hoạch định nguồn lực doanh nghiệp,he thong hoach dinh nguon luc doanh nghiep,Hệ thống ERP,he thong erp,1,ueh_repository,UEH/63276,Các nhân tố ảnh hưởng đến sự thỏa mãn của nhân viên kế toán trong việc sử dụng hệ thống hoạch định nguồn lực doanh nghiệp (ERP) ở các doanh nghiệp tại TP. Hồ Chí Minh,97.47,high,partial_course_tokens_in_title; exact_course_in_secondary_text; exact_major_in_title,https://digital.lib.ueh.edu.vn/handle/UEH/63276,,,,,,2021,MASTER'S THESES,0,Nguyễn Thị Hồng Ái,
Hệ thống hoạch định nguồn lực doanh nghiệp,he thong hoach dinh nguon luc doanh nghiep,Hệ thống ERP,he thong erp,2,ueh_repository,UEH/61010,Các nhân tố ảnh hưởng đến lợi ích kế toán trong giai đoạn sau triển khai hệ thống hoạch định nguồn lực doanh nghiệp (ERP) tại các doanh nghiệp Việt Nam,97.45,high,partial_course_tokens_in_title; exact_course_in_secondary_text; exact_major_in_title,https://digital.lib.ueh.edu.vn/handle/UEH/61010,,,,,,2021,DISSERTATIONS,0,Đào Nhật Minh,
Hệ thống hoạch định nguồn lực doanh nghiệp,he thong hoach dinh nguon luc doanh nghiep,Hệ thống ERP,he thong erp,3,ueh_repository,UEH/61388,Các nhân tố tác động đến sự hài lòng trong công việc của nhân viên kế toán trong môi trường ứng dụng hệ thống hoạch định nguồn lực (ERP) tại các doanh nghiệp trên địa bàn Tp. Hồ Chí Minh,93.48,high,partial_course_tokens_in_title; exact_course_in_secondary_text; major_context_tokens,https://digital.lib.ueh.edu.vn/handle/UEH/61388,,,,,,2021,MASTER'S THESES,0,Lê Thị Anh Đào,
Hệ thống hoạch định nguồn lực doanh nghiệp,he thong hoach dinh nguon luc doanh nghiep,Phân tích hệ thống thông tin,phan tich he thong thong tin,1,tiki_book,278632652,Hệ Thống Thông Tin Trong Y Tế,22.29,low,partial_course_tokens_in_title; partial_course_tokens_in_secondary_text,https://tiki.vn/sach-he-thong-thong-tin-trong-y-te-p278632652.html?spid=278632655,338000,0.0,0,16,công nghệ thông tin,,,,,2.8332
Hệ thống hoạch định nguồn lực doanh nghiệp,he thong hoach dinh nguon luc doanh nghiep,Phân tích hệ thống thông tin,phan tich he thong thong tin,2,tiki_book,278703361,- Hệ Thống Thông Tin Y Tế,22.29,low,partial_course_tokens_in_title; partial_course_tokens_in_secondary_text,https://tiki.vn/sach-he-thong-thong-tin-y-te-p278703361.html?spid=278703362,390000,0.0,0,1,công nghệ thông tin,,,,,0.6931
Hệ thống hoạch định nguồn lực doanh nghiệp,he thong hoach dinh nguon luc doanh nghiep,Phân tích hệ thống thông tin,phan tich he thong thong tin,3,tiki_book,278641815,Combo Quản Lý Công Nghệ Thông Tin Trong Y Tế + Hệ Thống Thông Tin Y Tế,22.29,low,partial_course_tokens_in_title; partial_course_tokens_in_secondary_text,https://tiki.vn/combo-quan-ly-cong-nghe-thong-tin-trong-y-te-he-thong-thong-tin-y-te-p278641815.html?spid=278641829,738000,0.0,0,,công nghệ thông tin,,,,,0.0
Hệ thống hoạch định nguồn lực doanh nghiệp,he thong hoach dinh nguon luc doanh nghiep,Phân tích hệ thống thông tin,phan tich he thong thong tin,1,ueh_repository,UEH/61354,Các nhân tố ảnh hưởng đến chất lượng hệ thống thông tin kế toán của các đơn vị sự nghiệp y tế công lập tại thành phố Hồ Chí Minh,23.67,low,partial_course_tokens_in_title; partial_course_tokens_in_secondary_text,https://digital.lib.ueh.edu.vn/handle/UEH/61354,,,,,,2020,MASTER'S THESES,0,Nguyễn Thị Hằng,
Hệ thống hoạch định nguồn lực doanh nghiệp,he thong hoach dinh nguon luc doanh nghiep,Phân tích hệ thống thông tin,phan tich he thong thong tin,2,ueh_repository,UEH/63105,Hoàn thiện hệ thống thông tin kế toán tại Công ty TNHH MTV Dịch vụ Công ích Quận 4,23.62,low,partial_course_tokens_in_title; partial_course_tokens_in_secondary_text,https://digital.lib.ueh.edu.vn/handle/UEH/63105,,,,,,2021,MASTER'S THESES,0,Nguyễn Thái Bình,
Hệ thống hoạch định nguồn lực doanh nghiệp,he thong hoach dinh nguon luc doanh nghiep,Phân tích hệ thống thông tin,phan tich he thong thong tin,3,ueh_repository,UEH/61029,Các nhân tố ảnh hưởng đến chất lượng hệ thống thông tin kế toán tại các doanh nghiệp kinh doanh dịch vụ nguồn nhân lực tại Việt Nam,23.41,low,partial_course_tokens_in_title; partial_course_tokens_in_secondary_text,https://digital.lib.ueh.edu.vn/handle/UEH/61029,,,,,,2020,MASTER'S THESES,0,Lê Hoàng Phương Vy,
Hệ thống hoạch định nguồn lực doanh nghiệp,he thong hoach dinh nguon luc doanh nghiep,Quản lý dự án CNTT,quan ly du an cntt,1,tiki_book,277392524,- Quản Lý Dự Án Xây Dựng - Lập Và Thẩm Định Dự Án - TS. Bùi Ngọc Toàn - NXB Xây Dựng,36.82,medium,partial_course_tokens_in_title; partial_course_tokens_in_secondary_text,https://tiki.vn/sach-quan-ly-du-an-xay-dung-lap-va-tham-dinh-du-an-ts-bui-ngoc-toan-nxb-xay-dung-p277392524.html?spid=279333156,119560,0.0,0,,quản trị dự án,,,,,0.0
Hệ thống hoạch định nguồn lực doanh nghiệp,he thong hoach dinh nguon luc doanh nghiep,Quản lý dự án CNTT,quan ly du an cntt,2,tiki_book,275863881,6 Bí Quyết Quản Lý Dự Án Hiệu Quả,36.71,medium,partial_course_tokens_in_title; partial_course_tokens_in_secondary_text,https://tiki.vn/sach-6-bi-quyet-quan-ly-du-an-hieu-qua-p275863881.html?spid=275863882,44000,5.0,1,19,quản trị dự án,,,,,9.0355
Hệ thống hoạch định nguồn lực doanh nghiệp,he thong hoach dinh nguon luc doanh nghiep,Quản lý dự án CNTT,quan ly du an cntt,3,tiki_book,279112556,- Quản Trị Dự Án dành cho Quản Lý Dự Án Không Chuyên - Project Management for the Unofficial Project Manager,36.71,medium,partial_course_tokens_in_title; partial_course_tokens_in_secondary_text,https://tiki.vn/sach-quan-tri-du-an-danh-cho-quan-ly-du-an-khong-chuyen-project-management-for-the-unofficial-project-manager-p279112556.html?spid=279112557,158400,5.0,1,2,operations management; human resource management; quản trị dự án; project management; management accounting; supply chain management; tourism management; hotel management; restaurant management,,,,,7.1383
Hệ thống hoạch định nguồn lực doanh nghiệp,he thong hoach dinh nguon luc doanh nghiep,Quản lý dự án CNTT,quan ly du an cntt,1,ueh_repository,UEH/62960,Nâng cao quản trị rủi ro các dự án đầu tư tại Ban quản lý dự án hạ tầng II – Tổng công ty Hạ tầng mạng (VNPT NET),40.97,medium,partial_course_tokens_in_title; partial_course_tokens_in_secondary_text,https://digital.lib.ueh.edu.vn/handle/UEH/62960,,,,,,2021,MASTER'S THESES,0,Trần Minh Hậu,
Hệ thống hoạch định nguồn lực doanh nghiệp,he thong hoach dinh nguon luc doanh nghiep,Quản lý dự án CNTT,quan ly du an cntt,2,ueh_repository,UEH/63382,Tác động của sự tham gia vào dự toán ngân sách đến kết quả công việc của quản lý cấp trung và cấp cơ sở tại các doanh nghiệp Việt Nam: Vai trò của các biến can thiệp,17.66,low,partial_course_tokens_in_title; partial_course_tokens_in_secondary_text,https://digital.lib.ueh.edu.vn/handle/UEH/63382,,,,,,2021,MASTER'S THESES,0,Nguyễn Thị Thanh Tý,
Hệ thống hoạch định nguồn lực doanh nghiệp,he thong hoach dinh nguon luc doanh nghiep,Quản lý dự án CNTT,quan ly du an cntt,3,ueh_repository,UEH/63680,Quản lý vốn ngân sách nhà nước đối với dự án đầu tư xây dựng các tuyến đường sắt đô thị tại Thành phố Hồ Chí Minh,17.35,low,partial_course_tokens_in_title; partial_course_tokens_in_secondary_text,https://digital.lib.ueh.edu.vn/handle/UEH/63680,,,,,,2022,MASTER'S THESES,0,Bùi Bá Thịnh,
Hệ thống hoạch định nguồn lực doanh nghiệp,he thong hoach dinh nguon luc doanh nghiep,Quản trị quy trình kinh doanh,quan tri quy trinh kinh doanh,1,tiki_book,254139138,"Giáo Trình Kinh Tế Thương Mại - Dịch Vụ Dành Cho Nghành Kinh Tế, Logistics Và Quản Trị Kinh Doanh",19.94,low,partial_course_tokens_in_title; partial_course_tokens_in_secondary_text,https://tiki.vn/giao-trinh-kinh-te-thuong-mai-dich-vu-danh-cho-nghanh-kinh-te-logistics-va-quan-tri-kinh-doanh-p254139138.html?spid=254139139,189000,0.0,0,,kinh tế chính trị,,,,,0.0
Hệ thống hoạch định nguồn lực doanh nghiệp,he thong hoach dinh nguon luc doanh nghiep,Quản trị quy trình kinh doanh,quan tri quy trinh kinh doanh,2,tiki_book,279120596,- Giáo Trình Giao Tiếp Vad Thuyết Trình Trong Kinh Doanh,18.87,low,partial_course_tokens_in_title; partial_course_tokens_in_secondary_text,https://tiki.vn/sach-giao-trinh-giao-tiep-vad-thuyet-trinh-trong-kinh-doanh-p279120596.html?spid=279339686,129360,0.0,0,,thuyết trình,,,,,0.0
Hệ thống hoạch định nguồn lực doanh nghiệp,he thong hoach dinh nguon luc doanh nghiep,Quản trị quy trình kinh doanh,quan tri quy trinh kinh doanh,3,tiki_book,279211996,- Understanding Business - Quản Trị Kinh Doanh Hiện Đại - Textbook,18.31,low,partial_course_tokens_in_title; partial_course_tokens_in_secondary_text,https://tiki.vn/sach-understanding-business-quan-tri-kinh-doanh-hien-dai-textbook-p279211996.html?spid=279211997,530400,0.0,0,1,quản trị kinh doanh; sách quản trị kinh doanh; business administration; business management; business strategy; business model,,,,,0.6931
Hệ thống hoạch định nguồn lực doanh nghiệp,he thong hoach dinh nguon luc doanh nghiep,Quản trị quy trình kinh doanh,quan tri quy trinh kinh doanh,1,ueh_repository,UEH/62651,Ảnh hưởng của hệ thống hoạch định nguồn lực doanh nghiệp (ERP) đến kế toán quản trị trong các doanh nghiệp tại TP. HCM,16.91,low,partial_course_tokens_in_title; partial_course_tokens_in_secondary_text; exact_major_in_title,https://digital.lib.ueh.edu.vn/handle/UEH/62651,,,,,,2021,MASTER'S THESES,0,Nguyễn Thị Minh Thơ,
Hệ thống hoạch định nguồn lực doanh nghiệp,he thong hoach dinh nguon luc doanh nghiep,Quản trị quy trình kinh doanh,quan tri quy trinh kinh doanh,2,ueh_repository,UEH/61220,Hoàn thiện quy trình quản trị quan hệ khách hàng tại ngân hàng Thương mại Cổ phần Công Thương Việt Nam chi nhánh Bà Rịa - Vũng Tàu,14.58,low,partial_course_tokens_in_title; partial_course_tokens_in_secondary_text,https://digital.lib.ueh.edu.vn/handle/UEH/61220,,,,,,2020,MASTER'S THESES,0,Nguyễn Hoàng Huy Bảo,
Hệ thống hoạch định nguồn lực doanh nghiệp,he thong hoach dinh nguon luc doanh nghiep,Quản trị quy trình kinh doanh,quan tri quy trinh kinh doanh,3,ueh_repository,UEH/62673,"Doanh thu, chi phí và kết quả kinh doanh tại Công ty Cổ phần Sản xuất Kinh doanh Sơn Kim – Theo kế toán tài chính và kế toán quản trị",13.8,low,partial_course_tokens_in_title; partial_course_tokens_in_secondary_text,https://digital.lib.ueh.edu.vn/handle/UEH/62673,,,,,,2021,MASTER'S THESES,0,Hồ Thị Khánh An,
Hệ thống hoạch định nguồn lực doanh nghiệp,he thong hoach dinh nguon luc doanh nghiep,SAP căn bản,sap can ban,1,tiki_book,279286687,- Đơn Vị Hành Chính Việt Nam - Sau Sắp Xếp Và Vận Hành Chính Quyền Địa Phương Hai Cấp,39.82,medium,partial_course_tokens_in_title,https://tiki.vn/sach-don-vi-hanh-chinh-viet-nam-sau-sap-xep-va-van-hanh-chinh-quyen-dia-phuong-hai-cap-p279286687.html?spid=279286688,135200,0.0,0,1,vận tải,,,,,0.6931
Hệ thống hoạch định nguồn lực doanh nghiệp,he thong hoach dinh nguon luc doanh nghiep,SAP căn bản,sap can ban,2,tiki_book,277022180,- Disney Learning - Cùng Học Hình Dạng Và Quy Luật Sắp Xếp - Tân Việt Books,39.82,medium,partial_course_tokens_in_title,https://tiki.vn/sach-disney-learning-cung-hoc-hinh-dang-va-quy-luat-sap-xep-tan-viet-books-p277022180.html?spid=277022182,58000,0.0,0,,machine learning; deep learning,,,,,0.0
Hệ thống hoạch định nguồn lực doanh nghiệp,he thong hoach dinh nguon luc doanh nghiep,SAP căn bản,sap can ban,3,tiki_book,51107897,Combo Sách Marketing - Bán Hàng : Marketing Căn Bản + Kế Hoạch Marketing Trên Một Trang Giấy,22.29,low,partial_course_tokens_in_title; partial_course_tokens_in_secondary_text,https://tiki.vn/combo-sach-marketing-ban-hang-marketing-can-ban-ke-hoach-marketing-tren-mot-trang-giay-p51107897.html?spid=76465769,224000,0.0,0,5,marketing căn bản,,,,,1.7918
Hệ thống hoạch định nguồn lực doanh nghiệp,he thong hoach dinh nguon luc doanh nghiep,SAP căn bản,sap can ban,1,ueh_repository,UEH/63148,Các nhân tố ảnh hưởng đến chất lượng thông tin kế toán tại các doanh nghiệp dịch vụ ứng dụng hệ thống hoạch định nguồn lực doanh nghiệp (ERP) trên địa bàn khu vực Đông Nam Bộ,47.8,medium,partial_course_tokens_in_title; partial_course_tokens_in_secondary_text; exact_major_in_title,https://digital.lib.ueh.edu.vn/handle/UEH/63148,,,,,,2021,MASTER'S THESES,0,Trần Ngọc Phương Uyên,
Hệ thống hoạch định nguồn lực doanh nghiệp,he thong hoach dinh nguon luc doanh nghiep,SAP căn bản,sap can ban,2,ueh_repository,UEH/61010,Các nhân tố ảnh hưởng đến lợi ích kế toán trong giai đoạn sau triển khai hệ thống hoạch định nguồn lực doanh nghiệp (ERP) tại các doanh nghiệp Việt Nam,46.08,medium,partial_course_tokens_in_title; partial_course_tokens_in_secondary_text; exact_major_in_title,https://digital.lib.ueh.edu.vn/handle/UEH/61010,,,,,,2021,DISSERTATIONS,0,Đào Nhật Minh,
Hệ thống hoạch định nguồn lực doanh nghiệp,he thong hoach dinh nguon luc doanh nghiep,SAP căn bản,sap can ban,3,ueh_repository,UEH/61388,Các nhân tố tác động đến sự hài lòng trong công việc của nhân viên kế toán trong môi trường ứng dụng hệ thống hoạch định nguồn lực (ERP) tại các doanh nghiệp trên địa bàn Tp. Hồ Chí Minh,45.3,medium,partial_course_tokens_in_title; partial_course_tokens_in_secondary_text; major_context_tokens,https://digital.lib.ueh.edu.vn/handle/UEH/61388,,,,,,2021,MASTER'S THESES,0,Lê Thị Anh Đào,
Hệ thống hoạch định nguồn lực doanh nghiệp,he thong hoach dinh nguon luc doanh nghiep,Tích hợp hệ thống,tich hop he thong,1,tiki_book,276237667,Tích Hợp Hệ Thống Tự Động Điều Khiển Quá Trình Công Nghệ Sinh Học Và Công Nghệ Thực Phẩm,97.83,high,exact_course_in_title; partial_course_tokens_in_secondary_text,https://tiki.vn/tich-hop-he-thong-tu-dong-dieu-khien-qua-trinh-cong-nghe-sinh-hoc-va-cong-nghe-thuc-pham-p276237667.html?spid=276237668,249000,5.0,1,1,công nghệ thông tin,,,,,6.7329
Hệ thống hoạch định nguồn lực doanh nghiệp,he thong hoach dinh nguon luc doanh nghiep,Tích hợp hệ thống,tich hop he thong,2,tiki_book,685617,Cẩm Nang Quản Trị Điều Hành - Quản Trị Tích Hợp,21.42,low,partial_course_tokens_in_title,https://tiki.vn/sach-cam-nang-quan-tri-dieu-hanh-quan-tri-tich-hop-p685617.html?spid=20441105,99700,5.0,1,9,quản trị vận hành,,,,,8.3423
Hệ thống hoạch định nguồn lực doanh nghiệp,he thong hoach dinh nguon luc doanh nghiep,Tích hợp hệ thống,tich hop he thong,3,tiki_book,12122368,Combo Cẩm Nang Quản Trị Điều Hành Quản Trị Tích Hợp + Vi Mô,21.42,low,partial_course_tokens_in_title,https://tiki.vn/combo-cam-nang-quan-tri-dieu-hanh-quan-tri-tich-hop-vi-mo-p12122368.html?spid=276779066,100000,0.0,0,4,quản trị vận hành,,,,,1.6094
Hệ thống hoạch định nguồn lực doanh nghiệp,he thong hoach dinh nguon luc doanh nghiep,Tích hợp hệ thống,tich hop he thong,1,ueh_repository,UEH/62975,Hoàn thiện hệ thống quản lý chất lượng tích hợp tại Công ty Cổ phần Mỹ phẩm Sài Gòn (SCC),53.97,medium,partial_course_tokens_in_title; strong_course_tokens_in_secondary_text,https://digital.lib.ueh.edu.vn/handle/UEH/62975,,,,,,2021,MASTER'S THESES,0,Nguyễn Thị Tố Anh,
Hệ thống hoạch định nguồn lực doanh nghiệp,he thong hoach dinh nguon luc doanh nghiep,Tích hợp hệ thống,tich hop he thong,2,ueh_repository,UEH/63649,Tác động của nhân tố bất định đến mức độ vận dụng tích hợp thước đo tài chính – phi tài chính và sự ảnh hưởng đến hiệu quả hoạt động kinh doanh dưới cách tiếp cận tổng thể – Bằng chứng tại doanh nghiệp sản xuất phía Nam Việt Nam,29.63,medium,partial_course_tokens_in_title; strong_course_tokens_in_secondary_text,https://digital.lib.ueh.edu.vn/handle/UEH/63649,,,,,,2022,DISSERTATIONS,0,Lê Hoàng Oanh,
Hệ thống hoạch định nguồn lực doanh nghiệp,he thong hoach dinh nguon luc doanh nghiep,Tích hợp hệ thống,tich hop he thong,3,ueh_repository,UEH/62944,Tác động của mức độ sử dụng thông tin kế toán quản trị và sự tích hợp chuỗi cung ứng với sự thúc đẩy của môi trường không chắc chắn lên kết quả hoạt động kinh doanh của doanh nghiệp,28.79,medium,partial_course_tokens_in_title; partial_course_tokens_in_secondary_text,https://digital.lib.ueh.edu.vn/handle/UEH/62944,,,,,,2021,MASTER'S THESES,0,Lê Thị Thu Hiếu,
Hệ thống thông tin kinh doanh,he thong thong tin kinh doanh,Business Intelligence,business intelligence,1,tiki_book,279135124,Emotional Intelligence – Dealing with Difficult People | Trí Tuệ Cảm Xúc: Ứng Xử Với Những Người Khó Hợp Tác | Harvard Business Review Press,47.1,medium,partial_course_tokens_in_title; strong_course_tokens_in_secondary_text,https://tiki.vn/emotional-intelligence-dealing-with-difficult-people-tri-tue-cam-xuc-ung-xu-voi-nhung-nguoi-kho-hop-tac-harvard-business-review-press-p279135124.html?spid=279135125,439000,0.0,0,,business administration; artificial intelligence; emotional intelligence,,,,,0.0
Hệ thống thông tin kinh doanh,he thong thong tin kinh doanh,Business Intelligence,business intelligence,2,tiki_book,279135195,HBR Guide to Emotional Intelligence | Cẩm Nang HBR Về Trí Tuệ Cảm Xúc | Harvard Business Review Press,42.02,medium,partial_course_tokens_in_title; partial_course_tokens_in_secondary_text,https://tiki.vn/hbr-guide-to-emotional-intelligence-cam-nang-hbr-ve-tri-tue-cam-xuc-harvard-business-review-press-p279135195.html?spid=279135196,459000,0.0,0,1,artificial intelligence; emotional intelligence,,,,,0.6931
Hệ thống thông tin kinh doanh,he thong thong tin kinh doanh,Business Intelligence,business intelligence,3,tiki_book,279135191,Emotional Intelligence – Authentic Leadership | Trí Tuệ Cảm Xúc: Lãnh Đạo Chân Thật | Harvard Business Review Press,42.02,medium,partial_course_tokens_in_title; partial_course_tokens_in_secondary_text,https://tiki.vn/emotional-intelligence-authentic-leadership-tri-tue-cam-xuc-lanh-dao-chan-that-harvard-business-review-press-p279135191.html?spid=279135192,439000,0.0,0,,artificial intelligence; emotional intelligence,,,,,0.0
Hệ thống thông tin kinh doanh,he thong thong tin kinh doanh,Business Intelligence,business intelligence,1,ueh_repository,UEH/63166,Ứng dụng trí tuệ kinh doanh (Business Intelligence) trong việc hỗ trợ ra quyết định điều hành tại Câu lạc bộ Vietnam Golf & Country Club,98.25,high,exact_course_in_title,https://digital.lib.ueh.edu.vn/handle/UEH/63166,,,,,,2022,MASTER'S THESES,0,Võ Tấn Trung,
Hệ thống thông tin kinh doanh,he thong thong tin kinh doanh,Business Intelligence,business intelligence,2,ueh_repository,UEH/62166,From cultural intelligence to supply chain performance,33.08,medium,partial_course_tokens_in_title; partial_course_tokens_in_secondary_text,https://digital.lib.ueh.edu.vn/handle/UEH/62166,,,,,,2016,INTERNATIONAL PUBLICATIONS,0,Tuan L.T.,
Hệ thống thông tin kinh doanh,he thong thong tin kinh doanh,Business Intelligence,business intelligence,3,ueh_repository,UEH/63863,Managers' understanding of artificial intelligence in relation to marketing financial services: insights from a cross-country study,26.75,medium,partial_course_tokens_in_title,https://digital.lib.ueh.edu.vn/handle/UEH/63863,,,,,,2021,INTERNATIONAL PUBLICATIONS,0,Emmanuel Mogaji; Nguyen Phong Nguyen,
Hệ thống thông tin kinh doanh,he thong thong tin kinh doanh,Hệ thống hỗ trợ quyết định,he thong ho tro quyet dinh,1,tiki_book,271583421,"Hệ Thống Chỉ Tiêu Thống Kê Cấp Tỉnh, Cấp Huyện, Cấp Xã theo Quyết định 05/2023/QĐ-TTg ngày 24/02/2023 - V2205T",20.18,low,partial_course_tokens_in_title; partial_course_tokens_in_secondary_text,https://tiki.vn/sach-he-thong-chi-tieu-thong-ke-cap-tinh-cap-huyen-cap-xa-theo-quyet-dinh-05-2023-qd-ttg-ngay-24-02-2023-v2205t-p271583421.html?spid=271583422,259000,0.0,0,,xác suất thống kê,,,,,0.0
Hệ thống thông tin kinh doanh,he thong thong tin kinh doanh,Hệ thống hỗ trợ quyết định,he thong ho tro quyet dinh,2,tiki_book,278294928,"Nghiệp Vụ Đấu Thầu Xây Lắp Qua Mạng - Hướng Dẫn Việc Cung Cấp, Đăng Tải Thông Tin Về Lựa Chọn Nhà Thầu Và Mẫu Hồ Sơ Đấu Thầu Trên Hệ Thống Mạng Đấu Thầu Quốc Gia",13.98,low,partial_course_tokens_in_title,https://tiki.vn/nghiep-vu-dau-thau-xay-lap-qua-mang-huong-dan-viec-cung-cap-dang-tai-thong-tin-ve-lua-chon-nha-thau-va-mau-ho-so-dau-thau-tren-he-thong-mang-dau-thau-quoc-gia-p278294928.html?spid=278294929,260000,0.0,0,,nghiệp vụ lễ tân; nghiệp vụ buồng phòng,,,,,0.0
Hệ thống thông tin kinh doanh,he thong thong tin kinh doanh,Hệ thống hỗ trợ quyết định,he thong ho tro quyet dinh,3,tiki_book,72639937,Luật Doanh Nghiệp Năm 2020 - Luật Hỗ Trợ Doanh Nghiệp Nhỏ Và Vừa Của Nước Cộng Hòa Xã Hội Chủ Nghĩa Việt Nam,12.44,low,partial_course_tokens_in_title,https://tiki.vn/sach-luat-doanh-nghiep-nam-2020-luat-ho-tro-doanh-nghiep-nho-va-vua-cua-nuoc-cong-hoa-xa-hoi-chu-nghia-viet-nam-p72639937.html?spid=72639938,48600,4.8,26,137,luật doanh nghiệp,,,,,14.671
Hệ thống thông tin kinh doanh,he thong thong tin kinh doanh,Hệ thống hỗ trợ quyết định,he thong ho tro quyet dinh,1,ueh_repository,UEH/63166,Ứng dụng trí tuệ kinh doanh (Business Intelligence) trong việc hỗ trợ ra quyết định điều hành tại Câu lạc bộ Vietnam Golf & Country Club,19.08,low,partial_course_tokens_in_title; partial_course_tokens_in_secondary_text,https://digital.lib.ueh.edu.vn/handle/UEH/63166,,,,,,2022,MASTER'S THESES,0,Võ Tấn Trung,
Hệ thống thông tin kinh doanh,he thong thong tin kinh doanh,Hệ thống hỗ trợ quyết định,he thong ho tro quyet dinh,2,ueh_repository,UEH/63625,Ảnh hưởng của bất cân xứng thông tin đến quyết định tài trợ của doanh nghiệp: Trường hợp các doanh nghiệp niêm yết tại Việt Nam,16.43,low,partial_course_tokens_in_title; partial_course_tokens_in_secondary_text,https://digital.lib.ueh.edu.vn/handle/UEH/63625,,,,,,2022,MASTER'S THESES,0,Trần Thanh Tâm,
Hệ thống thông tin kinh doanh,he thong thong tin kinh doanh,Hệ thống hỗ trợ quyết định,he thong ho tro quyet dinh,3,ueh_repository,UEH/63392,Tác động của cấu trúc sở hữu đến quyết định tài trợ của các doanh nghiệp ngành công nghiệp niêm yết trên sàn giao dịch chứng khoán TP.HCM,16.27,low,partial_course_tokens_in_title; partial_course_tokens_in_secondary_text,https://digital.lib.ueh.edu.vn/handle/UEH/63392,,,,,,2021,MASTER'S THESES,0,Trần Thúy Vi,
Hệ thống thông tin kinh doanh,he thong thong tin kinh doanh,Khai phá dữ liệu,khai pha du lieu,1,tiki_book,48629551,Khoa Học Khám Phá - Dữ Liệu Lớn (Tái Bản),41.52,medium,partial_course_tokens_in_title; partial_course_tokens_in_secondary_text,https://tiki.vn/sach-khoa-hoc-kham-pha-du-lieu-lon-tai-ban-p48629551.html?spid=111176680,116200,0.0,0,15,cơ sở dữ liệu; khoa học dữ liệu; sách khoa học dữ liệu,,,,,2.7726
Hệ thống thông tin kinh doanh,he thong thong tin kinh doanh,Khai phá dữ liệu,khai pha du lieu,2,tiki_book,128711608,- Khoa Học Khám Phá - Dữ Liệu Lớn - NXB Trẻ,41.52,medium,partial_course_tokens_in_title; partial_course_tokens_in_secondary_text,https://tiki.vn/sach-khoa-hoc-kham-pha-du-lieu-lon-nxb-tre-p128711608.html?spid=275865891,140000,0.0,0,1,khoa học dữ liệu; sách khoa học dữ liệu,,,,,0.6931
Hệ thống thông tin kinh doanh,he thong thong tin kinh doanh,Khai phá dữ liệu,khai pha du lieu,3,tiki_book,79697456,Combo Khoa Học Khám Phá - Dữ Liệu Lớn và Feynman Chuyện Thật Như Đùa,41.52,medium,partial_course_tokens_in_title; partial_course_tokens_in_secondary_text,https://tiki.vn/combo-khoa-hoc-kham-pha-du-lieu-lon-va-feynman-chuyen-that-nhu-dua-p79697456.html?spid=79697457,241000,0.0,0,1,khoa học dữ liệu,,,,,0.6931
Hệ thống thông tin kinh doanh,he thong thong tin kinh doanh,Khai phá dữ liệu,khai pha du lieu,1,ueh_repository,UEH/63925,Ứng dụng công nghệ Data Lake trong quản lý và khai phá dữ liệu của ngân hàng,100.0,high,exact_course_in_title; partial_course_tokens_in_secondary_text,https://digital.lib.ueh.edu.vn/handle/UEH/63925,,,,,,2022,MASTER'S THESES,0,Phan Vũ Thành Phương,
Hệ thống thông tin kinh doanh,he thong thong tin kinh doanh,Khai phá dữ liệu,khai pha du lieu,2,ueh_repository,UEH/62516,Ứng dụng Big Data và ai trong xây dựng và khai thác cơ sở dữ liệu quốc gia về giá bất động sản tại Việt Nam,29.95,medium,partial_course_tokens_in_title; partial_course_tokens_in_secondary_text,https://digital.lib.ueh.edu.vn/handle/UEH/62516,,,,,,2021,Book Series,0,Nguyễn Quỳnh Hoa; Huỳnh Kiều Tiên; Hay Sinh; Trần Bích Vân; Nguyễn Kim Đức; Nguyễn Thị Tuyết Nhung,
Hệ thống thông tin kinh doanh,he thong thong tin kinh doanh,Khai phá dữ liệu,khai pha du lieu,3,ueh_repository,UEH/63317,Trích xuất khía cạnh và khai phá ý kiến khách hàng trong lĩnh vực thương mại di động,22.78,low,partial_course_tokens_in_title,https://digital.lib.ueh.edu.vn/handle/UEH/63317,,,,,,2021,MASTER'S THESES,0,Bùi Minh Hiển,
Hệ thống thông tin kinh doanh,he thong thong tin kinh doanh,Phân tích kinh doanh,phan tich kinh doanh,1,tiki_book,63822864,Phân tích kinh tế - kỹ thuật các dự án đầu tư xây dựng,52.51,medium,strong_course_tokens_in_title; partial_course_tokens_in_secondary_text,https://tiki.vn/sach-phan-tich-kinh-te-ky-thuat-cac-du-an-dau-tu-xay-dung-p63822864.html?spid=111196672,194020,4.8,4,41,phân tích kỹ thuật,,,,,10.9518
Hệ thống thông tin kinh doanh,he thong thong tin kinh doanh,Phân tích kinh doanh,phan tich kinh doanh,2,tiki_book,165700244,Phân Tích Kinh Tế - Kỹ Thuật Các Dự Án Đầu Tư Xây Dựng ( Tặng Kèm Sổ Tay),52.51,medium,strong_course_tokens_in_title; partial_course_tokens_in_secondary_text,https://tiki.vn/phan-tich-kinh-te-ky-thuat-cac-du-an-dau-tu-xay-dung-tang-kem-so-tay-p165700244.html?spid=165700245,152600,0.0,0,19,phân tích kỹ thuật,,,,,2.9957
Hệ thống thông tin kinh doanh,he thong thong tin kinh doanh,Phân tích kinh doanh,phan tich kinh doanh,3,tiki_book,274654248,Cuốn Sách Phân Tích Kinh Tế: Nền Kinh Tế Chia Sẻ,48.28,medium,strong_course_tokens_in_title; partial_course_tokens_in_secondary_text,https://tiki.vn/cuon-sach-phan-tich-kinh-te-nen-kinh-te-chia-se-p274654248.html?spid=274654249,161150,0.0,0,1,tăng trưởng kinh tế,,,,,0.6931
Hệ thống thông tin kinh doanh,he thong thong tin kinh doanh,Phân tích kinh doanh,phan tich kinh doanh,1,ueh_repository,UEH/62840,"Phân tích kinh tế hiệu quả sản xuất lúa theo mô hình cánh đồng lớn tại huyện Châu Phú, tỉnh An Giang",55.36,medium,strong_course_tokens_in_title; strong_course_tokens_in_secondary_text,https://digital.lib.ueh.edu.vn/handle/UEH/62840,,,,,,2021,MASTER'S THESES,0,Mai Phước Thịnh,
Hệ thống thông tin kinh doanh,he thong thong tin kinh doanh,Phân tích kinh doanh,phan tich kinh doanh,2,ueh_repository,UEH/63138,Phân tích các nhân tố tác động đến hiệu quả kinh doanh của doanh nghiệp nhỏ và vừa trên địa bàn tỉnh Bến Tre,32.97,medium,partial_course_tokens_in_title; partial_course_tokens_in_secondary_text,https://digital.lib.ueh.edu.vn/handle/UEH/63138,,,,,,2021,MASTER'S THESES,0,Nguyễn Thanh Tùng,
Hệ thống thông tin kinh doanh,he thong thong tin kinh doanh,Phân tích kinh doanh,phan tich kinh doanh,3,ueh_repository,UEH/61335,Phân tích các yếu tố tuân thủ quy định pháp luật về kinh doanh phân bón của các cơ sở kinh doanh vật tư nông nghiệp trên địa bàn tỉnh Cà Mau,31.89,medium,partial_course_tokens_in_title; partial_course_tokens_in_secondary_text,https://digital.lib.ueh.edu.vn/handle/UEH/61335,,,,,,2019,MASTER'S THESES,0,Huỳnh Thanh Lam,
Hệ thống thông tin kinh doanh,he thong thong tin kinh doanh,Quản trị cơ sở dữ liệu,quan tri co so du lieu,1,tiki_book,7164855,Cơ Sở Dữ Liệu Quan Hệ & Ứng Dụng,21.16,low,partial_course_tokens_in_title; partial_course_tokens_in_secondary_text,https://tiki.vn/sach-co-so-du-lieu-quan-he-ung-dung-p7164855.html?spid=188782912,68000,0.0,0,22,cơ sở dữ liệu; khoa học dữ liệu; sách khoa học dữ liệu,,,,,3.1355
Hệ thống thông tin kinh doanh,he thong thong tin kinh doanh,Quản trị cơ sở dữ liệu,quan tri co so du lieu,2,tiki_book,277269518,Giáo Trình Cơ Sở Dữ Liệu Quan Hệ - Lý Thuyết Và Áp Dụng,21.16,low,partial_course_tokens_in_title; partial_course_tokens_in_secondary_text,https://tiki.vn/giao-trinh-co-so-du-lieu-quan-he-ly-thuyet-va-ap-dung-p277269518.html?spid=277269519,160000,0.0,0,8,cơ sở dữ liệu,,,,,2.1972
Hệ thống thông tin kinh doanh,he thong thong tin kinh doanh,Quản trị cơ sở dữ liệu,quan tri co so du lieu,3,tiki_book,279389296,Giáo Trình Cơ Sở Dữ Liệu Quan Hệ - Lý Thuyết Và Áp Dụng,21.16,low,partial_course_tokens_in_title; partial_course_tokens_in_secondary_text,https://tiki.vn/giao-trinh-co-so-du-lieu-quan-he-ly-thuyet-va-ap-dung-p279389296.html?spid=279389297,152000,0.0,0,,cơ sở dữ liệu,,,,,0.0
Hệ thống thông tin kinh doanh,he thong thong tin kinh doanh,Quản trị cơ sở dữ liệu,quan tri co so du lieu,1,ueh_repository,UEH/62516,Ứng dụng Big Data và ai trong xây dựng và khai thác cơ sở dữ liệu quốc gia về giá bất động sản tại Việt Nam,10.31,low,partial_course_tokens_in_title; partial_course_tokens_in_secondary_text,https://digital.lib.ueh.edu.vn/handle/UEH/62516,,,,,,2021,Book Series,0,Nguyễn Quỳnh Hoa; Huỳnh Kiều Tiên; Hay Sinh; Trần Bích Vân; Nguyễn Kim Đức; Nguyễn Thị Tuyết Nhung,
Hệ thống thông tin kinh doanh,he thong thong tin kinh doanh,Quản trị cơ sở dữ liệu,quan tri co so du lieu,2,ueh_repository,UEH/63729,Nghiên cứu mối quan hệ giữa quản trị công ty và rủi ro tại các Ngân hàng Thương mại Cổ phần Việt Nam,5.76,low,partial_course_tokens_in_title; partial_course_tokens_in_secondary_text,https://digital.lib.ueh.edu.vn/handle/UEH/63729,,,,,,2022,MASTER'S THESES,0,Lương Kim Loan,
Hệ thống thông tin kinh doanh,he thong thong tin kinh doanh,Quản trị cơ sở dữ liệu,quan tri co so du lieu,3,ueh_repository,UEH/63925,Ứng dụng công nghệ Data Lake trong quản lý và khai phá dữ liệu của ngân hàng,5.32,low,partial_course_tokens_in_title; partial_course_tokens_in_secondary_text,https://digital.lib.ueh.edu.vn/handle/UEH/63925,,,,,,2022,MASTER'S THESES,0,Phan Vũ Thành Phương,
Hệ thống thông tin kinh doanh,he thong thong tin kinh doanh,Trực quan hóa dữ liệu,truc quan hoa du lieu,1,tiki_book,76013378,Storytelling With Data - Kể Chuyện Thông Qua Dữ Liệu (Cuốn Cẩm Nang Hướng Dẫn Trực Quan Hóa Dữ Liệu),75.44,high,exact_course_in_title; partial_course_tokens_in_secondary_text,https://tiki.vn/sach-storytelling-with-data-ke-chuyen-thong-qua-du-lieu-cuon-cam-nang-huong-dan-truc-quan-hoa-du-lieu-p76013378.html?spid=76013379,233900,5.0,1936,12836,cơ sở dữ liệu; data science; data analysis; data analytics; data engineering,,,,,25.8134
Hệ thống thông tin kinh doanh,he thong thong tin kinh doanh,Trực quan hóa dữ liệu,truc quan hoa du lieu,2,tiki_book,274561662,Excel Power Query Và Power Pivot Cơ Bản - Tự Động Hóa Dữ Liệu Báo Cáo,22.17,low,partial_course_tokens_in_title; partial_course_tokens_in_secondary_text,https://tiki.vn/excel-power-query-va-power-pivot-co-ban-tu-dong-hoa-du-lieu-bao-cao-p274561662.html?spid=274561664,169200,4.5,2,20,Excel phân tích dữ liệu,,,,,9.1924
Hệ thống thông tin kinh doanh,he thong thong tin kinh doanh,Trực quan hóa dữ liệu,truc quan hoa du lieu,3,tiki_book,278649951,Data Analysis - Nghệ thuật phân tích & trình diễn biểu đồ dữ liệu,13.23,low,partial_course_tokens_in_title; partial_course_tokens_in_secondary_text,https://tiki.vn/sach-data-analysis-nghe-thuat-phan-tich-trinh-dien-bieu-do-du-lieu-p278649951.html?spid=278649952,253300,0.0,3,15,financial analysis; technical analysis; fundamental analysis; phân tích dữ liệu; data analysis; data analytics; data engineering; Excel phân tích dữ liệu,,,,,4.852
Hệ thống thông tin kinh doanh,he thong thong tin kinh doanh,Trực quan hóa dữ liệu,truc quan hoa du lieu,1,ueh_repository,UEH/63925,Ứng dụng công nghệ Data Lake trong quản lý và khai phá dữ liệu của ngân hàng,9.89,low,partial_course_tokens_in_title; partial_course_tokens_in_secondary_text,https://digital.lib.ueh.edu.vn/handle/UEH/63925,,,,,,2022,MASTER'S THESES,0,Phan Vũ Thành Phương,
Hệ thống thông tin kinh doanh,he thong thong tin kinh doanh,Trực quan hóa dữ liệu,truc quan hoa du lieu,2,ueh_repository,UEH/62516,Ứng dụng Big Data và ai trong xây dựng và khai thác cơ sở dữ liệu quốc gia về giá bất động sản tại Việt Nam,8.91,low,partial_course_tokens_in_title; partial_course_tokens_in_secondary_text,https://digital.lib.ueh.edu.vn/handle/UEH/62516,,,,,,2021,Book Series,0,Nguyễn Quỳnh Hoa; Huỳnh Kiều Tiên; Hay Sinh; Trần Bích Vân; Nguyễn Kim Đức; Nguyễn Thị Tuyết Nhung,
Hệ thống thông tin kinh doanh,he thong thong tin kinh doanh,Trực quan hóa dữ liệu,truc quan hoa du lieu,3,ueh_repository,UEH/62507,Cải cách pháp luật đáp ứng nhu cầu bảo vệ dữ liệu cá nhân trong chuyển đổi số,7.04,low,partial_course_tokens_in_title; partial_course_tokens_in_secondary_text,https://digital.lib.ueh.edu.vn/handle/UEH/62507,,,,,,2021,Book Series,0,TS. Dương Kim Thế Nguyên; ThS. Huỳnh Thiên Tứ; ThS. Lê Thùy Khanh; ThS. Mai Nguyễn Dũng,
Hệ thống thông tin quản lý,he thong thong tin quan ly,An ninh thông tin quản lý,an ninh thong tin quan ly,1,tiki_book,278641815,Combo Quản Lý Công Nghệ Thông Tin Trong Y Tế + Hệ Thống Thông Tin Y Tế,26.61,low,partial_course_tokens_in_title; partial_course_tokens_in_secondary_text,https://tiki.vn/combo-quan-ly-cong-nghe-thong-tin-trong-y-te-he-thong-thong-tin-y-te-p278641815.html?spid=278641829,738000,0.0,0,,công nghệ thông tin,,,,,0.0
Hệ thống thông tin quản lý,he thong thong tin quan ly,An ninh thông tin quản lý,an ninh thong tin quan ly,2,tiki_book,278682566,Quản lý Công nghệ Thông tin trong Y tế,25.82,low,partial_course_tokens_in_title; partial_course_tokens_in_secondary_text,https://tiki.vn/sach-quan-ly-cong-nghe-thong-tin-trong-y-te-p278682566.html?spid=278682567,223000,0.0,0,13,công nghệ thông tin; sách công nghệ thông tin,,,,,2.6391
Hệ thống thông tin quản lý,he thong thong tin quan ly,An ninh thông tin quản lý,an ninh thong tin quan ly,3,tiki_book,278641800,"Quản Lý Công Nghệ Thông Tin Trong Y Tế - Chiến Lược, Tầm Nhìn Và Kỹ Năng",25.82,low,partial_course_tokens_in_title; partial_course_tokens_in_secondary_text,https://tiki.vn/quan-ly-cong-nghe-thong-tin-trong-y-te-chien-luoc-tam-nhin-va-ky-nang-p278641800.html?spid=278641819,270000,0.0,0,4,công nghệ thông tin,,,,,1.6094
Hệ thống thông tin quản lý,he thong thong tin quan ly,An ninh thông tin quản lý,an ninh thong tin quan ly,1,ueh_repository,UEH/62896,Quản lý nhà nước về ứng dụng công nghệ thông tin trên địa bàn tỉnh An Giang,27.11,medium,partial_course_tokens_in_title; strong_course_tokens_in_secondary_text,https://digital.lib.ueh.edu.vn/handle/UEH/62896,,,,,,2021,MASTER'S THESES,0,Mai Châu Giang,
Hệ thống thông tin quản lý,he thong thong tin quan ly,An ninh thông tin quản lý,an ninh thong tin quan ly,2,ueh_repository,UEH/63472,Hoàn thiện hệ thống thông tin kế toán nhằm đáp ứng yêu cầu quản lý tại Trường Cao đẳng Nghề Thành phố Hồ Chí Minh,23.06,low,partial_course_tokens_in_title; partial_course_tokens_in_secondary_text,https://digital.lib.ueh.edu.vn/handle/UEH/63472,,,,,,2021,MASTER'S THESES,0,Bùi Ngọc Thanh Trang,
Hệ thống thông tin quản lý,he thong thong tin quan ly,An ninh thông tin quản lý,an ninh thong tin quan ly,3,ueh_repository,UEH/61612,Phân tích các nhân tố ảnh hưởng đến sự hài lòng của người sử dụng thông tin thống kê trên địa bàn tỉnh Bắc Ninh,20.26,low,partial_course_tokens_in_title; partial_course_tokens_in_secondary_text,https://digital.lib.ueh.edu.vn/handle/UEH/61612,,,,,,2020,MASTER'S THESES,0,Trương Hồng Minh,
Hệ thống thông tin quản lý,he thong thong tin quan ly,Hệ thống thông tin quản lý,he thong thong tin quan ly,1,tiki_book,278641815,Combo Quản Lý Công Nghệ Thông Tin Trong Y Tế + Hệ Thống Thông Tin Y Tế,28.47,low,partial_course_tokens_in_title; partial_course_tokens_in_secondary_text,https://tiki.vn/combo-quan-ly-cong-nghe-thong-tin-trong-y-te-he-thong-thong-tin-y-te-p278641815.html?spid=278641829,738000,0.0,0,,công nghệ thông tin,,,,,0.0
Hệ thống thông tin quản lý,he thong thong tin quan ly,Hệ thống thông tin quản lý,he thong thong tin quan ly,2,tiki_book,278632652,Hệ Thống Thông Tin Trong Y Tế,23.38,low,partial_course_tokens_in_title; partial_course_tokens_in_secondary_text,https://tiki.vn/sach-he-thong-thong-tin-trong-y-te-p278632652.html?spid=278632655,338000,0.0,0,16,công nghệ thông tin,,,,,2.8332
Hệ thống thông tin quản lý,he thong thong tin quan ly,Hệ thống thông tin quản lý,he thong thong tin quan ly,3,tiki_book,278703361,- Hệ Thống Thông Tin Y Tế,23.38,low,partial_course_tokens_in_title; partial_course_tokens_in_secondary_text,https://tiki.vn/sach-he-thong-thong-tin-y-te-p278703361.html?spid=278703362,390000,0.0,0,1,công nghệ thông tin,,,,,0.6931
Hệ thống thông tin quản lý,he thong thong tin quan ly,Hệ thống thông tin quản lý,he thong thong tin quan ly,1,ueh_repository,UEH/63472,Hoàn thiện hệ thống thông tin kế toán nhằm đáp ứng yêu cầu quản lý tại Trường Cao đẳng Nghề Thành phố Hồ Chí Minh,31.13,medium,partial_course_tokens_in_title; partial_course_tokens_in_secondary_text,https://digital.lib.ueh.edu.vn/handle/UEH/63472,,,,,,2021,MASTER'S THESES,0,Bùi Ngọc Thanh Trang,
Hệ thống thông tin quản lý,he thong thong tin quan ly,Hệ thống thông tin quản lý,he thong thong tin quan ly,2,ueh_repository,UEH/63105,Hoàn thiện hệ thống thông tin kế toán tại Công ty TNHH MTV Dịch vụ Công ích Quận 4,26.94,medium,partial_course_tokens_in_title; partial_course_tokens_in_secondary_text,https://digital.lib.ueh.edu.vn/handle/UEH/63105,,,,,,2021,MASTER'S THESES,0,Nguyễn Thái Bình,
Hệ thống thông tin quản lý,he thong thong tin quan ly,Hệ thống thông tin quản lý,he thong thong tin quan ly,3,ueh_repository,UEH/61354,Các nhân tố ảnh hưởng đến chất lượng hệ thống thông tin kế toán của các đơn vị sự nghiệp y tế công lập tại thành phố Hồ Chí Minh,26.9,medium,partial_course_tokens_in_title; partial_course_tokens_in_secondary_text,https://digital.lib.ueh.edu.vn/handle/UEH/61354,,,,,,2020,MASTER'S THESES,0,Nguyễn Thị Hằng,
Hệ thống thông tin quản lý,he thong thong tin quan ly,Kiểm toán hệ thống thông tin,kiem toan he thong thong tin,1,tiki_book,278641815,Combo Quản Lý Công Nghệ Thông Tin Trong Y Tế + Hệ Thống Thông Tin Y Tế,19.89,low,partial_course_tokens_in_title; partial_course_tokens_in_secondary_text,https://tiki.vn/combo-quan-ly-cong-nghe-thong-tin-trong-y-te-he-thong-thong-tin-y-te-p278641815.html?spid=278641829,738000,0.0,0,,công nghệ thông tin,,,,,0.0
Hệ thống thông tin quản lý,he thong thong tin quan ly,Kiểm toán hệ thống thông tin,kiem toan he thong thong tin,2,tiki_book,278632652,Hệ Thống Thông Tin Trong Y Tế,13.54,low,partial_course_tokens_in_title; partial_course_tokens_in_secondary_text,https://tiki.vn/sach-he-thong-thong-tin-trong-y-te-p278632652.html?spid=278632655,338000,0.0,0,16,công nghệ thông tin,,,,,2.8332
Hệ thống thông tin quản lý,he thong thong tin quan ly,Kiểm toán hệ thống thông tin,kiem toan he thong thong tin,3,tiki_book,278703361,- Hệ Thống Thông Tin Y Tế,13.54,low,partial_course_tokens_in_title; partial_course_tokens_in_secondary_text,https://tiki.vn/sach-he-thong-thong-tin-y-te-p278703361.html?spid=278703362,390000,0.0,0,1,công nghệ thông tin,,,,,0.6931
Hệ thống thông tin quản lý,he thong thong tin quan ly,Kiểm toán hệ thống thông tin,kiem toan he thong thong tin,1,ueh_repository,UEH/63105,Hoàn thiện hệ thống thông tin kế toán tại Công ty TNHH MTV Dịch vụ Công ích Quận 4,13.11,low,partial_course_tokens_in_title; partial_course_tokens_in_secondary_text,https://digital.lib.ueh.edu.vn/handle/UEH/63105,,,,,,2021,MASTER'S THESES,0,Nguyễn Thái Bình,
Hệ thống thông tin quản lý,he thong thong tin quan ly,Kiểm toán hệ thống thông tin,kiem toan he thong thong tin,2,ueh_repository,UEH/63472,Hoàn thiện hệ thống thông tin kế toán nhằm đáp ứng yêu cầu quản lý tại Trường Cao đẳng Nghề Thành phố Hồ Chí Minh,12.76,low,partial_course_tokens_in_title; partial_course_tokens_in_secondary_text,https://digital.lib.ueh.edu.vn/handle/UEH/63472,,,,,,2021,MASTER'S THESES,0,Bùi Ngọc Thanh Trang,
Hệ thống thông tin quản lý,he thong thong tin quan ly,Kiểm toán hệ thống thông tin,kiem toan he thong thong tin,3,ueh_repository,UEH/61354,Các nhân tố ảnh hưởng đến chất lượng hệ thống thông tin kế toán của các đơn vị sự nghiệp y tế công lập tại thành phố Hồ Chí Minh,12.24,low,partial_course_tokens_in_title; partial_course_tokens_in_secondary_text,https://digital.lib.ueh.edu.vn/handle/UEH/61354,,,,,,2020,MASTER'S THESES,0,Nguyễn Thị Hằng,
Hệ thống thông tin quản lý,he thong thong tin quan ly,Phân tích và thiết kế hệ thống,phan tich va thiet ke he thong,1,tiki_book,278159885,Thiết Kế Hệ Thống Học Máy,41.77,medium,partial_course_tokens_in_title; partial_course_tokens_in_secondary_text,https://tiki.vn/sach-thiet-ke-he-thong-hoc-may-p278159885.html?spid=278159887,288750,5.0,19,312,thiết kế nghiên cứu,,,,,15.2398
Hệ thống thông tin quản lý,he thong thong tin quan ly,Phân tích và thiết kế hệ thống,phan tich va thiet ke he thong,2,tiki_book,270319661,Tính toán thiết kế hệ thống lạnh (tái bản năm 2025),41.77,medium,partial_course_tokens_in_title; partial_course_tokens_in_secondary_text,https://tiki.vn/tinh-toan-thiet-ke-he-thong-lanh-p270319661.html?spid=270319662,84000,5.0,2,9,chuẩn mực kế toán; thiết kế nghiên cứu,,,,,8.9505
Hệ thống thông tin quản lý,he thong thong tin quan ly,Phân tích và thiết kế hệ thống,phan tich va thiet ke he thong,3,tiki_book,278309820,Thiết Kế Hệ Thống Học Máy,41.77,medium,partial_course_tokens_in_title; partial_course_tokens_in_secondary_text,https://tiki.vn/thiet-ke-he-thong-hoc-may-p278309820.html?spid=278309821,375000,5.0,1,8,thiết kế nghiên cứu,,,,,8.2369
Hệ thống thông tin quản lý,he thong thong tin quan ly,Phân tích và thiết kế hệ thống,phan tich va thiet ke he thong,1,ueh_repository,UEH/63072,Phân tích các nhân tố ảnh hưởng đến mức độ hài lòng của đối tượng sử dụng thông tin thống kê tỉnh Long An,13.12,low,partial_course_tokens_in_title; partial_course_tokens_in_secondary_text,https://digital.lib.ueh.edu.vn/handle/UEH/63072,,,,,,2021,MASTER'S THESES,0,Nguyễn Đức Ngoan,
Hệ thống thông tin quản lý,he thong thong tin quan ly,Phân tích và thiết kế hệ thống,phan tich va thiet ke he thong,2,ueh_repository,UEH/62528,Áp dụng của tư duy thiết kế vào chuyển đổi số: lý thuyết và bài học thực tiễn,13.09,low,partial_course_tokens_in_title; partial_course_tokens_in_secondary_text,https://digital.lib.ueh.edu.vn/handle/UEH/62528,,,,,,2021,Book Series,0,TS. Cao Quốc Việt; ThS. Nguyễn Tấn Trung,
Hệ thống thông tin quản lý,he thong thong tin quan ly,Phân tích và thiết kế hệ thống,phan tich va thiet ke he thong,3,ueh_repository,UEH/61354,Các nhân tố ảnh hưởng đến chất lượng hệ thống thông tin kế toán của các đơn vị sự nghiệp y tế công lập tại thành phố Hồ Chí Minh,13.05,low,partial_course_tokens_in_title; partial_course_tokens_in_secondary_text,https://digital.lib.ueh.edu.vn/handle/UEH/61354,,,,,,2020,MASTER'S THESES,0,Nguyễn Thị Hằng,
Hệ thống thông tin quản lý,he thong thong tin quan ly,Quản trị dự án CNTT,quan tri du an cntt,1,tiki_book,279112556,- Quản Trị Dự Án dành cho Quản Lý Dự Án Không Chuyên - Project Management for the Unofficial Project Manager,36.3,medium,partial_course_tokens_in_title; partial_course_tokens_in_secondary_text,https://tiki.vn/sach-quan-tri-du-an-danh-cho-quan-ly-du-an-khong-chuyen-project-management-for-the-unofficial-project-manager-p279112556.html?spid=279112557,158400,5.0,1,2,operations management; human resource management; quản trị dự án; project management; management accounting; supply chain management; tourism management; hotel management; restaurant management,,,,,7.1383
Hệ thống thông tin quản lý,he thong thong tin quan ly,Quản trị dự án CNTT,quan tri du an cntt,2,tiki_book,275950622,Quản Trị Dự Án - Project Management QuickStart Guide,36.11,medium,partial_course_tokens_in_title; partial_course_tokens_in_secondary_text,https://tiki.vn/quan-tri-du-an-project-management-quickstart-guide-p275950622.html?spid=275950623,242200,5.0,1,12,operations management; human resource management; quản trị dự án; project management; management accounting; supply chain management; tourism management; hotel management; restaurant management; time management,,,,,8.6047
Hệ thống thông tin quản lý,he thong thong tin quan ly,Quản trị dự án CNTT,quan tri du an cntt,3,tiki_book,275852846,Quản Trị Dự Án (Project Management QuickStart Guide) - Chris Croft - PACE Books,36.11,medium,partial_course_tokens_in_title; partial_course_tokens_in_secondary_text,https://tiki.vn/quan-tri-du-an-project-management-quickstart-guide-chris-croft-pace-books-p275852846.html?spid=275922252,242250,0.0,0,9,operations management; human resource management; quản trị dự án; project management; management accounting; tourism management; hotel management; restaurant management,,,,,2.3026
Hệ thống thông tin quản lý,he thong thong tin quan ly,Quản trị dự án CNTT,quan tri du an cntt,1,ueh_repository,UEH/62960,Nâng cao quản trị rủi ro các dự án đầu tư tại Ban quản lý dự án hạ tầng II – Tổng công ty Hạ tầng mạng (VNPT NET),11.51,low,partial_course_tokens_in_title; partial_course_tokens_in_secondary_text,https://digital.lib.ueh.edu.vn/handle/UEH/62960,,,,,,2021,MASTER'S THESES,0,Trần Minh Hậu,
Hệ thống thông tin quản lý,he thong thong tin quan ly,Quản trị dự án CNTT,quan tri du an cntt,2,ueh_repository,UEH/63478,Tác động của kiến thức quản trị chi phí đến sự sáng tạo của các nhà quản trị: Vai trò trung gian của sự tham gia vào dự toán ngân sách,11.26,low,partial_course_tokens_in_title; partial_course_tokens_in_secondary_text,https://digital.lib.ueh.edu.vn/handle/UEH/63478,,,,,,2021,MASTER'S THESES,0,Nguyễn Thị Bích Nguyệt,
Hệ thống thông tin quản lý,he thong thong tin quan ly,Quản trị dự án CNTT,quan tri du an cntt,3,ueh_repository,UEH/61476,Các nhân tố tác động đến việc sử dụng thông tin kế toán quản trị trong các doanh nghiệp thương mại dịch vụ tại TP.HCM,9.45,low,partial_course_tokens_in_title; partial_course_tokens_in_secondary_text,https://digital.lib.ueh.edu.vn/handle/UEH/61476,,,,,,2021,MASTER'S THESES,0,Huỳnh Ngọc Phương,
Hệ thống thông tin quản lý,he thong thong tin quan ly,Thương mại điện tử,thuong mai dien tu,1,tiki_book,279113587,Combo 2 Sách - Ứng Dụng Chat GPT Trong Thương Mại Điện Tử + Xây Dựng Hệ Thống Bán Hàng Đa Kênh,58.01,medium,exact_course_in_title; exact_course_in_secondary_text,https://tiki.vn/combo-2-sach-ung-dung-chat-gpt-trong-thuong-mai-dien-tu-xay-dung-he-thong-ban-hang-da-kenh-p279113587.html?spid=279113588,366000,0.0,0,1,thương mại điện tử,,,,,0.6931
Hệ thống thông tin quản lý,he thong thong tin quan ly,Thương mại điện tử,thuong mai dien tu,2,tiki_book,177727968,LẬP TRÌNH HỆ THỐNG THƯƠNG MẠI ĐIỆN TỬ,58.01,medium,exact_course_in_title; exact_course_in_secondary_text,https://tiki.vn/lap-trinh-he-thong-thuong-mai-dien-tu-p177727968.html?spid=277532650,200000,0.0,0,1,thương mại điện tử; sàn thương mại điện tử,,,,,0.6931
Hệ thống thông tin quản lý,he thong thong tin quan ly,Thương mại điện tử,thuong mai dien tu,3,tiki_book,225386412,Lập Trình Hệ Thống Thương Mại Điện Tử,58.01,medium,exact_course_in_title; exact_course_in_secondary_text,https://tiki.vn/sach-lap-trinh-he-thong-thuong-mai-dien-tu-p225386412.html?spid=225386416,200000,0.0,0,,thương mại điện tử; sách thương mại điện tử; sàn thương mại điện tử,,,,,0.0
Hệ thống thông tin quản lý,he thong thong tin quan ly,Thương mại điện tử,thuong mai dien tu,1,ueh_repository,UEH/63450,Ảnh hưởng của chất lượng thông tin tới hành vi mua hàng ngẫu hứng trên sàn thương mại điện tử tại Việt Nam,49.0,medium,exact_course_in_title; exact_course_in_secondary_text,https://digital.lib.ueh.edu.vn/handle/UEH/63450,,,,,,2021,MASTER'S THESES,0,Cao Thị Mai Hương,
Hệ thống thông tin quản lý,he thong thong tin quan ly,Thương mại điện tử,thuong mai dien tu,2,ueh_repository,UEH/63432,"Pháp luật về hợp đồng thương mại điện tử của Hoa Kỳ, liên minh Châu Âu kinh nghiệm cho Việt Nam",48.82,medium,exact_course_in_title; exact_course_in_secondary_text,https://digital.lib.ueh.edu.vn/handle/UEH/63432,,,,,,2021,MASTER'S THESES,0,Nguyễn Cát Tường Dung,
Hệ thống thông tin quản lý,he thong thong tin quan ly,Thương mại điện tử,thuong mai dien tu,3,ueh_repository,UEH/61180,Hợp đồng thương mại điện tử theo quy định pháp luật Việt Nam - một số vấn đề lý luận và thực tiễn,48.81,medium,exact_course_in_title; exact_course_in_secondary_text,https://digital.lib.ueh.edu.vn/handle/UEH/61180,,,,,,2021,MASTER'S THESES,0,Nguyễn Minh Tài,
Khoa học dữ liệu,khoa hoc du lieu,Dữ liệu lớn và ứng dụng,du lieu lon va ung dung,1,tiki_book,29810872,Dữ Liệu Lớn - Big Data ( Tặng Bookmark Sáng Tạo ),47.24,medium,partial_course_tokens_in_title; partial_course_tokens_in_secondary_text; major_context_tokens,https://tiki.vn/du-lieu-lon-big-data-tang-bookmark-sang-tao-p29810872.html?spid=274059541,149000,0.0,0,2,cơ sở dữ liệu; data science; data analytics; data engineering; big data,,,,,1.0986
Khoa học dữ liệu,khoa hoc du lieu,Dữ liệu lớn và ứng dụng,du lieu lon va ung dung,2,tiki_book,31207472,Dữ Liệu Lớn - Big Data (Quà Tặng Tickbook Đặc Biệt),47.24,medium,partial_course_tokens_in_title; partial_course_tokens_in_secondary_text; major_context_tokens,https://tiki.vn/du-lieu-lon-big-data-qua-tang-tickbook-dac-biet-p31207472.html?spid=274059538,149000,0.0,0,1,cơ sở dữ liệu; data science; data analytics; data engineering; big data,,,,,0.6931
Khoa học dữ liệu,khoa hoc du lieu,Dữ liệu lớn và ứng dụng,du lieu lon va ung dung,3,tiki_book,92010783,- Dữ liệu lớn (Big Data),47.24,medium,partial_course_tokens_in_title; partial_course_tokens_in_secondary_text; major_context_tokens,https://tiki.vn/sach-du-lieu-lon-big-data-p92010783.html?spid=277067079,149000,0.0,0,,cơ sở dữ liệu; data science; data analysis; data analytics; data engineering; big data,,,,,0.0
Khoa học dữ liệu,khoa hoc du lieu,Dữ liệu lớn và ứng dụng,du lieu lon va ung dung,1,ueh_repository,UEH/62516,Ứng dụng Big Data và ai trong xây dựng và khai thác cơ sở dữ liệu quốc gia về giá bất động sản tại Việt Nam,38.16,medium,partial_course_tokens_in_title; partial_course_tokens_in_secondary_text,https://digital.lib.ueh.edu.vn/handle/UEH/62516,,,,,,2021,Book Series,0,Nguyễn Quỳnh Hoa; Huỳnh Kiều Tiên; Hay Sinh; Trần Bích Vân; Nguyễn Kim Đức; Nguyễn Thị Tuyết Nhung,
Khoa học dữ liệu,khoa hoc du lieu,Dữ liệu lớn và ứng dụng,du lieu lon va ung dung,2,ueh_repository,UEH/62515,Big data cho mục tiêu phát triển bền vững 2030: kinh nghiệm quốc tế,24.17,low,partial_course_tokens_in_title; strong_course_tokens_in_secondary_text,https://digital.lib.ueh.edu.vn/handle/UEH/62515,,,,,,2021,Book Series,0,TS. Phạm Thái Bình,
Khoa học dữ liệu,khoa hoc du lieu,Dữ liệu lớn và ứng dụng,du lieu lon va ung dung,3,ueh_repository,UEH/63925,Ứng dụng công nghệ Data Lake trong quản lý và khai phá dữ liệu của ngân hàng,23.87,low,partial_course_tokens_in_title; partial_course_tokens_in_secondary_text,https://digital.lib.ueh.edu.vn/handle/UEH/63925,,,,,,2022,MASTER'S THESES,0,Phan Vũ Thành Phương,
Khoa học dữ liệu,khoa hoc du lieu,Học máy,hoc may,1,tiki_book,278226682,- Thiết Kế Hệ Thống Học Máy - Designing Machine Learning Systems,100.0,high,exact_course_in_title; strong_course_tokens_in_secondary_text,https://tiki.vn/sach-thiet-ke-he-thong-hoc-may-designing-machine-learning-systems-p278226682.html?spid=278226683,318700,0.0,0,19,machine learning,,,,,2.9957
Khoa học dữ liệu,khoa hoc du lieu,Học máy,hoc may,2,tiki_book,278325503,Thiết Kế Hệ Thống Học Máy - Designing Machine Learning Systems,100.0,high,exact_course_in_title; strong_course_tokens_in_secondary_text,https://tiki.vn/thiet-ke-he-thong-hoc-may-designing-machine-learning-systems-p278325503.html?spid=278325504,375000,0.0,0,1,machine learning,,,,,0.6931
Khoa học dữ liệu,khoa hoc du lieu,Học máy,hoc may,3,tiki_book,275583072,khoa học dữ liệu với các kỹ thuật học máy - cơ bản ( STK),73.74,high,exact_course_in_title; exact_course_in_secondary_text; exact_major_in_title,https://tiki.vn/sach-khoa-hoc-du-lieu-voi-cac-ky-thuat-hoc-may-co-ban-stk-p275583072.html?spid=275583073,168300,5.0,1,6,khoa học máy tính; cơ sở dữ liệu; khoa học dữ liệu; sách khoa học dữ liệu,,,,,7.9856
Khoa học dữ liệu,khoa hoc du lieu,Học máy,hoc may,1,ueh_repository,UEH/63165,Phân tích hành vi khách hàng trong lĩnh vực bán lẻ với mô hình RFM tiếp cận bằng kỹ thuật học máy không giám sát,57.2,medium,exact_course_in_title,https://digital.lib.ueh.edu.vn/handle/UEH/63165,,,,,,2022,MASTER'S THESES,0,Phan Châu Minh Trường,
Khoa học dữ liệu,khoa hoc du lieu,Học máy,hoc may,2,ueh_repository,UEH/61960,Different firm responses to the COVID-19 pandemic shocks: machine-learning evidence on the Vietnamese labor market,50.76,medium,partial_course_tokens_in_title; strong_course_tokens_in_secondary_text,https://digital.lib.ueh.edu.vn/handle/UEH/61960,,,,,,2023,INTERNATIONAL PUBLICATIONS,0,Le L.H.V.; Huynh T.L.D.; Weber B.S.; Nguyen B.K.Q.,
Khoa học dữ liệu,khoa hoc du lieu,Học máy,hoc may,3,ueh_repository,UEH/62254,DDOS detection using machine learning technique,50.7,medium,partial_course_tokens_in_title; strong_course_tokens_in_secondary_text,https://digital.lib.ueh.edu.vn/handle/UEH/62254,,,,,,2021,Conference Papers,0,Pande S.; Khamparia A.; Gupta D.; Thanh D.N.H.,
Khoa học dữ liệu,khoa hoc du lieu,Học sâu,hoc sau,1,tiki_book,23088719,Deep Learning - Cuộc Cách Mạng Học Sâu,96.27,high,exact_course_in_title,https://tiki.vn/sach-deep-learning-cuoc-cach-mang-hoc-sau-p23088719.html?spid=23088720,147200,4.8,123,1361,machine learning; deep learning,,,,,19.2471
Khoa học dữ liệu,khoa hoc du lieu,Học sâu,hoc sau,2,tiki_book,278147201,- Deep Learning - Cuộc Cách Mạng Học Sâu (Tái Bản 2025),96.27,high,exact_course_in_title,https://tiki.vn/sach-deep-learning-cuoc-cach-mang-hoc-sau-tai-ban-2025-p278147201.html?spid=278147202,173800,5.0,1,4,machine learning; deep learning,,,,,7.6492
Khoa học dữ liệu,khoa hoc du lieu,Học sâu,hoc sau,3,tiki_book,278051927,Deep Learning - Cuộc Cách Mạng Học Sâu,96.27,high,exact_course_in_title,https://tiki.vn/deep-learning-cuoc-cach-mang-hoc-sau-p278051927.html?spid=278051928,189000,0.0,0,3,machine learning; deep learning,,,,,1.3863
Khoa học dữ liệu,khoa hoc du lieu,Học sâu,hoc sau,1,ueh_repository,UEH/61680,Tài liệu học tập Phân tích dữ liệu nghiên cứu với SPSS 2008 tập 1,23.19,low,partial_course_tokens_in_title; partial_course_tokens_in_secondary_text,https://digital.lib.ueh.edu.vn/handle/UEH/61680,,,,,,2008,Business Statistics-Data Analysis,0,Hoàng Trọng; Chu Nguyễn Mộng Ngọc,
Khoa học dữ liệu,khoa hoc du lieu,Học sâu,hoc sau,2,ueh_repository,UEH/62613,Hoàn thiện tổ chức công tác kế toán tại trường Đại học Y khoa Phạm Ngọc Thạch trong điều kiện thực hiện chế độ tự chủ tài chính,22.83,low,partial_course_tokens_in_title; partial_course_tokens_in_secondary_text,https://digital.lib.ueh.edu.vn/handle/UEH/62613,,,,,,2021,MASTER'S THESES,0,Nguyễn Thị Kim Thanh,
Khoa học dữ liệu,khoa hoc du lieu,Học sâu,hoc sau,3,ueh_repository,UEH/61168,Hoàn thiện tổ chức công tác kế toán tại Trường Đại học Y khoa Phạm Ngọc Thạch,22.83,low,partial_course_tokens_in_title; partial_course_tokens_in_secondary_text,https://digital.lib.ueh.edu.vn/handle/UEH/61168,,,,,,2020,MASTER'S THESES,0,Nguyễn Thị Chúc Linh,
Khoa học dữ liệu,khoa hoc du lieu,Khai phá văn bản,khai pha van ban,1,tiki_book,275706073,"Khoa Học Dữ Liệu Với Các Kỹ Thuật Học Máy (Cơ Bản) - Đỗ Như Tài, Cổ Tồn Minh Đăng, Lai Đình Khải, Nguyễn Quốc Huy",18.89,low,partial_course_tokens_in_title; exact_major_in_title,https://tiki.vn/khoa-hoc-du-lieu-voi-cac-ky-thuat-hoc-may-co-ban-do-nhu-tai-co-ton-minh-dang-lai-dinh-khai-nguyen-quoc-huy-p275706073.html?spid=275720769,198000,0.0,0,4,cơ sở dữ liệu; khoa học dữ liệu,,,,,1.6094
Khoa học dữ liệu,khoa hoc du lieu,Khai phá văn bản,khai pha van ban,2,tiki_book,276504813,Bộ công cụ tài liệu tặng kèm cuốn Thành Thạo Soạn thảo Văn bản Word: Mẹo và các Lỗi thường gặp,14.47,low,partial_course_tokens_in_title,https://tiki.vn/bo-cong-cu-tai-lieu-tang-kem-cuon-thanh-thao-soan-thao-van-ban-word-meo-va-cac-loi-thuong-gap-p276504813.html?spid=276504814,159000,0.0,0,3,trích dẫn tài liệu,,,,,1.3863
Khoa học dữ liệu,khoa hoc du lieu,Khai phá văn bản,khai pha van ban,3,tiki_book,278907196,- Luật Viên Chức (Hiện Hành) Và Các Văn Bản Hướng Dẫn Thi Hành,14.08,low,partial_course_tokens_in_title,https://tiki.vn/sach-luat-vien-chuc-hien-hanh-va-cac-van-ban-huong-dan-thi-hanh-p278907196.html?spid=278907198,51000,0.0,0,,hướng dẫn viên du lịch,,,,,0.0
Khoa học dữ liệu,khoa hoc du lieu,Khai phá văn bản,khai pha van ban,1,ueh_repository,UEH/63925,Ứng dụng công nghệ Data Lake trong quản lý và khai phá dữ liệu của ngân hàng,23.1,low,partial_course_tokens_in_title; partial_course_tokens_in_secondary_text,https://digital.lib.ueh.edu.vn/handle/UEH/63925,,,,,,2022,MASTER'S THESES,0,Phan Vũ Thành Phương,
Khoa học dữ liệu,khoa hoc du lieu,Khai phá văn bản,khai pha van ban,2,ueh_repository,UEH/63317,Trích xuất khía cạnh và khai phá ý kiến khách hàng trong lĩnh vực thương mại di động,20.47,low,partial_course_tokens_in_title,https://digital.lib.ueh.edu.vn/handle/UEH/63317,,,,,,2021,MASTER'S THESES,0,Bùi Minh Hiển,
Khoa học dữ liệu,khoa hoc du lieu,Khai phá văn bản,khai pha van ban,3,ueh_repository,UEH/61147,Pháp luật về ban hành văn bản quy phạm pháp luật của chính quyền địa phương cấp tỉnh từ thực tiễn của tỉnh Cà Mau,17.25,low,partial_course_tokens_in_title; partial_course_tokens_in_secondary_text,https://digital.lib.ueh.edu.vn/handle/UEH/61147,,,,,,2020,MASTER'S THESES,0,Tôn Hữu Nghĩa,
Khoa học dữ liệu,khoa hoc du lieu,Thống kê ứng dụng,thong ke ung dung,1,tiki_book,271520993,Thống Kê Ứng Dụng Trong Kinh Doanh (Kèm File CD Mềm) (KT),100.0,high,exact_course_in_title; partial_course_tokens_in_secondary_text,https://tiki.vn/thong-ke-ung-dung-trong-kinh-doanh-kem-file-cd-mem-_kt-p271520993.html?spid=271520994,85000,5.0,2,16,thống kê; xác suất thống kê,,,,,9.4811
Khoa học dữ liệu,khoa hoc du lieu,Thống kê ứng dụng,thong ke ung dung,2,tiki_book,209414884,Thống Kê Ứng Dụng Trong Kinh Doanh,100.0,high,exact_course_in_title; partial_course_tokens_in_secondary_text,https://tiki.vn/thong-ke-ung-dung-trong-kinh-doanh-p209414884.html?spid=209414885,85000,0.0,0,5,thống kê; xác suất thống kê,,,,,1.7918
Khoa học dữ liệu,khoa hoc du lieu,Thống kê ứng dụng,thong ke ung dung,3,tiki_book,181782985,Thống Kê Ứng Dụng Trong Kinh Doanh,100.0,high,exact_course_in_title; partial_course_tokens_in_secondary_text,https://tiki.vn/thong-ke-ung-dung-trong-kinh-doanh-p181782985.html?spid=209412543,85000,0.0,0,3,thống kê; xác suất thống kê,,,,,1.3863
Khoa học dữ liệu,khoa hoc du lieu,Thống kê ứng dụng,thong ke ung dung,1,ueh_repository,UEH/63458,Các nhân tố ảnh hưởng đến ứng dụng hệ thống kế toán dựa trên cơ sở hoạt động (activity-based costing) nghiên cứu ở các bệnh viện trên địa bàn Thành Phố Hồ Chí Minh,29.74,medium,partial_course_tokens_in_title; partial_course_tokens_in_secondary_text,https://digital.lib.ueh.edu.vn/handle/UEH/63458,,,,,,2021,MASTER'S THESES,0,Nguyễn Dương Phong,
Khoa học dữ liệu,khoa hoc du lieu,Thống kê ứng dụng,thong ke ung dung,2,ueh_repository,UEH/63287,Nghiên cứu ứng dụng thống kê Bayes phân tích việc sẵn lòng tham gia bảo hiểm cây cà phê theo chỉ số năng suất của hộ nông dân tỉnh Đắk Lắk,29.59,medium,partial_course_tokens_in_title; partial_course_tokens_in_secondary_text,https://digital.lib.ueh.edu.vn/handle/UEH/63287,,,,,,2022,DISSERTATIONS,0,Lê Đình Thắng,
Khoa học dữ liệu,khoa hoc du lieu,Thống kê ứng dụng,thong ke ung dung,3,ueh_repository,UEH/61061,Thống kê Bayes và ứng dụng trong dự báo giá chứng khoán tại thị trường chứng khoán Việt Nam,25.93,medium,partial_course_tokens_in_title,https://digital.lib.ueh.edu.vn/handle/UEH/61061,,,,,,2020,MASTER'S THESES,0,Nguyễn Phát Đạt,
Khoa học dữ liệu,khoa hoc du lieu,Trực quan hóa dữ liệu,truc quan hoa du lieu,1,tiki_book,76013378,Storytelling With Data - Kể Chuyện Thông Qua Dữ Liệu (Cuốn Cẩm Nang Hướng Dẫn Trực Quan Hóa Dữ Liệu),77.63,high,exact_course_in_title; partial_course_tokens_in_secondary_text; major_context_tokens,https://tiki.vn/sach-storytelling-with-data-ke-chuyen-thong-qua-du-lieu-cuon-cam-nang-huong-dan-truc-quan-hoa-du-lieu-p76013378.html?spid=76013379,233900,5.0,1936,12836,cơ sở dữ liệu; data science; data analysis; data analytics; data engineering,,,,,25.8134
Khoa học dữ liệu,khoa hoc du lieu,Trực quan hóa dữ liệu,truc quan hoa du lieu,2,tiki_book,274561662,Excel Power Query Và Power Pivot Cơ Bản - Tự Động Hóa Dữ Liệu Báo Cáo,23.81,low,partial_course_tokens_in_title; partial_course_tokens_in_secondary_text,https://tiki.vn/excel-power-query-va-power-pivot-co-ban-tu-dong-hoa-du-lieu-bao-cao-p274561662.html?spid=274561664,169200,4.5,2,20,Excel phân tích dữ liệu,,,,,9.1924
Khoa học dữ liệu,khoa hoc du lieu,Trực quan hóa dữ liệu,truc quan hoa du lieu,3,tiki_book,275706166,"Khoa Học Dữ Liệu Với Python (Sách chuyên khảo dành cho sinh viên ngành Công gghệ Thông tin, Khoa học Dữ iiệu Và Kinh tế số) - TS. Vũ Văn Hiệu, TS. Ngô Văn Bình, TS. Nguyễn Thị Vân, ThS. Nguyễn Quốc Tuấn",18.8,low,partial_course_tokens_in_title; partial_course_tokens_in_secondary_text; exact_major_in_title,https://tiki.vn/khoa-hoc-du-lieu-voi-python-sach-chuyen-khao-danh-cho-sinh-vien-nganh-cong-gghe-thong-tin-khoa-hoc-du-iieu-va-kinh-te-so-ts-vu-van-hieu-ts-ngo-van-binh-ts-nguyen-thi-van-ths-nguyen-quoc-tuan-p275706166.html?spid=275720746,198000,5.0,3,11,khoa học dữ liệu; sách khoa học dữ liệu,,,,,9.5643
Khoa học dữ liệu,khoa hoc du lieu,Trực quan hóa dữ liệu,truc quan hoa du lieu,1,ueh_repository,UEH/63925,Ứng dụng công nghệ Data Lake trong quản lý và khai phá dữ liệu của ngân hàng,10.59,low,partial_course_tokens_in_title; partial_course_tokens_in_secondary_text,https://digital.lib.ueh.edu.vn/handle/UEH/63925,,,,,,2022,MASTER'S THESES,0,Phan Vũ Thành Phương,
Khoa học dữ liệu,khoa hoc du lieu,Trực quan hóa dữ liệu,truc quan hoa du lieu,2,ueh_repository,UEH/62516,Ứng dụng Big Data và ai trong xây dựng và khai thác cơ sở dữ liệu quốc gia về giá bất động sản tại Việt Nam,9.57,low,partial_course_tokens_in_title; partial_course_tokens_in_secondary_text,https://digital.lib.ueh.edu.vn/handle/UEH/62516,,,,,,2021,Book Series,0,Nguyễn Quỳnh Hoa; Huỳnh Kiều Tiên; Hay Sinh; Trần Bích Vân; Nguyễn Kim Đức; Nguyễn Thị Tuyết Nhung,
Khoa học dữ liệu,khoa hoc du lieu,Trực quan hóa dữ liệu,truc quan hoa du lieu,3,ueh_repository,UEH/62507,Cải cách pháp luật đáp ứng nhu cầu bảo vệ dữ liệu cá nhân trong chuyển đổi số,7.57,low,partial_course_tokens_in_title; partial_course_tokens_in_secondary_text,https://digital.lib.ueh.edu.vn/handle/UEH/62507,,,,,,2021,Book Series,0,TS. Dương Kim Thế Nguyên; ThS. Huỳnh Thiên Tứ; ThS. Lê Thùy Khanh; ThS. Mai Nguyễn Dũng,
Khoa học máy tính,khoa hoc may tinh,Cấu trúc dữ liệu và giải thuật,cau truc du lieu va giai thuat,1,tiki_book,269955449,- Giáo trình cấu trúc dữ liệu và giải thuật,95.15,high,exact_course_in_title; partial_course_tokens_in_secondary_text,https://tiki.vn/sach-giao-trinh-cau-truc-du-lieu-va-giai-thuat-p269955449.html?spid=269955450,110000,5.0,4,23,cơ sở dữ liệu,,,,,10.5922
Khoa học máy tính,khoa hoc may tinh,Cấu trúc dữ liệu và giải thuật,cau truc du lieu va giai thuat,2,tiki_book,274607503,Giáo trình Cấu trúc dữ liệu và Giải thuật,95.15,high,exact_course_in_title; partial_course_tokens_in_secondary_text,https://tiki.vn/giao-trinh-cau-truc-du-lieu-va-giai-thuat-p274607503.html?spid=274607504,95000,0.0,0,19,cơ sở dữ liệu,,,,,2.9957
Khoa học máy tính,khoa hoc may tinh,Cấu trúc dữ liệu và giải thuật,cau truc du lieu va giai thuat,3,tiki_book,269973681,Giáo trình cấu trúc dữ liệu và giải thuật,95.15,high,exact_course_in_title; partial_course_tokens_in_secondary_text,https://tiki.vn/giao-trinh-cau-truc-du-lieu-va-giai-thuat-p269973681.html?spid=269973682,90000,0.0,0,3,cơ sở dữ liệu,,,,,1.3863
Khoa học máy tính,khoa hoc may tinh,Cấu trúc dữ liệu và giải thuật,cau truc du lieu va giai thuat,1,ueh_repository,UEH/61484,Các yếu tố ảnh hưởng đến quyết định phẫu thuật thẩm mỹ mũi cấu trúc tại TP.HCM,13.16,low,partial_course_tokens_in_title; partial_course_tokens_in_secondary_text,https://digital.lib.ueh.edu.vn/handle/UEH/61484,,,,,,2021,MASTER'S THESES,0,Hồ Ngọc Loan,
Khoa học máy tính,khoa hoc may tinh,Cấu trúc dữ liệu và giải thuật,cau truc du lieu va giai thuat,2,ueh_repository,UEH/63103,"Quản trị công ty , cấu trúc vốn và hiệu quả hoạt động. Bằng chứng tại các công ty niêm yết trên Sàn Giao dịch Chứng khoán Thành phố Hồ Chí Minh",11.56,low,partial_course_tokens_in_title; partial_course_tokens_in_secondary_text,https://digital.lib.ueh.edu.vn/handle/UEH/63103,,,,,,2021,MASTER'S THESES,0,Lê Ngọc Tường Vy,
Khoa học máy tính,khoa hoc may tinh,Cấu trúc dữ liệu và giải thuật,cau truc du lieu va giai thuat,3,ueh_repository,UEH/62633,Các yếu tố quyết định cấu trúc vốn và tầm quan trọng khác nhau của các nhân tố này: bằng chứng thực nghiệm từ các doanh nghiệp niêm yết giai đoạn 2012 - 2020,11.21,low,partial_course_tokens_in_title; partial_course_tokens_in_secondary_text,https://digital.lib.ueh.edu.vn/handle/UEH/62633,,,,,,2021,MASTER'S THESES,0,Từ Quang Bảo,
Khoa học máy tính,khoa hoc may tinh,Hệ điều hành,he dieu hanh,1,tiki_book,685617,Cẩm Nang Quản Trị Điều Hành - Quản Trị Tích Hợp,29.61,low,partial_course_tokens_in_title; partial_course_tokens_in_secondary_text,https://tiki.vn/sach-cam-nang-quan-tri-dieu-hanh-quan-tri-tich-hop-p685617.html?spid=20441105,99700,5.0,1,9,quản trị vận hành,,,,,8.3423
Khoa học máy tính,khoa hoc may tinh,Hệ điều hành,he dieu hanh,2,tiki_book,685508,Cẩm Nang Quản Trị Điều Hành - Quản Trị Vi Mô,29.61,low,partial_course_tokens_in_title; partial_course_tokens_in_secondary_text,https://tiki.vn/sach-cam-nang-quan-tri-dieu-hanh-quan-tri-vi-mo-p685508.html?spid=20460107,76800,5.0,1,7,quản trị vận hành,,,,,8.1192
Khoa học máy tính,khoa hoc may tinh,Hệ điều hành,he dieu hanh,3,tiki_book,12122368,Combo Cẩm Nang Quản Trị Điều Hành Quản Trị Tích Hợp + Vi Mô,29.61,low,partial_course_tokens_in_title; partial_course_tokens_in_secondary_text,https://tiki.vn/combo-cam-nang-quan-tri-dieu-hanh-quan-tri-tich-hop-vi-mo-p12122368.html?spid=276779066,100000,0.0,0,4,quản trị vận hành,,,,,1.6094
Khoa học máy tính,khoa hoc may tinh,Hệ điều hành,he dieu hanh,1,ueh_repository,UEH/63620,"Đặc điểm quá tự tin, thù lao giám đốc điều hành và hiệu quả hoạt động của các doanh nghiệp niêm yết trên thị trường chứng khoán Việt Nam",28.32,medium,partial_course_tokens_in_title; partial_course_tokens_in_secondary_text,https://digital.lib.ueh.edu.vn/handle/UEH/63620,,,,,,2022,DISSERTATIONS,0,Trần; Minh Lam,
Khoa học máy tính,khoa hoc may tinh,Hệ điều hành,he dieu hanh,2,ueh_repository,UEH/63166,Ứng dụng trí tuệ kinh doanh (Business Intelligence) trong việc hỗ trợ ra quyết định điều hành tại Câu lạc bộ Vietnam Golf & Country Club,24.22,low,partial_course_tokens_in_title; partial_course_tokens_in_secondary_text,https://digital.lib.ueh.edu.vn/handle/UEH/63166,,,,,,2022,MASTER'S THESES,0,Võ Tấn Trung,
Khoa học máy tính,khoa hoc may tinh,Hệ điều hành,he dieu hanh,3,ueh_repository,UEH/63443,"Nghiên cứu mối quan hệ giữa lãnh đạo lạm quyền, hành vi tìm kiếm phản hồi, hành vi che giấu kiến thức, tính sáng tạo và sự im lặng của nhân viên: Vai trò biến điều tiết - tính cách chủ động, trường hợp nghiên cứu người lao động tại TP. Hồ Chí Minh",18.71,low,partial_course_tokens_in_title; partial_course_tokens_in_secondary_text,https://digital.lib.ueh.edu.vn/handle/UEH/63443,,,,,,2021,MASTER'S THESES,0,Som Bu Chanh Tha,
Khoa học máy tính,khoa hoc may tinh,Kiến trúc máy tính,kien truc may tinh,1,tiki_book,115126767,"Everything You Need To Ace Computer Science And Coding Big Fat Notebooks - Sổ Tay Khoa Học Máy Tính Và Mã Hóa ( Tiếng Anh, Lớp 8 - Lớp 12 ) - - Nâng Cao Kiến Thức Khoa Học Máy Tính Và Lập Trình - Á Châu Books, Bìa Cứng, In Màu",28.12,low,partial_course_tokens_in_title; partial_course_tokens_in_secondary_text; exact_major_in_title,https://tiki.vn/sach-everything-you-need-to-ace-computer-science-and-coding-big-fat-notebooks-so-tay-may-tinh-tieng-anh-lop-8-lop-12-p115126767.html?spid=115126768,332640,5.0,6,56,computer science; coding; computer network,,,,,11.9619
Khoa học máy tính,khoa hoc may tinh,Kiến trúc máy tính,kien truc may tinh,2,tiki_book,270678362,"Sổ Tay Khoa Học Máy Tính Và Mã Hóa ( Sách Tham Khảo THPT ) - Tổng Hợp Kiến Thức Khoa Học Máy Tính Và Lập Trình - Á Châu Books, Bìa cứng in màu",27.03,low,partial_course_tokens_in_title; partial_course_tokens_in_secondary_text; exact_major_in_title,https://tiki.vn/sach-so-tay-khoa-hoc-may-tinh-va-ma-hoa-sach-tham-khao-thpt-tong-hop-kien-thuc-khoa-hoc-may-tinh-va-lap-trinh-a-chau-books-bia-cung-in-mau-p270678362.html?spid=270678363,396000,0.0,0,3,khoa học máy tính,,,,,1.3863
Khoa học máy tính,khoa hoc may tinh,Kiến trúc máy tính,kien truc may tinh,3,tiki_book,175445482,Sổ Tay Khoa Học Máy Tính Và Mật Mã - Everything you need to ace computer science and coding,23.56,low,partial_course_tokens_in_title; partial_course_tokens_in_secondary_text; exact_major_in_title,https://tiki.vn/sach-so-tay-khoa-hoc-may-tinh-va-mat-ma-p175445482.html?spid=175445485,371250,0.0,0,9,coding; computer network,,,,,2.3026
Khoa học máy tính,khoa hoc may tinh,Kiến trúc máy tính,kien truc may tinh,1,ueh_repository,UEH/62798,"Các nhân tố ảnh hưởng đến động lực làm việc của công chức, viên chức trong các ban tham mưu và đơn vị trực thuộc Tỉnh ủy Kiên Giang",8.72,low,partial_course_tokens_in_title; partial_course_tokens_in_secondary_text,https://digital.lib.ueh.edu.vn/handle/UEH/62798,,,,,,2020,MASTER'S THESES,0,Võ Thị Thùy Trang,
Khoa học máy tính,khoa hoc may tinh,Kiến trúc máy tính,kien truc may tinh,2,ueh_repository,UEH/63490,Hoàn thiện quy trình mua hàng linh kiện máy sản xuất nước giải khát của Công ty TNHH Nước giải khát Suntory Pepsico Việt Nam,6.56,low,partial_course_tokens_in_title; partial_course_tokens_in_secondary_text,https://digital.lib.ueh.edu.vn/handle/UEH/63490,,,,,,2021,MASTER'S THESES,0,Phạm Hiến Linh,
Khoa học máy tính,khoa hoc may tinh,Kiến trúc máy tính,kien truc may tinh,3,ueh_repository,UEH/63617,Các yếu tố tác động đến ý định sử dụng dịch vụ công trực tuyến về đăng ký doanh nghiệp của người dân trên địa bàn tỉnh Bình Thuận / Nguyễn Nhật Hoàng; người hướng dẫn: Từ Văn Bình,6.1,low,partial_course_tokens_in_title; partial_course_tokens_in_secondary_text,https://digital.lib.ueh.edu.vn/handle/UEH/63617,,,,,,2022,MASTER'S THESES,0,Nguyễn Nhật Hoàng,
Khoa học máy tính,khoa hoc may tinh,Lý thuyết tính toán,ly thuyet tinh toan,1,tiki_book,112442076,Tớ Đến Với Khoa Học Máy Tính: Sử Dụng Máy Tính An Toàn (Tái Bản),27.61,low,partial_course_tokens_in_title; partial_course_tokens_in_secondary_text; exact_major_in_title,https://tiki.vn/sach-to-den-voi-khoa-hoc-may-tinh-su-dung-may-tinh-an-toan-tai-ban-p112442076.html?spid=112442077,31900,0.0,0,10,khoa học máy tính; mạng máy tính,,,,,2.3979
Khoa học máy tính,khoa hoc may tinh,Lý thuyết tính toán,ly thuyet tinh toan,2,tiki_book,146226406,Tớ Đến Với Khoa Học Máy Tính: Sử Dụng Máy Tính An Toàn,27.61,low,partial_course_tokens_in_title; partial_course_tokens_in_secondary_text; exact_major_in_title,https://tiki.vn/to-den-voi-khoa-hoc-may-tinh-su-dung-may-tinh-an-toan-p146226406.html?spid=278400045,39000,0.0,0,,khoa học máy tính; mạng máy tính,,,,,0.0
Khoa học máy tính,khoa hoc may tinh,Lý thuyết tính toán,ly thuyet tinh toan,3,tiki_book,272435609,Lý thuyết - Thực hành - Giải pháp Kế toán & Thuế trong doanh nghiệp nhỏ và vừa (14),24.21,low,partial_course_tokens_in_title; partial_course_tokens_in_secondary_text,https://tiki.vn/ly-thuyet-thuc-hanh-giai-phap-ke-toan-thue-trong-doanh-nghiep-nho-va-vua-14-p272435609.html?spid=273697444,285428,0.0,0,2,kế toán; nguyên lý kế toán,,,,,1.0986
Khoa học máy tính,khoa hoc may tinh,Lý thuyết tính toán,ly thuyet tinh toan,1,ueh_repository,UEH/62528,Áp dụng của tư duy thiết kế vào chuyển đổi số: lý thuyết và bài học thực tiễn,16.76,low,partial_course_tokens_in_title; partial_course_tokens_in_secondary_text,https://digital.lib.ueh.edu.vn/handle/UEH/62528,,,,,,2021,Book Series,0,TS. Cao Quốc Việt; ThS. Nguyễn Tấn Trung,
Khoa học máy tính,khoa hoc may tinh,Lý thuyết tính toán,ly thuyet tinh toan,2,ueh_repository,UEH/63557,Ứng dụng Lý thuyết trao đổi xã hội. Mô hình nghiên cứu về các nhân tố ảnh hưởng đến ý định nghỉ việc của nhân viên Công ty trách nhiệm hữu hạn một thành viên dịch vụ mặt đất sân bay Việt Nam Chi nhánh Tân Sơn Nhất,15.87,low,partial_course_tokens_in_title; partial_course_tokens_in_secondary_text,https://digital.lib.ueh.edu.vn/handle/UEH/63557,,,,,,2021,MASTER'S THESES,0,Đoàn Nguyễn Anh Thư,
Khoa học máy tính,khoa hoc may tinh,Lý thuyết tính toán,ly thuyet tinh toan,3,ueh_repository,UEH/62568,Các nhân tố ảnh hưởng đến thực hiện kế toán quản trị môi trường tại các doanh nghiệp sản xuất trên địa bàn tỉnh Lâm Đồng,11.54,low,partial_course_tokens_in_title; partial_course_tokens_in_secondary_text,https://digital.lib.ueh.edu.vn/handle/UEH/62568,,,,,,2021,MASTER'S THESES,0,Trần Minh Huệ,
Khoa học máy tính,khoa hoc may tinh,Lập trình hàm,lap trinh ham,1,tiki_book,112442080,Tớ Đến Với Khoa Học Máy Tính: Thuật Toán Và Lập Trình (Tái Bản),26.23,low,partial_course_tokens_in_title; exact_major_in_title,https://tiki.vn/sach-to-den-voi-khoa-hoc-may-tinh-thuat-toan-va-lap-trinh-tai-ban-p112442080.html?spid=112442081,36400,5.0,1,23,khoa học máy tính,,,,,9.2178
Khoa học máy tính,khoa hoc may tinh,Lập trình hàm,lap trinh ham,2,tiki_book,270678362,"Sổ Tay Khoa Học Máy Tính Và Mã Hóa ( Sách Tham Khảo THPT ) - Tổng Hợp Kiến Thức Khoa Học Máy Tính Và Lập Trình - Á Châu Books, Bìa cứng in màu",26.23,low,partial_course_tokens_in_title; exact_major_in_title,https://tiki.vn/sach-so-tay-khoa-hoc-may-tinh-va-ma-hoa-sach-tham-khao-thpt-tong-hop-kien-thuc-khoa-hoc-may-tinh-va-lap-trinh-a-chau-books-bia-cung-in-mau-p270678362.html?spid=270678363,396000,0.0,0,3,khoa học máy tính,,,,,1.3863
Khoa học máy tính,khoa hoc may tinh,Lập trình hàm,lap trinh ham,3,tiki_book,146226435,Tớ Đến Với Khoa Học Máy Tính: Thuật Toán Và Lập Trình,26.23,low,partial_course_tokens_in_title; exact_major_in_title,https://tiki.vn/to-den-voi-khoa-hoc-may-tinh-thuat-toan-va-lap-trinh-p146226435.html?spid=278400018,39000,0.0,0,,khoa học máy tính,,,,,0.0
Khoa học máy tính,khoa hoc may tinh,Lập trình hàm,lap trinh ham,1,ueh_repository,UEH/61307,Quy trình xem xét các sự kiện phát sinh sau ngày kết thúc kỳ kế toán trong kiểm toán Báo cáo tài chính - Nghiên cứu thực nghiệm tại các công ty kiểm toán độc lập trên địa bàn TP.HCM,11.85,low,partial_course_tokens_in_title; partial_course_tokens_in_secondary_text,https://digital.lib.ueh.edu.vn/handle/UEH/61307,,,,,,2020,MASTER'S THESES,0,Trần Thị Ngọc Trâm,
Khoa học máy tính,khoa hoc may tinh,Lập trình hàm,lap trinh ham,2,ueh_repository,UEH/62942,Hoàn thiện quy trình đánh giá và xử lý rủi ro kiểm toán trong giai đoạn lập kế hoạch tại Công ty TNHH Tư vấn - Kiểm toán S&S,10.53,low,partial_course_tokens_in_title; partial_course_tokens_in_secondary_text,https://digital.lib.ueh.edu.vn/handle/UEH/62942,,,,,,2021,MASTER'S THESES,0,Lê Thành Long,
Khoa học máy tính,khoa hoc may tinh,Lập trình hàm,lap trinh ham,3,ueh_repository,UEH/62579,"Pháp luật về cấp giấy chứng nhận quyền sử dụng đất cho hộ gia đình, cá nhân qua thực tiễn tại huyện Hàm Thuận Nam, tỉnh Bình Thuận",7.76,low,partial_course_tokens_in_title; partial_course_tokens_in_secondary_text,https://digital.lib.ueh.edu.vn/handle/UEH/62579,,,,,,2021,MASTER'S THESES,0,Trần Thị Sáu,
Khoa học máy tính,khoa hoc may tinh,Trình biên dịch,trinh bien dich,1,tiki_book,182480871,The Experience Economy: Nền Kinh Tế Trải Nghiệm - Biến Dịch Vụ Của Bạn Thành Trải Nghiệm Khách Hàng,31.68,medium,partial_course_tokens_in_title,https://tiki.vn/the-experience-economy-nen-kinh-te-trai-nghiem-bien-dich-vu-cua-ban-thanh-trai-nghiem-khach-hang-p182480871.html?spid=258929164,299000,0.0,0,,political economy,,,,,0.0
Khoa học máy tính,khoa hoc may tinh,Trình biên dịch,trinh bien dich,2,tiki_book,276688269,Giáo trình Nhập Môn Khoa Học Máy Tính - Nguyễn Thị Thanh Huyền (Chủ biên) (ĐHSP),23.14,low,partial_course_tokens_in_title; exact_major_in_title,https://tiki.vn/giao-trinh-nhap-mon-khoa-hoc-may-tinh-nguyen-thi-thanh-huyen-chu-bien-dhsp-p276688269.html?spid=276688270,60000,0.0,0,4,khoa học máy tính,,,,,1.6094
Khoa học máy tính,khoa hoc may tinh,Trình biên dịch,trinh bien dich,3,tiki_book,274024819,Liên Kết Phát Triển Dịch Vụ Logistics Tại Vùng Kinh Tế Trọng Điểm Miền Trung (Sách chuyên khảo) - TS. Phan Thị Sông Thương (Chủ biên),16.98,low,partial_course_tokens_in_title,https://tiki.vn/lien-ket-phat-trien-dich-vu-logistics-tai-vung-kinh-te-trong-diem-mien-trung-sach-chuyen-khao-ts-phan-thi-song-thuong-chu-bien-p274024819.html?spid=274024820,140000,5.0,1,3,sách logistics,,,,,7.426
Khoa học máy tính,khoa hoc may tinh,Trình biên dịch,trinh bien dich,1,ueh_repository,UEH/61282,"Tỷ suất sinh lợi theo ngày cực đại, Biến động tỷ suất sinh lợi đặc trưng và Tỷ suất sinh lợi kỳ vọng, nghiên cứu tại sở giao dịch chứng khoán TP. Hồ Chí Minh giai đoạn 2010 - 2019",13.71,low,partial_course_tokens_in_title; partial_course_tokens_in_secondary_text,https://digital.lib.ueh.edu.vn/handle/UEH/61282,,,,,,2020,MASTER'S THESES,0,Nguyễn Thành Vinh,
Khoa học máy tính,khoa hoc may tinh,Trình biên dịch,trinh bien dich,2,ueh_repository,UEH/62548,Nâng cao hiệu suất chuỗi cung ứng dịch vụ hỗ trợ dầu khí bằng tàu dịch vụ dầu khí tại công ty cổ phần dịch vụ Biển Tân Cảng,13.68,low,partial_course_tokens_in_title; partial_course_tokens_in_secondary_text,https://digital.lib.ueh.edu.vn/handle/UEH/62548,,,,,,2021,MASTER'S THESES,0,Huỳnh Quang Huy,
Khoa học máy tính,khoa hoc may tinh,Trình biên dịch,trinh bien dich,3,ueh_repository,UEH/63590,Phân tích các nhân tố ảnh hưởng đến chất lượng dịch vụ vận tải container đường biển. Nghiên cứu khách hàng của hãng tàu KMTC tại TP. Hồ Chí Minh,13.68,low,partial_course_tokens_in_title; partial_course_tokens_in_secondary_text,https://digital.lib.ueh.edu.vn/handle/UEH/63590,,,,,,2021,MASTER'S THESES,0,Hoàng Thành Công,
Kinh doanh nông nghiệp,kinh doanh nong nghiep,Chuỗi cung ứng nông sản,chuoi cung ung nong san,1,tiki_book,1208799,Nguyên Lý Quản Trị Chuỗi Cung Ứng,35.17,medium,partial_course_tokens_in_title; partial_course_tokens_in_secondary_text,https://tiki.vn/sach-nguyen-ly-quan-tri-chuoi-cung-ung-p1208799.html?spid=1208801,149200,4.8,152,2436,chuỗi cung ứng; quản trị chuỗi cung ứng,,,,,20.1442
Kinh doanh nông nghiệp,kinh doanh nong nghiep,Chuỗi cung ứng nông sản,chuoi cung ung nong san,2,tiki_book,273744608,Quản lý chuỗi cung ứng thực phẩm và logistics,35.17,medium,partial_course_tokens_in_title; partial_course_tokens_in_secondary_text,https://tiki.vn/sach-quan-ly-chuoi-cung-ung-thuc-pham-va-logistics-p273744608.html?spid=273744609,134000,5.0,17,200,logistics; sách logistics; quản trị logistics; quản trị chuỗi cung ứng,,,,,14.6389
Kinh doanh nông nghiệp,kinh doanh nong nghiep,Chuỗi cung ứng nông sản,chuoi cung ung nong san,3,tiki_book,276231114,Logistics và Quản trị chuỗi cung ứng,35.17,medium,partial_course_tokens_in_title; partial_course_tokens_in_secondary_text,https://tiki.vn/sach-logistics-va-quan-tri-chuoi-cung-ung-p276231114.html?spid=276231116,381150,5.0,8,154,logistics; sách logistics; chuỗi cung ứng; quản trị chuỗi cung ứng,,,,,13.3393
Kinh doanh nông nghiệp,kinh doanh nong nghiep,Chuỗi cung ứng nông sản,chuoi cung ung nong san,1,ueh_repository,UEH/63977,Nghiên cứu các nhân tố ảnh hưởng đến sự phục hồi chuỗi cung ứng nông sản trong và sau đại dịch Covid- 19 tại các tỉnh Đồng bằng sông Cửu Long,100.0,high,exact_course_in_title; exact_course_in_secondary_text,https://digital.lib.ueh.edu.vn/handle/UEH/63977,,,,,,2022,MASTER'S THESES,0,Nguyễn Hoàng Thảo Nhi,
Kinh doanh nông nghiệp,kinh doanh nong nghiep,Chuỗi cung ứng nông sản,chuoi cung ung nong san,2,ueh_repository,UEH/63699,Hoàn thiện chuỗi cung ứng của Công ty cổ phần Sản xuất nông sản Kim Sáng,60.32,high,strong_course_tokens_in_title; strong_course_tokens_in_secondary_text,https://digital.lib.ueh.edu.vn/handle/UEH/63699,,,,,,2022,MASTER'S THESES,0,Đoàn Minh Tâm,
Kinh doanh nông nghiệp,kinh doanh nong nghiep,Chuỗi cung ứng nông sản,chuoi cung ung nong san,3,ueh_repository,UEH/62592,Giải pháp nâng cao hiệu quả chuỗi cung ứng thủy sản tại công ty cổ phần thủy sản Việt Úc,44.26,medium,partial_course_tokens_in_title; strong_course_tokens_in_secondary_text,https://digital.lib.ueh.edu.vn/handle/UEH/62592,,,,,,2021,MASTER'S THESES,0,Quách Ngọc Thảo,
Kinh doanh nông nghiệp,kinh doanh nong nghiep,Chính sách nông nghiệp,chinh sach nong nghiep,1,tiki_book,215746095,Ghế nóng - Cẩm nang toàn diện cho CEO khởi nghiệp (Hot Seat: The Startup CEO Guidebook) - Tác giả: Dan Shapiro - Cuốn sách này sẽ giúp bạn ra quyết định,18.55,low,partial_course_tokens_in_title,https://tiki.vn/ghe-nong-cam-nang-toan-dien-cho-ceo-khoi-nghiep-hot-seat-the-startup-ceo-guidebook-tac-gia-dan-shapiro-cuon-sach-nay-se-giup-ban-ra-quyet-dinh-p215746095.html?spid=272284830,160000,0.0,0,,lean startup,,,,,0.0
Kinh doanh nông nghiệp,kinh doanh nong nghiep,Chính sách nông nghiệp,chinh sach nong nghiep,2,tiki_book,118677041,Ghế nóng - Cẩm nang toàn diện cho CEO khởi nghiệp (Hot Seat: The Startup CEO Guidebook) - Tác giả: Dan Shapiro,18.55,low,partial_course_tokens_in_title,https://tiki.vn/ghe-nong-cam-nang-toan-dien-cho-ceo-khoi-nghiep-hot-seat-the-startup-ceo-guidebook-tac-gia-dan-shapiro-p118677041.html?spid=272947233,152000,0.0,0,,lean startup,,,,,0.0
Kinh doanh nông nghiệp,kinh doanh nong nghiep,Chính sách nông nghiệp,chinh sach nong nghiep,3,tiki_book,273536991,The Finance Book - Tài Chính Doanh Nghiệp-Cuốn Sách Kinh Doanh Hay,15.0,low,partial_course_tokens_in_title; partial_course_tokens_in_secondary_text,https://tiki.vn/the-finance-book-tai-chinh-doanh-nghiep-cuon-sach-kinh-doanh-hay-p273536991.html?spid=273536992,270000,0.0,0,1,finance; tài chính doanh nghiệp; corporate finance; personal finance,,,,,0.6931
Kinh doanh nông nghiệp,kinh doanh nong nghiep,Chính sách nông nghiệp,chinh sach nong nghiep,1,ueh_repository,UEH/62737,Hạn chế rủi ro tín dụng cho vay tiêu dùng tại Ngân hàng Nông nghiệp và phát triển Nông thôn Việt Nam – chi nhánh Thành phố Sóc Trăng,29.4,medium,partial_course_tokens_in_title; partial_course_tokens_in_secondary_text,https://digital.lib.ueh.edu.vn/handle/UEH/62737,,,,,,2021,MASTER'S THESES,0,Nguyễn Tuấn Cường,
Kinh doanh nông nghiệp,kinh doanh nong nghiep,Chính sách nông nghiệp,chinh sach nong nghiep,2,ueh_repository,UEH/61526,Giải pháp nâng cao chất lượng tín dụng tại Ngân hàng Nông nghiệp và Phát triển Nông thôn Việt Nam – Chi nhánh Bình Định,29.21,medium,partial_course_tokens_in_title; partial_course_tokens_in_secondary_text,https://digital.lib.ueh.edu.vn/handle/UEH/61526,,,,,,2020,MASTER'S THESES,0,Võ Thị Thi Ngọc,
Kinh doanh nông nghiệp,kinh doanh nong nghiep,Chính sách nông nghiệp,chinh sach nong nghiep,3,ueh_repository,UEH/61335,Phân tích các yếu tố tuân thủ quy định pháp luật về kinh doanh phân bón của các cơ sở kinh doanh vật tư nông nghiệp trên địa bàn tỉnh Cà Mau,28.81,medium,partial_course_tokens_in_title; partial_course_tokens_in_secondary_text; major_context_tokens,https://digital.lib.ueh.edu.vn/handle/UEH/61335,,,,,,2019,MASTER'S THESES,0,Huỳnh Thanh Lam,
Kinh doanh nông nghiệp,kinh doanh nong nghiep,Kinh tế nông nghiệp,kinh te nong nghiep,1,tiki_book,195792313,Tinh Hoa Kinh Tế Học (Essentials Of Economics) - Tặng sổ tay xương rồng,17.88,low,partial_course_tokens_in_title; partial_course_tokens_in_secondary_text,https://tiki.vn/sach-tinh-hoa-kinh-te-hoc-essentials-of-economics-tang-so-tay-xuong-rong-p195792313.html?spid=195792314,595000,5.0,2,29,sách kinh tế học; kinh tế học; economics; nguyên lý kinh tế học; development economics; international economics; kinh tế học hành vi; behavioral economics,,,,,10.0491
Kinh doanh nông nghiệp,kinh doanh nong nghiep,Kinh tế nông nghiệp,kinh te nong nghiep,2,tiki_book,73609401,"Tinh Hoa Kinh Tế Học (Essentials Of Economics) - Paul Krugman, Robin Wells - PACE Books",17.88,low,partial_course_tokens_in_title; partial_course_tokens_in_secondary_text,https://tiki.vn/sach-tinh-hoa-kinh-te-hoc-essentials-of-economics-paul-krugman-robin-wells-pace-books-p73609401.html?spid=222705389,505750,0.0,0,15,sách kinh tế học; economics; nguyên lý kinh tế học; development economics; international economics; behavioral economics,,,,,2.7726
Kinh doanh nông nghiệp,kinh doanh nong nghiep,Kinh tế nông nghiệp,kinh te nong nghiep,3,tiki_book,14075308,Kinh Tế Quốc Tế - International Economics,17.88,low,partial_course_tokens_in_title; partial_course_tokens_in_secondary_text,https://tiki.vn/kinh-te-quoc-te-international-economics-p14075308.html?spid=213515995,83000,0.0,0,8,economics; kinh tế phát triển; development economics; kinh tế quốc tế; international economics; kinh tế Việt Nam; kinh tế thế giới; behavioral economics,,,,,2.1972
Kinh doanh nông nghiệp,kinh doanh nong nghiep,Kinh tế nông nghiệp,kinh te nong nghiep,1,ueh_repository,UEH/62812,"Đánh giá các yếu tố ảnh hưởng đến hiệu quả hoạt động của hợp tác xã nông nghiệp trên địa bàn huyện Phú Tân, tỉnh An Giang",32.05,medium,partial_course_tokens_in_title; exact_course_in_secondary_text,https://digital.lib.ueh.edu.vn/handle/UEH/62812,,,,,,2021,MASTER'S THESES,0,Lâm Lê Thảo Vy,
Kinh doanh nông nghiệp,kinh doanh nong nghiep,Kinh tế nông nghiệp,kinh te nong nghiep,2,ueh_repository,UEH/63297,Thực trạng hoạt động Quản trị rủi ro tín dụng tại Ngân hàng Nông nghiệp và Phát triển Nông thôn Chi nhánh huyện Mang Thít,32.05,medium,partial_course_tokens_in_title; exact_course_in_secondary_text,https://digital.lib.ueh.edu.vn/handle/UEH/63297,,,,,,2021,MASTER'S THESES,0,Nguyễn Việt Thảo,
Kinh doanh nông nghiệp,kinh doanh nong nghiep,Kinh tế nông nghiệp,kinh te nong nghiep,3,ueh_repository,UEH/63173,"Tác động của chính sách kinh tế hộ đến thu nhập của nông hộ: trường hợp huyện Đất Đỏ, tỉnh Bà Rịa – Vũng Tàu",21.76,low,partial_course_tokens_in_title; partial_course_tokens_in_secondary_text,https://digital.lib.ueh.edu.vn/handle/UEH/63173,,,,,,2021,MASTER'S THESES,0,Nguyễn Thị Kim Huê,
Kinh doanh nông nghiệp,kinh doanh nong nghiep,Marketing nông sản,marketing nong san,1,tiki_book,277041821,Xuất Khẩu Hàng Nông Sản Chủ Lực Của Việt Nam Sang Thị Trường Liên Minh Châu Âu (EU) Đến Năm 2025 (Sách Chuyên Khảo),33.47,medium,partial_course_tokens_in_title,https://tiki.vn/xuat-khau-hang-nong-san-chu-luc-cua-viet-nam-sang-thi-truong-lien-minh-chau-au-eu-den-nam-2025-sach-chuyen-khao-p277041821.html?spid=277041822,40460,0.0,0,1,xuất nhập khẩu,,,,,0.6931
Kinh doanh nông nghiệp,kinh doanh nong nghiep,Marketing nông sản,marketing nong san,2,tiki_book,277041819,- Xuất Khẩu Hàng Nông Sản Chủ Lực Của Việt Nam Sang Thị Trường Liên Minh Châu Âu (EU) Đến Năm 2025 (Sách Chuyên Khảo),33.47,medium,partial_course_tokens_in_title,https://tiki.vn/sach-xuat-khau-hang-nong-san-chu-luc-cua-viet-nam-sang-thi-truong-lien-minh-chau-au-eu-den-nam-2025-sach-chuyen-khao-p277041819.html?spid=277041820,40455,0.0,0,1,xuất nhập khẩu,,,,,0.6931
Kinh doanh nông nghiệp,kinh doanh nong nghiep,Marketing nông sản,marketing nong san,3,tiki_book,69255775,Combo 2 cuốn Marketing Căn Bản + Bất Động Sản Căn Bản,15.53,low,partial_course_tokens_in_title; partial_course_tokens_in_secondary_text,https://tiki.vn/combo-2-cuon-marketing-can-ban-bat-dong-san-can-ban-p69255775.html?spid=75524484,318000,0.0,0,1,marketing căn bản,,,,,0.6931
Kinh doanh nông nghiệp,kinh doanh nong nghiep,Marketing nông sản,marketing nong san,1,ueh_repository,UEH/62978,"Mối quan hệ giữa hỗ trợ xuất khẩu của chính phủ, nhận thức động cơ xuất khẩu, nhận thức rào cản xuất khẩu và kết quả hoạt động xuất khẩu nông sản của các doanh nghiệp nhỏ và vừa tại Việt Nam sang thị trường Asean+3",30.69,medium,partial_course_tokens_in_title; partial_course_tokens_in_secondary_text,https://digital.lib.ueh.edu.vn/handle/UEH/62978,,,,,,2021,DISSERTATIONS,0,Mai Xuân Đào,
Kinh doanh nông nghiệp,kinh doanh nong nghiep,Marketing nông sản,marketing nong san,2,ueh_repository,UEH/63699,Hoàn thiện chuỗi cung ứng của Công ty cổ phần Sản xuất nông sản Kim Sáng,30.24,medium,partial_course_tokens_in_title; partial_course_tokens_in_secondary_text,https://digital.lib.ueh.edu.vn/handle/UEH/63699,,,,,,2022,MASTER'S THESES,0,Đoàn Minh Tâm,
Kinh doanh nông nghiệp,kinh doanh nong nghiep,Marketing nông sản,marketing nong san,3,ueh_repository,UEH/63977,Nghiên cứu các nhân tố ảnh hưởng đến sự phục hồi chuỗi cung ứng nông sản trong và sau đại dịch Covid- 19 tại các tỉnh Đồng bằng sông Cửu Long,30.24,medium,partial_course_tokens_in_title; partial_course_tokens_in_secondary_text,https://digital.lib.ueh.edu.vn/handle/UEH/63977,,,,,,2022,MASTER'S THESES,0,Nguyễn Hoàng Thảo Nhi,
Kinh doanh nông nghiệp,kinh doanh nong nghiep,Nông nghiệp công nghệ cao,nong nghiep cong nghe cao,1,tiki_book,260922789,"Khởi nghiệp công nghệ – Máu Bẩn (Bad Blood - Ảo tưởng, tham vọng, bí mật & sự dối trá trong vụ lừa đảo lớn nhất...)",28.58,low,partial_course_tokens_in_title; partial_course_tokens_in_secondary_text,https://tiki.vn/khoi-nghiep-cong-nghe-mau-ban-bad-blood-ao-tuong-tham-vong-bi-mat-su-doi-tra-trong-vu-lua-dao-lon-nhat-p260922789.html?spid=263589411,191000,0.0,0,1,nghiệp vụ buồng phòng,,,,,0.6931
Kinh doanh nông nghiệp,kinh doanh nong nghiep,Nông nghiệp công nghệ cao,nong nghiep cong nghe cao,2,tiki_book,273585886,Công Nghệ Thông Tin- Giáo Trình Kỹ Thuật Lập Trình C Căn Bản & Nâng Cao,17.45,low,partial_course_tokens_in_title; partial_course_tokens_in_secondary_text,https://tiki.vn/sach-cong-nghe-thong-tin-giao-trinh-ky-thuat-lap-trinh-c-can-ban-nang-cao-p273585886.html?spid=273585887,157500,0.0,0,,công nghệ thông tin; sách công nghệ thông tin,,,,,0.0
Kinh doanh nông nghiệp,kinh doanh nong nghiep,Nông nghiệp công nghệ cao,nong nghiep cong nghe cao,3,tiki_book,94851869,"Nghiệp Vụ Dành Cho Kế Toán Kiểm Toán Nội Bộ Chuẩn Mực, Nguyên Tắc Đạo Đức Nghề Nghiệp Và Quy Chế Kiểm Toán Nội Bộ Trong Các Cơ Quan Nhà Nước, Đơn Vị Sự Nghiệp Công Lập Và Doanh Nghiệp",17.24,low,partial_course_tokens_in_title; partial_course_tokens_in_secondary_text,https://tiki.vn/sach-nghiep-vu-danh-cho-ke-toan-kiem-toan-noi-bo-chuan-muc-nguyen-tac-dao-duc-nghe-nghiep-va-quy-che-kiem-toan-noi-bo-trong-cac-co-quan-nha-nuoc-don-vi-su-nghiep-cong-lap-va-doanh-nghiep-p94851869.html?spid=94851870,291700,5.0,2,18,chuẩn mực kế toán; kiểm toán; sách kiểm toán; kiểm toán nội bộ; kiểm soát nội bộ; nghiệp vụ buồng phòng,,,,,9.5924
Kinh doanh nông nghiệp,kinh doanh nong nghiep,Nông nghiệp công nghệ cao,nong nghiep cong nghe cao,1,ueh_repository,UEH/62921,Xây dựng bộ tiêu chí đánh giá hiệu quả ứng dụng kết quả nghiên cứu khoa học và công nghệ cấp cơ sở trong lĩnh vực nông nghiệp trên địa bàn tỉnh An Giang,26.24,medium,partial_course_tokens_in_title; partial_course_tokens_in_secondary_text,https://digital.lib.ueh.edu.vn/handle/UEH/62921,,,,,,2021,MASTER'S THESES,0,Lê Thái Định,
Kinh doanh nông nghiệp,kinh doanh nong nghiep,Nông nghiệp công nghệ cao,nong nghiep cong nghe cao,2,ueh_repository,UEH/62766,"Phát triển nguồn nhân lực trong quá trình công nghiệp hóa - hiện đại hóa nông nghiệp, nông thôn tỉnh Ttiền Giang giai đoạn 2021 - 2025, tầm nhìn đến năm 2030",20.61,low,partial_course_tokens_in_title; partial_course_tokens_in_secondary_text,https://digital.lib.ueh.edu.vn/handle/UEH/62766,,,,,,2021,MASTER'S THESES,0,Trương Duy Tân,
Kinh doanh nông nghiệp,kinh doanh nong nghiep,Nông nghiệp công nghệ cao,nong nghiep cong nghe cao,3,ueh_repository,UEH/63736,"Phát triển ngành cao su Việt Nam trong quá trình công nghiệp hóa, hiện đại hóa nông nghiệp, nông thôn đến năm 2030",19.47,low,partial_course_tokens_in_title; partial_course_tokens_in_secondary_text,https://digital.lib.ueh.edu.vn/handle/UEH/63736,,,,,,2021,DISSERTATIONS,0,Võ Hoàng An,
Kinh doanh nông nghiệp,kinh doanh nong nghiep,Tài chính nông nghiệp,tai chinh nong nghiep,1,tiki_book,273536991,The Finance Book - Tài Chính Doanh Nghiệp-Cuốn Sách Kinh Doanh Hay,22.91,low,partial_course_tokens_in_title; partial_course_tokens_in_secondary_text,https://tiki.vn/the-finance-book-tai-chinh-doanh-nghiep-cuon-sach-kinh-doanh-hay-p273536991.html?spid=273536992,270000,0.0,0,1,finance; tài chính doanh nghiệp; corporate finance; personal finance,,,,,0.6931
Kinh doanh nông nghiệp,kinh doanh nong nghiep,Tài chính nông nghiệp,tai chinh nong nghiep,2,tiki_book,273544928,The Finance Book - Tài Chính Doanh Nghiệp-Cuốn Sách Kinh Doanh Hay,22.91,low,partial_course_tokens_in_title; partial_course_tokens_in_secondary_text,https://tiki.vn/the-finance-book-tai-chinh-doanh-nghiep-cuon-sach-kinh-doanh-hay-p273544928.html?spid=273544929,270000,0.0,0,,finance; tài chính doanh nghiệp; corporate finance; personal finance,,,,,0.0
Kinh doanh nông nghiệp,kinh doanh nong nghiep,Tài chính nông nghiệp,tai chinh nong nghiep,3,tiki_book,273024271,The Finance Book - Tài Chính Doanh Nghiệp,22.48,low,partial_course_tokens_in_title; partial_course_tokens_in_secondary_text,https://tiki.vn/the-finance-book-tai-chinh-doanh-nghiep-p273024271.html?spid=273024272,267000,0.0,0,8,finance; tài chính doanh nghiệp; corporate finance; personal finance,,,,,2.1972
Kinh doanh nông nghiệp,kinh doanh nong nghiep,Tài chính nông nghiệp,tai chinh nong nghiep,1,ueh_repository,UEH/62737,Hạn chế rủi ro tín dụng cho vay tiêu dùng tại Ngân hàng Nông nghiệp và phát triển Nông thôn Việt Nam – chi nhánh Thành phố Sóc Trăng,16.79,low,partial_course_tokens_in_title; partial_course_tokens_in_secondary_text,https://digital.lib.ueh.edu.vn/handle/UEH/62737,,,,,,2021,MASTER'S THESES,0,Nguyễn Tuấn Cường,
Kinh doanh nông nghiệp,kinh doanh nong nghiep,Tài chính nông nghiệp,tai chinh nong nghiep,2,ueh_repository,UEH/61526,Giải pháp nâng cao chất lượng tín dụng tại Ngân hàng Nông nghiệp và Phát triển Nông thôn Việt Nam – Chi nhánh Bình Định,16.6,low,partial_course_tokens_in_title; partial_course_tokens_in_secondary_text,https://digital.lib.ueh.edu.vn/handle/UEH/61526,,,,,,2020,MASTER'S THESES,0,Võ Thị Thi Ngọc,
Kinh doanh nông nghiệp,kinh doanh nong nghiep,Tài chính nông nghiệp,tai chinh nong nghiep,3,ueh_repository,UEH/63894,Giải pháp tăng cường huy động vốn tại Ngân hàng Nông nghiệp và Phát triển Nông thôn Việt Nam - Chi nhánh 8,16.23,low,partial_course_tokens_in_title; partial_course_tokens_in_secondary_text,https://digital.lib.ueh.edu.vn/handle/UEH/63894,,,,,,2022,MASTER'S THESES,0,Chế Thị Phi Yến,
Kinh doanh quốc tế,kinh doanh quoc te,Luật thương mại quốc tế,luat thuong mai quoc te,1,tiki_book,243732948,"Giáo trình Tín dụng và thanh toán thương mại quốc tế (Tái bản lần thứ tư, có sửa chữa bổ sung)",34.02,medium,partial_course_tokens_in_title; partial_course_tokens_in_secondary_text,https://tiki.vn/giao-trinh-tin-dung-va-thanh-toan-thuong-mai-quoc-te-tai-ban-lan-thu-tu-co-sua-chua-bo-sung-p243732948.html?spid=243732949,89000,5.0,1,34,thanh toán quốc tế,,,,,9.5951
Kinh doanh quốc tế,kinh doanh quoc te,Luật thương mại quốc tế,luat thuong mai quoc te,2,tiki_book,447075,Soạn Thảo Và Dịch Hợp Đồng Thương Mại Quốc Tế (Tái Bản),33.65,medium,partial_course_tokens_in_title; partial_course_tokens_in_secondary_text,https://tiki.vn/sach-soan-thao-va-dich-hop-dong-thuong-mai-quoc-te-tai-ban-p447075.html?spid=153807,264000,4.8,50,546,hợp đồng thương mại,,,,,17.0022
Kinh doanh quốc tế,kinh doanh quoc te,Luật thương mại quốc tế,luat thuong mai quoc te,3,tiki_book,247311520,Giáo trình Tài trợ thương mại quốc tế,33.65,medium,partial_course_tokens_in_title; partial_course_tokens_in_secondary_text,https://tiki.vn/giao-trinh-tai-tro-thuong-mai-quoc-te-p247311520.html?spid=247311521,60000,5.0,1,22,hợp đồng thương mại,,,,,9.1752
Kinh doanh quốc tế,kinh doanh quoc te,Luật thương mại quốc tế,luat thuong mai quoc te,1,ueh_repository,UEH/63972,Bảo vệ sức khỏe và phát triển thương mại quốc tế qua các tranh luận pháp lý về tính cần thiết và căn cứ khoa học trong biện pháp vệ sinh dịch tễ,33.84,medium,partial_course_tokens_in_title; partial_course_tokens_in_secondary_text,https://digital.lib.ueh.edu.vn/handle/UEH/63972,,,,,,2022,MASTER'S THESES,0,Ngô Quỳnh Giao,
Kinh doanh quốc tế,kinh doanh quoc te,Luật thương mại quốc tế,luat thuong mai quoc te,2,ueh_repository,UEH/61364,Giao kết và thực hiện hợp đồng kỳ hạn trong thương mại quốc tế,29.73,medium,partial_course_tokens_in_title; partial_course_tokens_in_secondary_text,https://digital.lib.ueh.edu.vn/handle/UEH/61364,,,,,,2020,MASTER'S THESES,0,Nguyễn Hoàng Minh,
Kinh doanh quốc tế,kinh doanh quoc te,Luật thương mại quốc tế,luat thuong mai quoc te,3,ueh_repository,UEH/63312,Bảo hộ tên thương mại theo quy định của pháp luật Quốc tế và pháp luật Việt Nam,18.02,low,partial_course_tokens_in_title; partial_course_tokens_in_secondary_text,https://digital.lib.ueh.edu.vn/handle/UEH/63312,,,,,,2021,MASTER'S THESES,0,Lê Tấn Đạt,
Kinh doanh quốc tế,kinh doanh quoc te,Quản trị kinh doanh quốc tế,quan tri kinh doanh quoc te,1,tiki_book,273136011,Giáo Trình Cao Học - Quản Trị Kinh Doanh Quốc Tế_KT,68.99,high,exact_course_in_title; partial_course_tokens_in_secondary_text; exact_major_in_title,https://tiki.vn/giao-trinh-cao-hoc-quan-tri-kinh-doanh-quoc-te_kt-p273136011.html?spid=273136012,350000,0.0,0,2,kinh tế chính trị,,,,,1.0986
Kinh doanh quốc tế,kinh doanh quoc te,Quản trị kinh doanh quốc tế,quan tri kinh doanh quoc te,2,tiki_book,273241867,Giáo Trình Cao Học - Quản Trị Kinh Doanh Quốc Tế - KT,68.99,high,exact_course_in_title; partial_course_tokens_in_secondary_text; exact_major_in_title,https://tiki.vn/giao-trinh-cao-hoc-quan-tri-kinh-doanh-quoc-te-kt-p273241867.html?spid=273241868,350000,0.0,0,,kinh tế chính trị,,,,,0.0
Kinh doanh quốc tế,kinh doanh quoc te,Quản trị kinh doanh quốc tế,quan tri kinh doanh quoc te,3,tiki_book,279211996,- Understanding Business - Quản Trị Kinh Doanh Hiện Đại - Textbook,33.65,medium,partial_course_tokens_in_title; strong_course_tokens_in_secondary_text,https://tiki.vn/sach-understanding-business-quan-tri-kinh-doanh-hien-dai-textbook-p279211996.html?spid=279211997,530400,0.0,0,1,quản trị kinh doanh; sách quản trị kinh doanh; business administration; business management; business strategy; business model,,,,,0.6931
Kinh doanh quốc tế,kinh doanh quoc te,Quản trị kinh doanh quốc tế,quan tri kinh doanh quoc te,1,ueh_repository,UEH/61662,Reading list for course International Business Management,11.37,low,partial_course_tokens_in_title,https://digital.lib.ueh.edu.vn/handle/UEH/61662,,,,,,2021,International Business Management Course,0,Unknown,
Kinh doanh quốc tế,kinh doanh quoc te,Quản trị kinh doanh quốc tế,quan tri kinh doanh quoc te,2,ueh_repository,UEH/61003,Cơ sở pháp lý cho tổ chức và hoạt động của doanh nghiệp kinh doanh dịch vụ Logistics trong bối cảnh hội nhập quốc tế,10.14,low,partial_course_tokens_in_title; partial_course_tokens_in_secondary_text,https://digital.lib.ueh.edu.vn/handle/UEH/61003,,,,,,2020,MASTER'S THESES,0,Nguyễn Thị Cẩm Linh,
Kinh doanh quốc tế,kinh doanh quoc te,Quản trị kinh doanh quốc tế,quan tri kinh doanh quoc te,3,ueh_repository,UEH/62028,Enhancing the competitiveness of business and management consulting firms through the application of big data and analytics,8.57,low,partial_course_tokens_in_title; partial_course_tokens_in_secondary_text,https://digital.lib.ueh.edu.vn/handle/UEH/62028,,,,,,2025,INTERNATIONAL PUBLICATIONS,0,Oyewo B.; Tran D.K.,
Kinh doanh quốc tế,kinh doanh quoc te,Thương mại quốc tế,thuong mai quoc te,1,tiki_book,243732948,"Giáo trình Tín dụng và thanh toán thương mại quốc tế (Tái bản lần thứ tư, có sửa chữa bổ sung)",76.84,high,exact_course_in_title; partial_course_tokens_in_secondary_text,https://tiki.vn/giao-trinh-tin-dung-va-thanh-toan-thuong-mai-quoc-te-tai-ban-lan-thu-tu-co-sua-chua-bo-sung-p243732948.html?spid=243732949,89000,5.0,1,34,thanh toán quốc tế,,,,,9.5951
Kinh doanh quốc tế,kinh doanh quoc te,Thương mại quốc tế,thuong mai quoc te,2,tiki_book,447075,Soạn Thảo Và Dịch Hợp Đồng Thương Mại Quốc Tế (Tái Bản),76.48,high,exact_course_in_title; partial_course_tokens_in_secondary_text,https://tiki.vn/sach-soan-thao-va-dich-hop-dong-thuong-mai-quoc-te-tai-ban-p447075.html?spid=153807,264000,4.8,50,546,hợp đồng thương mại,,,,,17.0022
Kinh doanh quốc tế,kinh doanh quoc te,Thương mại quốc tế,thuong mai quoc te,3,tiki_book,247311520,Giáo trình Tài trợ thương mại quốc tế,76.48,high,exact_course_in_title; partial_course_tokens_in_secondary_text,https://tiki.vn/giao-trinh-tai-tro-thuong-mai-quoc-te-p247311520.html?spid=247311521,60000,5.0,1,22,hợp đồng thương mại,,,,,9.1752
Kinh doanh quốc tế,kinh doanh quoc te,Thương mại quốc tế,thuong mai quoc te,1,ueh_repository,UEH/63972,Bảo vệ sức khỏe và phát triển thương mại quốc tế qua các tranh luận pháp lý về tính cần thiết và căn cứ khoa học trong biện pháp vệ sinh dịch tễ,85.35,high,exact_course_in_title; exact_course_in_secondary_text,https://digital.lib.ueh.edu.vn/handle/UEH/63972,,,,,,2022,MASTER'S THESES,0,Ngô Quỳnh Giao,
Kinh doanh quốc tế,kinh doanh quoc te,Thương mại quốc tế,thuong mai quoc te,2,ueh_repository,UEH/61364,Giao kết và thực hiện hợp đồng kỳ hạn trong thương mại quốc tế,76.45,high,exact_course_in_title; partial_course_tokens_in_secondary_text,https://digital.lib.ueh.edu.vn/handle/UEH/61364,,,,,,2020,MASTER'S THESES,0,Nguyễn Hoàng Minh,
Kinh doanh quốc tế,kinh doanh quoc te,Thương mại quốc tế,thuong mai quoc te,3,ueh_repository,UEH/62140,Giải pháp nâng cao chất lượng dịch vụ tín dụng tại Ngân hàng Thương mại Cổ phần Quốc tế Việt Nam – chi nhánh Thành Đô,30.69,medium,partial_course_tokens_in_title; partial_course_tokens_in_secondary_text,https://digital.lib.ueh.edu.vn/handle/UEH/62140,,,,,,2021,MASTER'S THESES,0,Phạm Hạnh Nguyên,
Kinh doanh quốc tế,kinh doanh quoc te,Tài chính quốc tế,tai chinh quoc te,1,tiki_book,197857892,Tài Chính Quốc Tế,84.53,high,exact_course_in_title; partial_course_tokens_in_secondary_text,https://tiki.vn/tai-chinh-quoc-te-p197857892.html?spid=197857893,48000,0.0,0,15,kinh tế quốc tế; chính sách tài khóa; tài chính; thanh toán quốc tế,,,,,2.7726
Kinh doanh quốc tế,kinh doanh quoc te,Tài chính quốc tế,tai chinh quoc te,2,tiki_book,402682,Tài Chính Quốc Tế,84.53,high,exact_course_in_title; partial_course_tokens_in_secondary_text,https://tiki.vn/sach-tai-chinh-quoc-te-p402682.html?spid=89424656,98000,0.0,0,4,kinh tế quốc tế; chính sách tài khóa; tài chính; sách tài chính; thanh toán quốc tế,,,,,1.6094
Kinh doanh quốc tế,kinh doanh quoc te,Tài chính quốc tế,tai chinh quoc te,3,tiki_book,277520458,- Lý Thuyết Và Thực Hành Kế Toán Tài Chính - Nhiều tác giả - NXB Đại học Kinh tế Quốc dân - Minh Đức,24.49,low,partial_course_tokens_in_title; partial_course_tokens_in_secondary_text,https://tiki.vn/sach-ly-thuyet-va-thuc-hanh-ke-toan-tai-chinh-nhieu-tac-gia-nxb-dai-hoc-kinh-te-quoc-dan-minh-duc-p277520458.html?spid=277520459,144940,0.0,0,,thanh toán quốc tế,,,,,0.0
Kinh doanh quốc tế,kinh doanh quoc te,Tài chính quốc tế,tai chinh quoc te,1,ueh_repository,UEH/62432,Chuyển đổi báo cáo tài chính từ chuẩn mực kế toán Việt Nam sang chuẩn mực báo cáo tài chính quốc tế - Nghiên cứu tại Công ty Cổ phần Khu công Nnghiệp Nam Tân Uyên,76.12,high,exact_course_in_title; partial_course_tokens_in_secondary_text,https://digital.lib.ueh.edu.vn/handle/UEH/62432,,,,,,2021,MASTER'S THESES,0,Đoàn Thị Kim Thảo,
Kinh doanh quốc tế,kinh doanh quoc te,Tài chính quốc tế,tai chinh quoc te,2,ueh_repository,UEH/62489,Ngân hàng 4.0: phối hợp ngân hàng – Fintech trong điều kiện ổn định tài chính quốc gia,37.68,medium,partial_course_tokens_in_title; partial_course_tokens_in_secondary_text,https://digital.lib.ueh.edu.vn/handle/UEH/62489,,,,,,2021,Book Series,0,Hoàng Hải Yến; Nguyễn Thị Hồng Nhung; Nguyễn Thị Thùy Dương; Vũ Bích Ngọc; Trần Hoàng Trúc Linh,
Kinh doanh quốc tế,kinh doanh quoc te,Tài chính quốc tế,tai chinh quoc te,3,ueh_repository,UEH/61094,"Cơ chế thử nghiệm có kiểm soát đối với hoạt động công nghệ trong lĩnh vực tài chính – ngân hàng, kinh nghiệm quốc tế và một số kiến nghị cho Việt Nam",26.53,medium,partial_course_tokens_in_title; partial_course_tokens_in_secondary_text,https://digital.lib.ueh.edu.vn/handle/UEH/61094,,,,,,2020,MASTER'S THESES,0,Bùi Duy Hưng,
Kinh doanh quốc tế,kinh doanh quoc te,Văn hóa kinh doanh quốc tế,van hoa kinh doanh quoc te,1,tiki_book,273136011,Giáo Trình Cao Học - Quản Trị Kinh Doanh Quốc Tế_KT,39.48,medium,partial_course_tokens_in_title; partial_course_tokens_in_secondary_text; exact_major_in_title,https://tiki.vn/giao-trinh-cao-hoc-quan-tri-kinh-doanh-quoc-te_kt-p273136011.html?spid=273136012,350000,0.0,0,2,kinh tế chính trị,,,,,1.0986
Kinh doanh quốc tế,kinh doanh quoc te,Văn hóa kinh doanh quốc tế,van hoa kinh doanh quoc te,2,tiki_book,273241867,Giáo Trình Cao Học - Quản Trị Kinh Doanh Quốc Tế - KT,39.48,medium,partial_course_tokens_in_title; partial_course_tokens_in_secondary_text; exact_major_in_title,https://tiki.vn/giao-trinh-cao-hoc-quan-tri-kinh-doanh-quoc-te-kt-p273241867.html?spid=273241868,350000,0.0,0,,kinh tế chính trị,,,,,0.0
Kinh doanh quốc tế,kinh doanh quoc te,Văn hóa kinh doanh quốc tế,van hoa kinh doanh quoc te,3,tiki_book,278719586,Hành trình từ di sản đến phát triển công nghiệp văn hóa trong kinh tế sáng tạo,26.59,low,partial_course_tokens_in_title; partial_course_tokens_in_secondary_text,https://tiki.vn/hanh-trinh-tu-di-san-den-phat-trien-cong-nghiep-van-hoa-trong-kinh-te-sang-tao-p278719586.html?spid=278719587,250000,0.0,0,7,kinh tế phát triển,,,,,2.0794
Kinh doanh quốc tế,kinh doanh quoc te,Văn hóa kinh doanh quốc tế,van hoa kinh doanh quoc te,1,ueh_repository,UEH/61003,Cơ sở pháp lý cho tổ chức và hoạt động của doanh nghiệp kinh doanh dịch vụ Logistics trong bối cảnh hội nhập quốc tế,15.22,low,partial_course_tokens_in_title; partial_course_tokens_in_secondary_text,https://digital.lib.ueh.edu.vn/handle/UEH/61003,,,,,,2020,MASTER'S THESES,0,Nguyễn Thị Cẩm Linh,
Kinh doanh quốc tế,kinh doanh quoc te,Văn hóa kinh doanh quốc tế,van hoa kinh doanh quoc te,2,ueh_repository,UEH/63683,Tác động của môi trường cạnh tranh đến văn hóa tổ chức và chiến lược kinh doanh - Ảnh hưởng đến việc thực hiện kế toán quản trị tại các doanh nghiệp ở Việt Nam,14.25,low,partial_course_tokens_in_title; partial_course_tokens_in_secondary_text,https://digital.lib.ueh.edu.vn/handle/UEH/63683,,,,,,2022,MASTER'S THESES,0,Hứa Ngô Minh Châu,
Kinh doanh quốc tế,kinh doanh quoc te,Văn hóa kinh doanh quốc tế,van hoa kinh doanh quoc te,3,ueh_repository,UEH/62204,The knowledge-creating role of the internet in international business: Evidence from vietnam,12.29,low,partial_course_tokens_in_title; partial_course_tokens_in_secondary_text,https://digital.lib.ueh.edu.vn/handle/UEH/62204,,,,,,2006,INTERNATIONAL PUBLICATIONS,0,Nguyen T.D.; Barrett N.J.,
Kinh doanh quốc tế,kinh doanh quoc te,Đàm phán quốc tế,dam phan quoc te,1,tiki_book,276353637,- Giáo Trình Đàm Phán Quốc Tế (Tái Bản lần Thứ Nhất),92.88,high,exact_course_in_title; partial_course_tokens_in_secondary_text,https://tiki.vn/sach-giao-trinh-dam-phan-quoc-te-tai-ban-lan-thu-nhat-p276353637.html?spid=279339383,108000,0.0,0,,thanh toán quốc tế,,,,,0.0
Kinh doanh quốc tế,kinh doanh quoc te,Đàm phán quốc tế,dam phan quoc te,2,tiki_book,276849016,- Thuật Đàm Phán - Negotiation (Tái Bản 2024),33.71,medium,partial_course_tokens_in_title; partial_course_tokens_in_secondary_text,https://tiki.vn/sach-thuat-dam-phan-negotiation-tai-ban-2024-p276849016.html?spid=276849017,92600,0.0,0,2,đàm phán; negotiation,,,,,1.0986
Kinh doanh quốc tế,kinh doanh quoc te,Đàm phán quốc tế,dam phan quoc te,3,tiki_book,273136011,Giáo Trình Cao Học - Quản Trị Kinh Doanh Quốc Tế_KT,23.41,low,partial_course_tokens_in_title; partial_course_tokens_in_secondary_text; exact_major_in_title,https://tiki.vn/giao-trinh-cao-hoc-quan-tri-kinh-doanh-quoc-te_kt-p273136011.html?spid=273136012,350000,0.0,0,2,kinh tế chính trị,,,,,1.0986
Kinh doanh quốc tế,kinh doanh quoc te,Đàm phán quốc tế,dam phan quoc te,1,ueh_repository,UEH/62140,Giải pháp nâng cao chất lượng dịch vụ tín dụng tại Ngân hàng Thương mại Cổ phần Quốc tế Việt Nam – chi nhánh Thành Đô,40.69,medium,partial_course_tokens_in_title; partial_course_tokens_in_secondary_text,https://digital.lib.ueh.edu.vn/handle/UEH/62140,,,,,,2021,MASTER'S THESES,0,Phạm Hạnh Nguyên,
Kinh doanh quốc tế,kinh doanh quoc te,Đàm phán quốc tế,dam phan quoc te,2,ueh_repository,UEH/62871,Định giá công ty cổ phần Quốc Tế gốm sứ Việt,40.69,medium,partial_course_tokens_in_title; partial_course_tokens_in_secondary_text,https://digital.lib.ueh.edu.vn/handle/UEH/62871,,,,,,2021,MASTER'S THESES,0,Nguyễn Thị Hòa,
Kinh doanh quốc tế,kinh doanh quoc te,Đàm phán quốc tế,dam phan quoc te,3,ueh_repository,UEH/61095,Giải pháp gia tăng các yếu tố cần thiết để triển khai ERP thành Công tại Công ty Cổ phần Quốc tế Gia,40.69,medium,partial_course_tokens_in_title; partial_course_tokens_in_secondary_text,https://digital.lib.ueh.edu.vn/handle/UEH/61095,,,,,,2020,MASTER'S THESES,0,Võ Công Hiền,
Kinh doanh số,kinh doanh so,Kinh doanh trên mạng xã hội,kinh doanh tren mang xa hoi,1,tiki_book,177767360,Combo 2Q: Hướng Dẫn Kiếm Tiền Trên TikTok + Cách Để Đạt 1 Triệu Follow Chỉ Trong 30 Ngày (Sách Kinh Doanh/Marketing/Mạng Xã Hội),37.52,medium,partial_course_tokens_in_title,https://tiki.vn/combo-2q-huong-dan-kiem-tien-tren-tiktok-cach-de-dat-1-trieu-follow-chi-trong-30-ngay-sach-kinh-doanh-marketing-mang-xa-hoi-p177767360.html?spid=177767361,371500,4.7,7,62,TikTok Shop,,,,,11.9623
Kinh doanh số,kinh doanh so,Kinh doanh trên mạng xã hội,kinh doanh tren mang xa hoi,2,tiki_book,143933076,Combo bật mí cách kiếm triệu view từ ứng dụng mạng xã hội: (Tiktok marketing + Hướng dẫn kiếm tiền từ Youtube),25.63,low,partial_course_tokens_in_title,https://tiki.vn/combo-bat-mi-cach-kiem-trieu-view-tu-ung-dung-mang-xa-hoi-tiktok-marketing-huong-dan-kiem-tien-tu-youtube-p143933076.html?spid=143933077,238500,4.6,20,177,TikTok Shop,,,,,14.3486
Kinh doanh số,kinh doanh so,Kinh doanh trên mạng xã hội,kinh doanh tren mang xa hoi,3,tiki_book,189536315,- An Toàn Thông Tin Khi Sử Dụng Mạng Xã Hội,25.63,low,partial_course_tokens_in_title,https://tiki.vn/sach-an-toan-thong-tin-khi-su-dung-mang-xa-hoi-p189536315.html?spid=189536316,60000,5.0,1,15,công nghệ thông tin,,,,,8.8123
Kinh doanh số,kinh doanh so,Kinh doanh trên mạng xã hội,kinh doanh tren mang xa hoi,1,ueh_repository,UEH/63554,Các yếu tô ảnh hưởng đến hành vi mua hàng ngẫu hứng trên mạng xã hội,50.83,medium,partial_course_tokens_in_title; strong_course_tokens_in_secondary_text,https://digital.lib.ueh.edu.vn/handle/UEH/63554,,,,,,2021,MASTER'S THESES,0,Trần Lê Hồng Ngọc,
Kinh doanh số,kinh doanh so,Kinh doanh trên mạng xã hội,kinh doanh tren mang xa hoi,2,ueh_repository,UEH/63561,Tính xác thực thương hiệu cá nhân của người ảnh hưởng trên mạng Xã hội đến lòng trung thành thương hiệu: Vai trò trung gian của tính nhận dạng thương hiệu,47.53,medium,partial_course_tokens_in_title; partial_course_tokens_in_secondary_text,https://digital.lib.ueh.edu.vn/handle/UEH/63561,,,,,,2021,MASTER'S THESES,0,Nguyễn Thị Phương Anh,
Kinh doanh số,kinh doanh so,Kinh doanh trên mạng xã hội,kinh doanh tren mang xa hoi,3,ueh_repository,UEH/63094,Tình yêu thương hiệu và những tác động đến hành vi truyền miệng điện tử trên mạng xã hội trực tuyến tại Việt Nam,47.09,medium,partial_course_tokens_in_title; partial_course_tokens_in_secondary_text,https://digital.lib.ueh.edu.vn/handle/UEH/63094,,,,,,2021,MASTER'S THESES,0,Nguyễn Lan Huệ,
Kinh doanh số,kinh doanh so,Marketing số,marketing so,1,tiki_book,181910016,Digital marketing cho doanh nghiệp nhỏ,29.2,low,partial_course_tokens_in_title; exact_course_in_secondary_text,https://tiki.vn/digital-marketing-cho-doanh-nghiep-nho-p181910016.html?spid=274397174,99000,0.0,0,,digital marketing; social media marketing,,,,,0.0
Kinh doanh số,kinh doanh so,Marketing số,marketing so,2,tiki_book,272390934,Digital marketing cho doanh nghiệp nhỏ,29.2,low,partial_course_tokens_in_title; exact_course_in_secondary_text,https://tiki.vn/digital-marketing-cho-doanh-nghiep-nho-p272390934.html?spid=272390935,99000,0.0,0,,digital marketing; social media marketing,,,,,0.0
Kinh doanh số,kinh doanh so,Marketing số,marketing so,3,tiki_book,184497114,Digital marketing cho doanh nghiệp nhỏ,29.2,low,partial_course_tokens_in_title; exact_course_in_secondary_text,https://tiki.vn/digital-marketing-cho-doanh-nghiep-nho-p184497114.html?spid=209604326,99000,0.0,0,,digital marketing; social media marketing,,,,,0.0
Kinh doanh số,kinh doanh so,Marketing số,marketing so,1,ueh_repository,UEH/61563,Lack of digital marketing staff at Mobifone Service Company Region 8,21.0,low,partial_course_tokens_in_title; partial_course_tokens_in_secondary_text,https://digital.lib.ueh.edu.vn/handle/UEH/61563,,,,,,2021,MASTER'S THESES,0,Nguyen Hai Dang,
Kinh doanh số,kinh doanh so,Marketing số,marketing so,2,ueh_repository,UEH/63804,Effect of digital banking-related customer experience on banks’ financial performance during Covid-19: a perspective from Vietnam,7.18,low,partial_course_tokens_in_title; partial_course_tokens_in_secondary_text,https://digital.lib.ueh.edu.vn/handle/UEH/63804,,,,,,2022,INTERNATIONAL PUBLICATIONS,0,Nguyen Thi Hong Nhung; Nguyen Kim Duc; Teresa Lien Freiburghaus,
Kinh doanh số,kinh doanh so,Marketing số,marketing so,3,ueh_repository,UEH/61734,Multidimensional perspective of firms’ IT capability between digital business strategy and firms’ efficiency: A case of Chinese SMEs,7.18,low,partial_course_tokens_in_title; partial_course_tokens_in_secondary_text,https://digital.lib.ueh.edu.vn/handle/UEH/61734,,,,,,2020,INTERNATIONAL PUBLICATIONS,0,Wang Z.; Rafait Mahmood M.; Ullah H.; Hanif I.; Abbas Q.; Mohsin M.,
Kinh doanh số,kinh doanh so,Phân tích dữ liệu kinh doanh,phan tich du lieu kinh doanh,1,tiki_book,278483549,- Sổ Tay Hướng Dẫn Kỹ Thuật Phân Tích Dữ Liệu Data Analyst,39.46,medium,partial_course_tokens_in_title; strong_course_tokens_in_secondary_text,https://tiki.vn/sach-so-tay-huong-dan-ky-thuat-phan-tich-du-lieu-data-analyst-p278483549.html?spid=278483550,185000,0.0,0,4,phân tích kỹ thuật; cơ sở dữ liệu; khoa học dữ liệu; sách khoa học dữ liệu; phân tích dữ liệu; data analysis; data analytics; data engineering; Excel phân tích dữ liệu; trích dẫn tài liệu,,,,,1.6094
Kinh doanh số,kinh doanh so,Phân tích dữ liệu kinh doanh,phan tich du lieu kinh doanh,2,tiki_book,253273872,Tin Học - Thực Hành Phân Tích Dữ Liệu Và Lập Mô Hình Kinh Doanh Trong Excel- Bìa mềm- ( Tặng Sổ Tay Xương Rồng ),39.26,medium,partial_course_tokens_in_title; partial_course_tokens_in_secondary_text; major_context_tokens,https://tiki.vn/sach-tin-hoc-thuc-hanh-phan-tich-du-lieu-va-lap-mo-hinh-kinh-doanh-trong-excel-bia-mem-tang-so-tay-xuong-rong-p253273872.html?spid=253273873,188000,3.7,3,21,Excel phân tích dữ liệu,,,,,8.8705
Kinh doanh số,kinh doanh so,Phân tích dữ liệu kinh doanh,phan tich du lieu kinh doanh,3,tiki_book,165704682,Tin Học Ứng Dụng - Phân Tích Dữ Liệu và Lập Mô Hình Kinh Doanh Trong EXCEL ( Tặng Kèm Sổ Tay),39.26,medium,partial_course_tokens_in_title; partial_course_tokens_in_secondary_text; major_context_tokens,https://tiki.vn/tin-hoc-ung-dung-phan-tich-du-lieu-va-lap-mo-hinh-kinh-doanh-trong-excel-tang-kem-so-tay-p165704682.html?spid=252558097,153000,0.0,0,6,Excel phân tích dữ liệu,,,,,1.9459
Kinh doanh số,kinh doanh so,Phân tích dữ liệu kinh doanh,phan tich du lieu kinh doanh,1,ueh_repository,UEH/61680,Tài liệu học tập Phân tích dữ liệu nghiên cứu với SPSS 2008 tập 1,23.64,low,partial_course_tokens_in_title; partial_course_tokens_in_secondary_text,https://digital.lib.ueh.edu.vn/handle/UEH/61680,,,,,,2008,Business Statistics-Data Analysis,0,Hoàng Trọng; Chu Nguyễn Mộng Ngọc,
Kinh doanh số,kinh doanh so,Phân tích dữ liệu kinh doanh,phan tich du lieu kinh doanh,2,ueh_repository,UEH/62673,"Doanh thu, chi phí và kết quả kinh doanh tại Công ty Cổ phần Sản xuất Kinh doanh Sơn Kim – Theo kế toán tài chính và kế toán quản trị",13.53,low,partial_course_tokens_in_title; partial_course_tokens_in_secondary_text; exact_major_in_title,https://digital.lib.ueh.edu.vn/handle/UEH/62673,,,,,,2021,MASTER'S THESES,0,Hồ Thị Khánh An,
Kinh doanh số,kinh doanh so,Phân tích dữ liệu kinh doanh,phan tich du lieu kinh doanh,3,ueh_repository,UEH/63921,Phân tích các chỉ số và ứng dụng mô hình MLP và LSTM dự báo gói vật phẩm khách hàng sẽ mua trên trang thanh toán trực tuyến,13.14,low,partial_course_tokens_in_title; partial_course_tokens_in_secondary_text,https://digital.lib.ueh.edu.vn/handle/UEH/63921,,,,,,2022,MASTER'S THESES,0,Nguyễn Thị Bảo Hương,
Kinh doanh số,kinh doanh so,Quản trị nền tảng số,quan tri nen tang so,1,tiki_book,277533754,"Machine, Platform, Crowd - Máy móc nền tảng cộng đồng, làm chủ tương lai kỹ thuật số của chúng ta",11.54,low,partial_course_tokens_in_title,https://tiki.vn/machine-platform-crowd-may-moc-nen-tang-cong-dong-lam-chu-tuong-lai-ky-thuat-so-cua-chung-ta-p277533754.html?spid=277533755,199000,0.0,0,1,machine learning,,,,,0.6931
Kinh doanh số,kinh doanh so,Quản trị nền tảng số,quan tri nen tang so,2,tiki_book,279211996,- Understanding Business - Quản Trị Kinh Doanh Hiện Đại - Textbook,10.24,low,partial_course_tokens_in_title; partial_course_tokens_in_secondary_text,https://tiki.vn/sach-understanding-business-quan-tri-kinh-doanh-hien-dai-textbook-p279211996.html?spid=279211997,530400,0.0,0,1,quản trị kinh doanh; sách quản trị kinh doanh; business administration; business management; business strategy; business model,,,,,0.6931
Kinh doanh số,kinh doanh so,Quản trị nền tảng số,quan tri nen tang so,3,tiki_book,194140174,Mô Hình Đất Nền Địa Kỹ Thuật Ứng Dụng Trong Plaxis Software - Tập 1 ( Tặng sổ tay xương rồng ),8.31,low,partial_course_tokens_in_title,https://tiki.vn/mo-hinh-dat-nen-dia-ky-thuat-ung-dung-trong-plaxis-software-tap-1-tang-so-tay-xuong-rong-p194140174.html?spid=271422521,113000,0.0,0,1,software engineering,,,,,0.6931
Kinh doanh số,kinh doanh so,Quản trị nền tảng số,quan tri nen tang so,1,ueh_repository,UEH/62483,Kinh doanh thương mại trên nền tảng số của doanh nghiệp bán lẻ Việt Nam trước và trong dịch COVID-19,11.93,low,partial_course_tokens_in_title; major_context_tokens,https://digital.lib.ueh.edu.vn/handle/UEH/62483,,,,,,2021,Book Series,0,TS. Bùi Thanh Tráng; ThS. Hoàng Thu Hằng; TS. Đỗ Thị Hải Ninh; ThS. Dương Ngọc Hồng; ThS. Hoàng Ngọc Như Ý,
Kinh doanh số,kinh doanh so,Quản trị nền tảng số,quan tri nen tang so,2,ueh_repository,UEH/62673,"Doanh thu, chi phí và kết quả kinh doanh tại Công ty Cổ phần Sản xuất Kinh doanh Sơn Kim – Theo kế toán tài chính và kế toán quản trị",9.38,low,partial_course_tokens_in_title; partial_course_tokens_in_secondary_text; exact_major_in_title,https://digital.lib.ueh.edu.vn/handle/UEH/62673,,,,,,2021,MASTER'S THESES,0,Hồ Thị Khánh An,
Kinh doanh số,kinh doanh so,Quản trị nền tảng số,quan tri nen tang so,3,ueh_repository,UEH/61393,Tác động của cơ sở hạ tầng quản trị tri thức đến sự hài lòng của người lao động: trường hợp các Giảng viên tại các trường Đại học ở TP.Hồ Chí Minh,6.68,low,partial_course_tokens_in_title; partial_course_tokens_in_secondary_text,https://digital.lib.ueh.edu.vn/handle/UEH/61393,,,,,,2021,MASTER'S THESES,0,Nguyễn Thị Cẩm Nhung,
Kinh doanh số,kinh doanh so,Thương mại điện tử,thuong mai dien tu,1,tiki_book,149942445,Sức Mạnh Thương Mại Điện Tử - 12 Tháng Kiếm 1 Triệu Đô Bằng Kinh Doanh Online - Bộ Sách Trên Lưng Khổng Tượng,59.45,medium,exact_course_in_title; exact_course_in_secondary_text,https://tiki.vn/suc-manh-thuong-mai-dien-tu-12-thang-kiem-1-trieu-do-bang-kinh-doanh-online-bo-sach-tren-lung-khong-tuong-p149942445.html?spid=149942446,155000,5.0,128,1097,thương mại điện tử; kinh doanh online,,,,,19.291
Kinh doanh số,kinh doanh so,Thương mại điện tử,thuong mai dien tu,2,tiki_book,186229224,Bộ Sách Khởi Nghiệp Kinh Doanh Online - Marketing và Bán Hàng Hiệu Quả Với Thương Mại Điện Tử Tại Việt Nam,59.45,medium,exact_course_in_title; exact_course_in_secondary_text,https://tiki.vn/bo-sach-khoi-nghiep-kinh-doanh-online-marketing-va-ban-hang-hieu-qua-voi-thuong-mai-dien-tu-tai-viet-nam-p186229224.html?spid=186229225,295000,5.0,67,886,thương mại điện tử; kinh doanh online; bán hàng online,,,,,18.1171
Kinh doanh số,kinh doanh so,Thương mại điện tử,thuong mai dien tu,3,tiki_book,145582044,10 Quy Luật Thương Mại Điện Tử - Bộ Sách Trên Lưng Khổng Tượng - Kinh Doanh Online - Để Thích Nghi Và Giành Chiến Thắng Trong Thời Đại 4.0,58.85,medium,exact_course_in_title; exact_course_in_secondary_text,https://tiki.vn/10-quy-luat-thuong-mai-dien-tu-bo-sach-tren-lung-khong-tuong-kinh-doanh-online-de-thich-nghi-va-gianh-chien-thang-trong-thoi-dai-4-0-p145582044.html?spid=145582045,149000,4.7,103,794,sách thương mại điện tử,,,,,18.3449
Kinh doanh số,kinh doanh so,Thương mại điện tử,thuong mai dien tu,1,ueh_repository,UEH/63432,"Pháp luật về hợp đồng thương mại điện tử của Hoa Kỳ, liên minh Châu Âu kinh nghiệm cho Việt Nam",49.34,medium,exact_course_in_title; exact_course_in_secondary_text,https://digital.lib.ueh.edu.vn/handle/UEH/63432,,,,,,2021,MASTER'S THESES,0,Nguyễn Cát Tường Dung,
Kinh doanh số,kinh doanh so,Thương mại điện tử,thuong mai dien tu,2,ueh_repository,UEH/61066,Hợp đồng thương mại điện tử theo pháp luật Việt Nam và các rủi ro đặc thù,49.13,medium,exact_course_in_title; exact_course_in_secondary_text,https://digital.lib.ueh.edu.vn/handle/UEH/61066,,,,,,2020,MASTER'S THESES,0,Phạm Thị Phi Vân,
Kinh doanh số,kinh doanh so,Thương mại điện tử,thuong mai dien tu,3,ueh_repository,UEH/61180,Hợp đồng thương mại điện tử theo quy định pháp luật Việt Nam - một số vấn đề lý luận và thực tiễn,49.05,medium,exact_course_in_title; exact_course_in_secondary_text,https://digital.lib.ueh.edu.vn/handle/UEH/61180,,,,,,2021,MASTER'S THESES,0,Nguyễn Minh Tài,
Kinh doanh số,kinh doanh so,Trải nghiệm khách hàng số,trai nghiem khach hang so,1,tiki_book,273593520,Combo 2 Cuốn Tìm Hiểu Tâm Lý Khách Hàng-Khách Hàng Thật Sự Cần Gì?+Trải Nghiệm Khách Hàng Xuất Sắc,58.51,medium,strong_course_tokens_in_title; partial_course_tokens_in_secondary_text,https://tiki.vn/combo-2-cuon-tim-hieu-tam-ly-khach-hang-khach-hang-that-su-can-gi-trai-nghiem-khach-hang-xuat-sac-p273593520.html?spid=275118959,430000,0.0,0,,hành vi khách hàng; ngân hàng,,,,,0.0
Kinh doanh số,kinh doanh so,Trải nghiệm khách hàng số,trai nghiem khach hang so,2,tiki_book,273593522,Combo 2 Cuốn Tìm Hiểu Tâm Lý Khách Hàng-Khách Hàng Thật Sự Cần Gì?+Trải Nghiệm Khách Hàng Xuất Sắc,58.51,medium,strong_course_tokens_in_title; partial_course_tokens_in_secondary_text,https://tiki.vn/combo-2-cuon-tim-hieu-tam-ly-khach-hang-khach-hang-that-su-can-gi-trai-nghiem-khach-hang-xuat-sac-p273593522.html?spid=275118956,430000,0.0,0,,hành vi khách hàng; ngân hàng,,,,,0.0
Kinh doanh số,kinh doanh so,Trải nghiệm khách hàng số,trai nghiem khach hang so,3,tiki_book,186263990,Combo 2 cuốn sách Quản Trị - Lãnh Đạo : Tầm Nhìn Thay Đổi Quốc Gia (Tái Bản) + Trải Nghiệm Khách Hàng Xuất Sắc,55.86,medium,strong_course_tokens_in_title; partial_course_tokens_in_secondary_text,https://tiki.vn/combo-2-cuon-sach-quan-tri-lanh-dao-tam-nhin-thay-doi-quoc-gia-tai-ban-trai-nghiem-khach-hang-xuat-sac-p186263990.html?spid=186263991,429500,0.0,0,4,quản trị khách sạn,,,,,1.6094
Kinh doanh số,kinh doanh so,Trải nghiệm khách hàng số,trai nghiem khach hang so,1,ueh_repository,UEH/61137,Phân tích trải nghiệm khách hàng trực tuyến trong lĩnh vực khách sạn tiếp cận theo mô hình chủ đề,68.48,high,strong_course_tokens_in_title; strong_course_tokens_in_secondary_text,https://digital.lib.ueh.edu.vn/handle/UEH/61137,,,,,,2020,MASTER'S THESES,0,Nguyễn Văn Hồ,
Kinh doanh số,kinh doanh so,Trải nghiệm khách hàng số,trai nghiem khach hang so,2,ueh_repository,UEH/63969,"Mối quan hệ giữa bầu không khí cửa hàng, trải nghiệm khách hàng và ý định mua lại: Nghiên cứu tại các cửa hàng bán lẻ quần áo trên địa bàn Thành phố Hồ Chí Minh",62.26,high,strong_course_tokens_in_title; partial_course_tokens_in_secondary_text,https://digital.lib.ueh.edu.vn/handle/UEH/63969,,,,,,2022,MASTER'S THESES,0,Trần Thị Oanh,
Kinh doanh số,kinh doanh so,Trải nghiệm khách hàng số,trai nghiem khach hang so,3,ueh_repository,UEH/63444,Đánh giá sự trải nghiệm khách hàng khiếm nhã ảnh hưởng đến ý định nghỉ việc của nhân viên tuyến đầu trong lĩnh vực nhà hàng tại Thành phố Hồ Chí Minh,62.16,high,strong_course_tokens_in_title; partial_course_tokens_in_secondary_text,https://digital.lib.ueh.edu.vn/handle/UEH/63444,,,,,,2021,MASTER'S THESES,0,Đào Đức Khánh,
Kinh doanh thương mại,kinh doanh thuong mai,Hành vi người tiêu dùng,hanh vi nguoi tieu dung,1,tiki_book,279085060,"Quy định pháp luật về xử phạt vi phạm trong hoạt động thương mại, sản xuất, buôn bán hàng giả, hàng cấm và bảo vệ quyền lợi người tiêu dùng",39.15,medium,partial_course_tokens_in_title,https://tiki.vn/quy-dinh-phap-luat-ve-xu-phat-vi-pham-trong-hoat-dong-thuong-mai-san-xuat-buon-ban-hang-gia-hang-cam-va-bao-ve-quyen-loi-nguoi-tieu-dung-p279085060.html?spid=279085062,100000,0.0,0,1,luật thương mại,,,,,0.6931
Kinh doanh thương mại,kinh doanh thuong mai,Hành vi người tiêu dùng,hanh vi nguoi tieu dung,2,tiki_book,279084801,"Quy định pháp luật về xử phạt vi phạm trong hoạt động thương mại, sản xuất, buôn bán hàng giả, hàng cấm và bảo vệ quyền lợi người tiêu dùng",39.15,medium,partial_course_tokens_in_title,https://tiki.vn/quy-dinh-phap-luat-ve-xu-phat-vi-pham-trong-hoat-dong-thuong-mai-san-xuat-buon-ban-hang-gia-hang-cam-va-bao-ve-quyen-loi-nguoi-tieu-dung-p279084801.html?spid=279084802,100000,0.0,0,,luật thương mại,,,,,0.0
Kinh doanh thương mại,kinh doanh thuong mai,Hành vi người tiêu dùng,hanh vi nguoi tieu dung,3,tiki_book,402366,Quản Trị Hoạt Động Thị Trường Tiêu Dùng,15.42,low,partial_course_tokens_in_title,https://tiki.vn/sach-quan-tri-hoat-dong-thi-truong-tieu-dung-p402366.html?spid=89424685,44000,5.0,1,14,nghiên cứu thị trường,,,,,8.7478
Kinh doanh thương mại,kinh doanh thuong mai,Hành vi người tiêu dùng,hanh vi nguoi tieu dung,1,ueh_repository,UEH/61412,Nghiên cứu hành vi mua sắm trực tuyến của người tiêu dùng tại TP. Hồ Chí Minh ngành hàng thời trang,56.29,medium,strong_course_tokens_in_title; strong_course_tokens_in_secondary_text,https://digital.lib.ueh.edu.vn/handle/UEH/61412,,,,,,2021,MASTER'S THESES,0,Phạm Thị Phú,
Kinh doanh thương mại,kinh doanh thuong mai,Hành vi người tiêu dùng,hanh vi nguoi tieu dung,2,ueh_repository,UEH/62982,Các yếu tố ảnh hưởng đến hành vi mua hàng ngẫu hứng trực tuyến của người tiêu dùng tại Thành phố Hồ Chí Minh,56.23,medium,strong_course_tokens_in_title; strong_course_tokens_in_secondary_text,https://digital.lib.ueh.edu.vn/handle/UEH/62982,,,,,,2021,MASTER'S THESES,0,Trần Thị Trúc Diệp,
Kinh doanh thương mại,kinh doanh thuong mai,Hành vi người tiêu dùng,hanh vi nguoi tieu dung,3,ueh_repository,UEH/63184,Xử lý hành vi xâm phạm quyền sở hữu công nghiệp đối với nhãn hiệu - Từ góc độ bảo vệ quyền lợi người tiêu dùng,56.23,medium,strong_course_tokens_in_title; strong_course_tokens_in_secondary_text,https://digital.lib.ueh.edu.vn/handle/UEH/63184,,,,,,2021,MASTER'S THESES,0,Thiệu Văn Hùng,
Kinh doanh thương mại,kinh doanh thuong mai,Nghiệp vụ xuất nhập khẩu,nghiep vu xuat nhap khau,1,tiki_book,279103684,Biểu Thuế Xuất Khẩu - Nhập Khẩu Năm 2026 (Export Import Tax 2026),28.64,low,partial_course_tokens_in_title; partial_course_tokens_in_secondary_text,https://tiki.vn/bieu-thue-xuat-khau-nhap-khau-nam-2026-export-import-tax-2026-p279103684.html?spid=279103685,800000,0.0,0,1,tax; xuất nhập khẩu,,,,,0.6931
Kinh doanh thương mại,kinh doanh thuong mai,Nghiệp vụ xuất nhập khẩu,nghiep vu xuat nhap khau,2,tiki_book,262673805,Cẩm Nang Tra Cứu Những Điểm Mới Về Các Loại Thuế Phải Nộp Đối Với Hàng Hóa Xuất - Nhập Khẩu Và Điều Kiện Thương Mại Quốc Tế Trong Hoạt Động Ngoại Thương - INCOTERMS 2020 - V2056T,22.53,low,partial_course_tokens_in_title; partial_course_tokens_in_secondary_text,https://tiki.vn/sach-cam-nang-tra-cuu-nhung-diem-moi-ve-cac-loai-thue-phai-nop-doi-voi-hang-hoa-xuat-nhap-khau-va-dieu-kien-thuong-mai-quoc-te-trong-hoat-dong-ngoai-thuong-incoterms-2020-v2056t-p262673805.html?spid=262673806,259000,5.0,1,7,xuất nhập khẩu; incoterms,,,,,8.1192
Kinh doanh thương mại,kinh doanh thuong mai,Nghiệp vụ xuất nhập khẩu,nghiep vu xuat nhap khau,3,tiki_book,278737256,Giáo trình Kế toán Xuất Nhập Khẩu,21.44,low,partial_course_tokens_in_title; partial_course_tokens_in_secondary_text,https://tiki.vn/sach-giao-trinh-ke-toan-xuat-nhap-khau-p278737256.html?spid=278737257,122000,0.0,0,4,sách kế toán; xuất nhập khẩu,,,,,1.6094
Kinh doanh thương mại,kinh doanh thuong mai,Nghiệp vụ xuất nhập khẩu,nghiep vu xuat nhap khau,1,ueh_repository,UEH/63707,Hoàn thiện công tác lập dự toán ngân sách tại Công Ty TNHH Thương Mại Dịch Vụ Xuất Nhập Khẩu Song Kê,32.36,medium,partial_course_tokens_in_title; partial_course_tokens_in_secondary_text,https://digital.lib.ueh.edu.vn/handle/UEH/63707,,,,,,2022,MASTER'S THESES,0,Dương Hoàng Nhi,
Kinh doanh thương mại,kinh doanh thuong mai,Nghiệp vụ xuất nhập khẩu,nghiep vu xuat nhap khau,2,ueh_repository,UEH/61258,Đo lường sự hài lòng của khách hàng đối với chất lượng dịch vụ vận chuyển container hàng xuất nhập khẩu bằng đường thủy nội địa tại trung tâm dịch vụ Logistics Tân Cảng,17.7,low,partial_course_tokens_in_title; partial_course_tokens_in_secondary_text,https://digital.lib.ueh.edu.vn/handle/UEH/61258,,,,,,2020,MASTER'S THESES,0,Nguyễn Thanh Bình,
Kinh doanh thương mại,kinh doanh thuong mai,Nghiệp vụ xuất nhập khẩu,nghiep vu xuat nhap khau,3,ueh_repository,UEH/61370,Hoàn thiện kiểm soát nội bộ hoạt động tín dụng tại Ngân hàng Thương mại Cổ phần Xuất Nhập Khẩu Việt Nam – Chi nhánh Bình Phước,16.96,low,partial_course_tokens_in_title; partial_course_tokens_in_secondary_text,https://digital.lib.ueh.edu.vn/handle/UEH/61370,,,,,,2021,MASTER'S THESES,0,Nguyễn Thị Hồng Hạnh,
Kinh doanh thương mại,kinh doanh thuong mai,Quản trị bán hàng,quan tri ban hang,1,tiki_book,273341092,Quản Trị Bán Hàng Hiệu Quả - Sales Management That Works,83.89,high,exact_course_in_title; partial_course_tokens_in_secondary_text,https://tiki.vn/quan-tri-ban-hang-hieu-qua-sales-management-that-works-p273341092.html?spid=273341093,200200,5.0,1,17,operations management; human resource management; sales; financial management; quản trị rủi ro ngân hàng; supply chain management; hotel management; restaurant management; time management,,,,,8.9301
Kinh doanh thương mại,kinh doanh thuong mai,Quản trị bán hàng,quan tri ban hang,2,tiki_book,273260711,Quản Trị Bán Hàng Hiệu Quả - Sales Management That Works,83.89,high,exact_course_in_title; partial_course_tokens_in_secondary_text,https://tiki.vn/quan-tri-ban-hang-hieu-qua-sales-management-that-works-p273260711.html?spid=273282198,191250,5.0,1,11,operations management; human resource management; sales; financial management; quản trị rủi ro ngân hàng; supply chain management; hotel management; restaurant management; time management,,,,,8.5246
Kinh doanh thương mại,kinh doanh thuong mai,Quản trị bán hàng,quan tri ban hang,3,tiki_book,273244065,Quản Trị Bán Hàng Hiệu Quả (Sales Management That Works) - Frank V. Cespedes - PACE Books,83.89,high,exact_course_in_title; partial_course_tokens_in_secondary_text,https://tiki.vn/quan-tri-ban-hang-hieu-qua-sales-management-that-works-frank-v-cespedes-pace-books-p273244065.html?spid=273282197,191250,5.0,1,4,sales; quản trị rủi ro ngân hàng; time management,,,,,7.6492
Kinh doanh thương mại,kinh doanh thuong mai,Quản trị bán hàng,quan tri ban hang,1,ueh_repository,UEH/62935,Ảnh hưởng của biến động chi phí bán hàng và chi phí quản lý doanh nghiệp đến quản trị lợi nhuận tại các công ty niêm yết trên thị trường chứng khoán Việt Nam,20.06,low,partial_course_tokens_in_title; partial_course_tokens_in_secondary_text,https://digital.lib.ueh.edu.vn/handle/UEH/62935,,,,,,2021,MASTER'S THESES,0,Nguyễn Thị Võ Thảo,
Kinh doanh thương mại,kinh doanh thuong mai,Quản trị bán hàng,quan tri ban hang,2,ueh_repository,UEH/62957,Hoàn thiện chiến lược bán hàng cho các sản phẩm nước mắm và nước chấm tại Công ty TNHH Thương mại Sản xuất Hưng Việt giai đoạn 2021 - 2025,14.02,low,partial_course_tokens_in_title; partial_course_tokens_in_secondary_text,https://digital.lib.ueh.edu.vn/handle/UEH/62957,,,,,,2021,MASTER'S THESES,0,Nguyễn Hoàng Nam,
Kinh doanh thương mại,kinh doanh thuong mai,Quản trị bán hàng,quan tri ban hang,3,ueh_repository,UEH/62974,Sự thuận cả hai tay về bán hàng và dịch vụ của nhân viên kinh doanh trong ngành dược phẩm B2B,13.75,low,partial_course_tokens_in_title; partial_course_tokens_in_secondary_text,https://digital.lib.ueh.edu.vn/handle/UEH/62974,,,,,,2021,MASTER'S THESES,0,Võ Thanh Hải,
Kinh doanh thương mại,kinh doanh thuong mai,Quản trị chuỗi cung ứng,quan tri chuoi cung ung,1,tiki_book,1208799,Nguyên Lý Quản Trị Chuỗi Cung Ứng,93.0,high,exact_course_in_title; exact_course_in_secondary_text,https://tiki.vn/sach-nguyen-ly-quan-tri-chuoi-cung-ung-p1208799.html?spid=1208801,149200,4.8,152,2436,chuỗi cung ứng; quản trị chuỗi cung ứng,,,,,20.1442
Kinh doanh thương mại,kinh doanh thuong mai,Quản trị chuỗi cung ứng,quan tri chuoi cung ung,2,tiki_book,276231114,Logistics và Quản trị chuỗi cung ứng,93.0,high,exact_course_in_title; exact_course_in_secondary_text,https://tiki.vn/sach-logistics-va-quan-tri-chuoi-cung-ung-p276231114.html?spid=276231116,381150,5.0,8,154,logistics; sách logistics; chuỗi cung ứng; quản trị chuỗi cung ứng,,,,,13.3393
Kinh doanh thương mại,kinh doanh thuong mai,Quản trị chuỗi cung ứng,quan tri chuoi cung ung,3,tiki_book,191806913,Quản Trị Chuỗi Cung Ứng Những Phương Pháp Hay Nhất - David Blanchard,93.0,high,exact_course_in_title; exact_course_in_secondary_text,https://tiki.vn/quan-tri-chuoi-cung-ung-nhung-phuong-phap-hay-nhat-david-blanchard-p191806913.html?spid=191806914,199000,4.8,4,24,chuỗi cung ứng; quản trị chuỗi cung ứng,,,,,10.433
Kinh doanh thương mại,kinh doanh thuong mai,Quản trị chuỗi cung ứng,quan tri chuoi cung ung,1,ueh_repository,UEH/63529,Giải pháp nâng cao hiệu quả quản trị chuỗi cung ứng của công ty xi măng Fico-YTL,87.91,high,exact_course_in_title; exact_course_in_secondary_text,https://digital.lib.ueh.edu.vn/handle/UEH/63529,,,,,,2021,MASTER'S THESES,0,Nguyễn Phan Như Ý,
Kinh doanh thương mại,kinh doanh thuong mai,Quản trị chuỗi cung ứng,quan tri chuoi cung ung,2,ueh_repository,UEH/63388,Giải pháp hoàn thiện hoạt động quản trị chuỗi cung ứng cá da trơn tại Công ty Cổ phần Vĩnh Hoàn,78.07,high,exact_course_in_title; partial_course_tokens_in_secondary_text,https://digital.lib.ueh.edu.vn/handle/UEH/63388,,,,,,2021,MASTER'S THESES,0,Lê Nguyễn Hoàng Anh,
Kinh doanh thương mại,kinh doanh thuong mai,Quản trị chuỗi cung ứng,quan tri chuoi cung ung,3,ueh_repository,UEH/62592,Giải pháp nâng cao hiệu quả chuỗi cung ứng thủy sản tại công ty cổ phần thủy sản Việt Úc,45.22,medium,partial_course_tokens_in_title; exact_course_in_secondary_text,https://digital.lib.ueh.edu.vn/handle/UEH/62592,,,,,,2021,MASTER'S THESES,0,Quách Ngọc Thảo,
Kinh doanh thương mại,kinh doanh thuong mai,Quản trị kênh phân phối,quan tri kenh phan phoi,1,tiki_book,276502265,Sales And Marketing Channels - Tạo Kênh Bán Hàng Và Marketing,15.13,low,partial_course_tokens_in_title; partial_course_tokens_in_secondary_text,https://tiki.vn/sales-and-marketing-channels-tao-kenh-ban-hang-va-marketing-p276502265.html?spid=276848805,168300,0.0,0,2,sales,,,,,1.0986
Kinh doanh thương mại,kinh doanh thuong mai,Quản trị kênh phân phối,quan tri kenh phan phoi,2,tiki_book,276642076,Tạo Kênh Bán Hàng Và Marketing,9.76,low,partial_course_tokens_in_title; partial_course_tokens_in_secondary_text,https://tiki.vn/sach-tao-kenh-ban-hang-va-marketing-p276642076.html?spid=276642079,138000,5.0,1,20,bán hàng online,,,,,9.0842
Kinh doanh thương mại,kinh doanh thuong mai,Quản trị kênh phân phối,quan tri kenh phan phoi,3,tiki_book,276451770,Tạo Kênh Bán Hàng Và Marketing - Vanlangbooks,9.76,low,partial_course_tokens_in_title; partial_course_tokens_in_secondary_text,https://tiki.vn/tao-kenh-ban-hang-va-marketing-vanlangbooks-p276451770.html?spid=276451774,168300,5.0,1,2,bán hàng online,,,,,7.1383
Kinh doanh thương mại,kinh doanh thuong mai,Quản trị kênh phân phối,quan tri kenh phan phoi,1,ueh_repository,UEH/61512,Một số giải pháp nhằm hoàn thiện hoạt động quản trị kênh phân phối tại Công ty TNHH MTV Thuốc lá Đồng Tháp,42.35,medium,exact_course_in_title; exact_course_in_secondary_text,https://digital.lib.ueh.edu.vn/handle/UEH/61512,,,,,,2020,MASTER'S THESES,0,Lê Hữu Tín,
Kinh doanh thương mại,kinh doanh thuong mai,Quản trị kênh phân phối,quan tri kenh phan phoi,2,ueh_repository,UEH/62431,Giải pháp hoàn thiện quản trị kênh phân phối truyền thống các sản phầm kềm chăm sóc móng tại Việt Nam của Công ty Cổ phần Kềm Nghĩa,38.7,medium,exact_course_in_title; partial_course_tokens_in_secondary_text,https://digital.lib.ueh.edu.vn/handle/UEH/62431,,,,,,2021,MASTER'S THESES,0,Đặng Nguyễn Kim Ngân,
Kinh doanh thương mại,kinh doanh thuong mai,Quản trị kênh phân phối,quan tri kenh phan phoi,3,ueh_repository,UEH/62751,Nâng cao động lực làm việc cho nhân viên bán hàng trên kênh phân phối tại Công ty dịch vụ MobiFone khu vực 8,13.86,low,partial_course_tokens_in_title; partial_course_tokens_in_secondary_text,https://digital.lib.ueh.edu.vn/handle/UEH/62751,,,,,,2021,MASTER'S THESES,0,Nguyễn Xuân Phi,
Kinh doanh thương mại,kinh doanh thuong mai,Định giá sản phẩm,dinh gia san pham,1,tiki_book,68459988,Combo Định Giá Gia Tăng Lợi Nhuận: Định Giá Dựa Trên Giá Trị + Những Đòn Tâm Lý Trong Định Giá Sản Phẩm,100.0,high,exact_course_in_title; partial_course_tokens_in_secondary_text,https://tiki.vn/combo-dinh-gia-gia-tang-loi-nhuan-dinh-gia-dua-tren-gia-tri-nhung-don-tam-ly-trong-dinh-gia-san-pham-p68459988.html?spid=70885394,359500,0.0,0,2,định giá doanh nghiệp,,,,,1.0986
Kinh doanh thương mại,kinh doanh thuong mai,Định giá sản phẩm,dinh gia san pham,2,tiki_book,277413581,Định Giá Doanh Nghiệp Và Tài Sản - Ứng Dụng Trong Đầu Tư Tài Chính,28.36,low,partial_course_tokens_in_title; partial_course_tokens_in_secondary_text,https://tiki.vn/dinh-gia-doanh-nghiep-va-tai-san-ung-dung-trong-dau-tu-tai-chinh-p277413581.html?spid=277413582,346500,4.0,5,77,tài chính doanh nghiệp; định giá doanh nghiệp,,,,,11.0443
Kinh doanh thương mại,kinh doanh thuong mai,Định giá sản phẩm,dinh gia san pham,3,tiki_book,277613363,- Định Giá Doanh Nghiệp Và Tài Sản - Ứng Dụng Trong Đầu Tư Tài Chính,28.36,low,partial_course_tokens_in_title; partial_course_tokens_in_secondary_text,https://tiki.vn/sach-dinh-gia-doanh-nghiep-va-tai-san-ung-dung-trong-dau-tu-tai-chinh-p277613363.html?spid=277613364,495000,0.0,0,3,tài chính doanh nghiệp; định giá doanh nghiệp,,,,,1.3863
Kinh doanh thương mại,kinh doanh thuong mai,Định giá sản phẩm,dinh gia san pham,1,ueh_repository,UEH/62228,Giải pháp thúc đẩy khách hàng quyết định mua sản phẩm gạch ốp lát (thương hiệu Royal) tại Công ty Cổ phần Sản xuất và Đầu tư Hoàng Gia,27.96,medium,partial_course_tokens_in_title; partial_course_tokens_in_secondary_text,https://digital.lib.ueh.edu.vn/handle/UEH/62228,,,,,,2021,MASTER'S THESES,0,Hoàng Tuấn Tú,
Kinh doanh thương mại,kinh doanh thuong mai,Định giá sản phẩm,dinh gia san pham,2,ueh_repository,UEH/61345,Giải pháp nâng cao giá trị thương hiệu sản phẩm tinh dầu của Công ty TNHH sản xuất và thương mại Ếch Vàng,25.04,medium,partial_course_tokens_in_title; partial_course_tokens_in_secondary_text,https://digital.lib.ueh.edu.vn/handle/UEH/61345,,,,,,2020,MASTER'S THESES,0,Lê Thị Thu Quyên,
Kinh doanh thương mại,kinh doanh thuong mai,Định giá sản phẩm,dinh gia san pham,3,ueh_repository,UEH/62137,Mối quan hệ giữa tổng sản phẩm quốc nội và đa dạng hóa xuất khẩu tại một số quốc gia Châu Á,24.99,low,partial_course_tokens_in_title; partial_course_tokens_in_secondary_text,https://digital.lib.ueh.edu.vn/handle/UEH/62137,,,,,,2021,MASTER'S THESES,0,Nguyễn Thị Tú Anh,
Kinh tế,kinh te,Kinh tế lượng,kinh te luong,1,tiki_book,195792313,Tinh Hoa Kinh Tế Học (Essentials Of Economics) - Tặng sổ tay xương rồng,32.54,medium,partial_course_tokens_in_title; partial_course_tokens_in_secondary_text; exact_major_in_title,https://tiki.vn/sach-tinh-hoa-kinh-te-hoc-essentials-of-economics-tang-so-tay-xuong-rong-p195792313.html?spid=195792314,595000,5.0,2,29,sách kinh tế học; kinh tế học; economics; nguyên lý kinh tế học; development economics; international economics; kinh tế học hành vi; behavioral economics,,,,,10.0491
Kinh tế,kinh te,Kinh tế lượng,kinh te luong,2,tiki_book,73609401,"Tinh Hoa Kinh Tế Học (Essentials Of Economics) - Paul Krugman, Robin Wells - PACE Books",32.54,medium,partial_course_tokens_in_title; partial_course_tokens_in_secondary_text; exact_major_in_title,https://tiki.vn/sach-tinh-hoa-kinh-te-hoc-essentials-of-economics-paul-krugman-robin-wells-pace-books-p73609401.html?spid=222705389,505750,0.0,0,15,sách kinh tế học; economics; nguyên lý kinh tế học; development economics; international economics; behavioral economics,,,,,2.7726
Kinh tế,kinh te,Kinh tế lượng,kinh te luong,3,tiki_book,14075308,Kinh Tế Quốc Tế - International Economics,32.54,medium,partial_course_tokens_in_title; partial_course_tokens_in_secondary_text; exact_major_in_title,https://tiki.vn/kinh-te-quoc-te-international-economics-p14075308.html?spid=213515995,83000,0.0,0,8,economics; kinh tế phát triển; development economics; kinh tế quốc tế; international economics; kinh tế Việt Nam; kinh tế thế giới; behavioral economics,,,,,2.1972
Kinh tế,kinh te,Kinh tế lượng,kinh te luong,1,ueh_repository,UEH/61269,"Mối quan hệ giữa đầu tư trực tiếp nước ngoài, tăng trưởng kinh tế, tiêu thụ năng lượng và ô nhiễm môi trường ở Việt Nam: Phương pháp ARDL",24.2,low,partial_course_tokens_in_title; partial_course_tokens_in_secondary_text; exact_major_in_title,https://digital.lib.ueh.edu.vn/handle/UEH/61269,,,,,,2020,MASTER'S THESES,0,Lê Chí Trung,
Kinh tế,kinh te,Kinh tế lượng,kinh te luong,2,ueh_repository,UEH/62485,Tác động của chi tiêu chính phủ đến tăng trưởng kinh tế tại việt nam: phương pháp ARDL,20.53,low,partial_course_tokens_in_title; partial_course_tokens_in_secondary_text; exact_major_in_title,https://digital.lib.ueh.edu.vn/handle/UEH/62485,,,,,,2021,MASTER'S THESES,0,Đoàn Mai Trinh,
Kinh tế,kinh te,Kinh tế lượng,kinh te luong,3,ueh_repository,UEH/62513,Thu hẹp khoảng cách số của Việt Nam hướng tới chuyển đổi số nền kinh tế,20.53,low,partial_course_tokens_in_title; partial_course_tokens_in_secondary_text; exact_major_in_title,https://digital.lib.ueh.edu.vn/handle/UEH/62513,,,,,,2021,Book Series,0,Trần Thị Tuấn Anh,
Kinh tế,kinh te,Kinh tế phát triển,kinh te phat trien,1,tiki_book,716491,Kinh Tế Phát Triển Căn Bản Và Nâng Cao,91.41,high,exact_course_in_title; exact_course_in_secondary_text; exact_major_in_title,https://tiki.vn/sach-kinh-te-phat-trien-can-ban-va-nang-cao-p716491.html?spid=162712941,239000,4.7,3,20,kinh tế phát triển; tăng trưởng kinh tế; phát triển phần mềm,,,,,9.824
Kinh tế,kinh te,Kinh tế phát triển,kinh te phat trien,2,tiki_book,177146028,Kinh Tế Phát Triển,91.41,high,exact_course_in_title; exact_course_in_secondary_text; exact_major_in_title,https://tiki.vn/kinh-te-phat-trien-p177146028.html?spid=184509164,219000,0.0,0,3,kinh tế phát triển; kinh tế quốc tế; kinh tế Việt Nam; tăng trưởng kinh tế; tư duy kinh tế; phát triển phần mềm,,,,,1.3863
Kinh tế,kinh te,Kinh tế phát triển,kinh te phat trien,3,tiki_book,181904591,Kinh Tế Phát Triển - Căn Bản Và Nâng Cao,91.41,high,exact_course_in_title; exact_course_in_secondary_text; exact_major_in_title,https://tiki.vn/kinh-te-phat-trien-can-ban-va-nang-cao-p181904591.html?spid=274843050,239000,0.0,0,3,kinh tế phát triển; tăng trưởng kinh tế; phát triển phần mềm,,,,,1.3863
Kinh tế,kinh te,Kinh tế phát triển,kinh te phat trien,1,ueh_repository,UEH/63654,Tác động bất đối xứng của phát triển tài chính lên tăng trưởng kinh tế Việt Nam,28.77,medium,partial_course_tokens_in_title; partial_course_tokens_in_secondary_text; exact_major_in_title,https://digital.lib.ueh.edu.vn/handle/UEH/63654,,,,,,2022,MASTER'S THESES,0,Nguyễn Thạnh,
Kinh tế,kinh te,Kinh tế phát triển,kinh te phat trien,2,ueh_repository,UEH/62563,Tác động của sự phát triển khu vực ngân hàng lên tăng trưởng kinh tế tại các quốc gia Châu Á,28.77,medium,partial_course_tokens_in_title; partial_course_tokens_in_secondary_text; exact_major_in_title,https://digital.lib.ueh.edu.vn/handle/UEH/62563,,,,,,2021,MASTER'S THESES,0,Nguyễn Thị Hồng,
Kinh tế,kinh te,Kinh tế phát triển,kinh te phat trien,3,ueh_repository,UEH/62599,Phát triển tài chính và tăng trưởng kinh tế :|bbằng chứng thực nghiệm tại một số quốc gia thuộc khu vực Đông Nam Á,28.77,medium,partial_course_tokens_in_title; partial_course_tokens_in_secondary_text; exact_major_in_title,https://digital.lib.ueh.edu.vn/handle/UEH/62599,,,,,,2021,MASTER'S THESES,0,Triệu Quang Hòa,
Kinh tế,kinh te,Kinh tế quốc tế,kinh te quoc te,1,tiki_book,14075308,Kinh Tế Quốc Tế - International Economics,99.0,high,exact_course_in_title; exact_course_in_secondary_text; exact_major_in_title,https://tiki.vn/kinh-te-quoc-te-international-economics-p14075308.html?spid=213515995,83000,0.0,0,8,economics; kinh tế phát triển; development economics; kinh tế quốc tế; international economics; kinh tế Việt Nam; kinh tế thế giới; behavioral economics,,,,,2.1972
Kinh tế,kinh te,Kinh tế quốc tế,kinh te quoc te,2,tiki_book,273677550,Kinh Tế Quốc Tế (KT),88.74,high,exact_course_in_title; exact_course_in_secondary_text; exact_major_in_title,https://tiki.vn/kinh-te-quoc-te-international-economics-p273677550.html?spid=273677553,88000,4.8,5,8,kinh tế học; kinh tế phát triển; kinh tế quốc tế; kinh tế Việt Nam; kinh tế thế giới; kinh tế học hành vi; thanh toán quốc tế,,,,,9.6849
Kinh tế,kinh te,Kinh tế quốc tế,kinh te quoc te,3,tiki_book,402866,Kinh Tế Quốc Tế,82.34,high,exact_course_in_title; partial_course_tokens_in_secondary_text; exact_major_in_title,https://tiki.vn/sach-kinh-te-quoc-te-p402866.html?spid=89424718,83000,4.6,7,39,kinh tế chính trị; thanh toán quốc tế,,,,,11.408
Kinh tế,kinh te,Kinh tế quốc tế,kinh te quoc te,1,ueh_repository,UEH/62501,Ngưỡng tác động của FDI lên tăng trưởng kinh tế ở các quốc gia châu Á,38.77,medium,partial_course_tokens_in_title; partial_course_tokens_in_secondary_text; exact_major_in_title,https://digital.lib.ueh.edu.vn/handle/UEH/62501,,,,,,2021,MASTER'S THESES,0,Phạm Thị Ngọc Ánh,
Kinh tế,kinh te,Kinh tế quốc tế,kinh te quoc te,2,ueh_repository,UEH/61003,Cơ sở pháp lý cho tổ chức và hoạt động của doanh nghiệp kinh doanh dịch vụ Logistics trong bối cảnh hội nhập quốc tế,24.77,low,partial_course_tokens_in_title; partial_course_tokens_in_secondary_text,https://digital.lib.ueh.edu.vn/handle/UEH/61003,,,,,,2020,MASTER'S THESES,0,Nguyễn Thị Cẩm Linh,
Kinh tế,kinh te,Kinh tế quốc tế,kinh te quoc te,3,ueh_repository,UEH/62563,Tác động của sự phát triển khu vực ngân hàng lên tăng trưởng kinh tế tại các quốc gia Châu Á,23.4,low,partial_course_tokens_in_title; partial_course_tokens_in_secondary_text; exact_major_in_title,https://digital.lib.ueh.edu.vn/handle/UEH/62563,,,,,,2021,MASTER'S THESES,0,Nguyễn Thị Hồng,
Kinh tế,kinh te,Kinh tế vi mô,kinh te vi mo,1,tiki_book,1197799,Tóm Tắt - Bài Tập - Trắc Nghiệm Kinh Tế Vĩ Mô,91.57,high,exact_course_in_title; exact_course_in_secondary_text; exact_major_in_title,https://tiki.vn/tom-tat-bai-tap-trac-nghiem-kinh-te-vi-mo-p1197799.html?spid=74570330,90000,5.0,137,571,kinh tế vi mô,,,,,18.74
Kinh tế,kinh te,Kinh tế vi mô,kinh te vi mo,2,tiki_book,532348,Kinh Tế Vĩ Mô,91.57,high,exact_course_in_title; exact_course_in_secondary_text; exact_major_in_title,https://tiki.vn/sach-kinh-te-vi-mo-p532348.html?spid=89424634,50400,4.6,10,96,kinh tế vi mô; kinh tế chính trị,,,,,12.7716
Kinh tế,kinh te,Kinh tế vi mô,kinh te vi mo,3,tiki_book,273252822,- Combo Kinh Tế Vĩ Mô và Tóm Tắt - Bài Tập - Trắc Nghiệm Kinh Tế Vĩ Mô,91.57,high,exact_course_in_title; exact_course_in_secondary_text; exact_major_in_title,https://tiki.vn/sach-combo-kinh-te-vi-mo-va-tom-tat-bai-tap-trac-nghiem-kinh-te-vi-mo-p273252822.html?spid=273252823,180000,4.7,3,21,kinh tế vi mô,,,,,9.8705
Kinh tế,kinh te,Kinh tế vi mô,kinh te vi mo,1,ueh_repository,UEH/61183,"Đặc điểm công ty, các biến số kinh tế vĩ mô và giá chứng khoán: bằng chứng thực nghiệm tại Hose",84.72,high,exact_course_in_title; exact_course_in_secondary_text; exact_major_in_title,https://digital.lib.ueh.edu.vn/handle/UEH/61183,,,,,,2020,MASTER'S THESES,0,Nguyễn Thị Anh Thy,
Kinh tế,kinh te,Kinh tế vi mô,kinh te vi mo,2,ueh_repository,UEH/61311,"Các giai đoạn, đại dịch và hậu covid-19, phối hợp giữa chính sách tài khóa và chính sách tiền tệ - trường hợp Việt Nam",21.62,low,partial_course_tokens_in_title; exact_course_in_secondary_text,https://digital.lib.ueh.edu.vn/handle/UEH/61311,,,,,,2020,MASTER'S THESES,0,Nguyễn Đăng Tiên Kỳ,
Kinh tế,kinh te,Kinh tế vi mô,kinh te vi mo,3,ueh_repository,UEH/61440,Phân tích hành vi tuân thủ thuế của doanh nghiệp - nghiên cứu điển hình cục thuế tỉnh Tiền Giang,21.41,low,partial_course_tokens_in_title; exact_course_in_secondary_text,https://digital.lib.ueh.edu.vn/handle/UEH/61440,,,,,,2020,MASTER'S THESES,0,Trần Lệ Trinh,
Kinh tế,kinh te,Kinh tế vĩ mô,kinh te vi mo,1,tiki_book,1197799,Tóm Tắt - Bài Tập - Trắc Nghiệm Kinh Tế Vĩ Mô,91.57,high,exact_course_in_title; exact_course_in_secondary_text; exact_major_in_title,https://tiki.vn/tom-tat-bai-tap-trac-nghiem-kinh-te-vi-mo-p1197799.html?spid=74570330,90000,5.0,137,571,kinh tế vi mô,,,,,18.74
Kinh tế,kinh te,Kinh tế vĩ mô,kinh te vi mo,2,tiki_book,532348,Kinh Tế Vĩ Mô,91.57,high,exact_course_in_title; exact_course_in_secondary_text; exact_major_in_title,https://tiki.vn/sach-kinh-te-vi-mo-p532348.html?spid=89424634,50400,4.6,10,96,kinh tế vi mô; kinh tế chính trị,,,,,12.7716
Kinh tế,kinh te,Kinh tế vĩ mô,kinh te vi mo,3,tiki_book,273252822,- Combo Kinh Tế Vĩ Mô và Tóm Tắt - Bài Tập - Trắc Nghiệm Kinh Tế Vĩ Mô,91.57,high,exact_course_in_title; exact_course_in_secondary_text; exact_major_in_title,https://tiki.vn/sach-combo-kinh-te-vi-mo-va-tom-tat-bai-tap-trac-nghiem-kinh-te-vi-mo-p273252822.html?spid=273252823,180000,4.7,3,21,kinh tế vi mô,,,,,9.8705
Kinh tế,kinh te,Kinh tế vĩ mô,kinh te vi mo,1,ueh_repository,UEH/61183,"Đặc điểm công ty, các biến số kinh tế vĩ mô và giá chứng khoán: bằng chứng thực nghiệm tại Hose",84.72,high,exact_course_in_title; exact_course_in_secondary_text; exact_major_in_title,https://digital.lib.ueh.edu.vn/handle/UEH/61183,,,,,,2020,MASTER'S THESES,0,Nguyễn Thị Anh Thy,
Kinh tế,kinh te,Kinh tế vĩ mô,kinh te vi mo,2,ueh_repository,UEH/61311,"Các giai đoạn, đại dịch và hậu covid-19, phối hợp giữa chính sách tài khóa và chính sách tiền tệ - trường hợp Việt Nam",21.62,low,partial_course_tokens_in_title; exact_course_in_secondary_text,https://digital.lib.ueh.edu.vn/handle/UEH/61311,,,,,,2020,MASTER'S THESES,0,Nguyễn Đăng Tiên Kỳ,
Kinh tế,kinh te,Kinh tế vĩ mô,kinh te vi mo,3,ueh_repository,UEH/61440,Phân tích hành vi tuân thủ thuế của doanh nghiệp - nghiên cứu điển hình cục thuế tỉnh Tiền Giang,21.41,low,partial_course_tokens_in_title; exact_course_in_secondary_text,https://digital.lib.ueh.edu.vn/handle/UEH/61440,,,,,,2020,MASTER'S THESES,0,Trần Lệ Trinh,
Kinh tế,kinh te,Lịch sử các học thuyết kinh tế,lich su cac hoc thuyet kinh te,1,tiki_book,276765025,"Combo Sách Tìm Hiểu Về Kinh Tế Thế Giới: Đồng Tiền Lên Ngôi - Lịch Sử Tài Chính Thế Giới + Các Triết Gia Thế Tục - Cuộc Đời, Thời Đại Và Tư Tưởng Của Các Nhà Kinh Tế Vĩ Đại (Omega Plus)",22.28,low,partial_course_tokens_in_title; partial_course_tokens_in_secondary_text; exact_major_in_title,https://tiki.vn/combo-sach-tim-hieu-ve-kinh-te-the-gioi-dong-tien-len-ngoi-lich-su-tai-chinh-the-gioi-cac-triet-gia-the-tuc-cuoc-doi-thoi-dai-va-tu-tuong-cua-cac-nha-kinh-te-vi-dai-omega-plus-p276765025.html?spid=276765026,446000,0.0,0,,kinh tế thế giới,,,,,0.0
Kinh tế,kinh te,Lịch sử các học thuyết kinh tế,lich su cac hoc thuyet kinh te,2,tiki_book,195792313,Tinh Hoa Kinh Tế Học (Essentials Of Economics) - Tặng sổ tay xương rồng,20.81,low,partial_course_tokens_in_title; partial_course_tokens_in_secondary_text; exact_major_in_title,https://tiki.vn/sach-tinh-hoa-kinh-te-hoc-essentials-of-economics-tang-so-tay-xuong-rong-p195792313.html?spid=195792314,595000,5.0,2,29,sách kinh tế học; kinh tế học; economics; nguyên lý kinh tế học; development economics; international economics; kinh tế học hành vi; behavioral economics,,,,,10.0491
Kinh tế,kinh te,Lịch sử các học thuyết kinh tế,lich su cac hoc thuyet kinh te,3,tiki_book,73609401,"Tinh Hoa Kinh Tế Học (Essentials Of Economics) - Paul Krugman, Robin Wells - PACE Books",20.81,low,partial_course_tokens_in_title; partial_course_tokens_in_secondary_text; exact_major_in_title,https://tiki.vn/sach-tinh-hoa-kinh-te-hoc-essentials-of-economics-paul-krugman-robin-wells-pace-books-p73609401.html?spid=222705389,505750,0.0,0,15,sách kinh tế học; economics; nguyên lý kinh tế học; development economics; international economics; behavioral economics,,,,,2.7726
Kinh tế,kinh te,Lịch sử các học thuyết kinh tế,lich su cac hoc thuyet kinh te,1,ueh_repository,UEH/61322,Nghiên cứu về các nhân tố ảnh hưởng đến trải nghiệm sự hứng thú hăng say - học tập & hiệu quả học tập qua kênh học trực tuyến của sinh viên Đại Học Kinh Tế Tp. Hồ Chí Minh,13.94,low,partial_course_tokens_in_title; partial_course_tokens_in_secondary_text; exact_major_in_title,https://digital.lib.ueh.edu.vn/handle/UEH/61322,,,,,,2021,MASTER'S THESES,0,Nguyễn Tú Văn,
Kinh tế,kinh te,Lịch sử các học thuyết kinh tế,lich su cac hoc thuyet kinh te,2,ueh_repository,UEH/62520,Hướng tới Đại học thông minh thông qua chuyển đổi số toàn diện: trường hợp Đại học Kinh tế TP.HCM,12.55,low,partial_course_tokens_in_title; partial_course_tokens_in_secondary_text; exact_major_in_title,https://digital.lib.ueh.edu.vn/handle/UEH/62520,,,,,,2021,Book Series,0,Bùi Quang Hùng; Nguyễn Đông Phong; Phan Thị Bảo Quyên; Phan Tấn Lực; Lê Nhật Hạnh,
Kinh tế,kinh te,Lịch sử các học thuyết kinh tế,lich su cac hoc thuyet kinh te,3,ueh_repository,UEH/62523,Chuyển đổi số trong giáo dục: Blended Learning tại trường Đại học Kinh tế TP.HCM,12.55,low,partial_course_tokens_in_title; partial_course_tokens_in_secondary_text; exact_major_in_title,https://digital.lib.ueh.edu.vn/handle/UEH/62523,,,,,,2021,Book Series,0,TS. Đinh Tiên Minh; ThS. Võ Hà Quang Định,
Kinh tế đầu tư,kinh te dau tu,Chính sách đầu tư,chinh sach dau tu,1,tiki_book,36827338,Chiến Lược Đầu Tư Chứng Khoán (Tái Bản 2018) [Sách Tài Chính & Đầu Tư / Tặng Kèm Postcard Greenlife],44.24,medium,partial_course_tokens_in_title; partial_course_tokens_in_secondary_text,https://tiki.vn/chien-luoc-dau-tu-chung-khoan-tai-ban-2018-sach-tai-chinh-dau-tu-tang-kem-postcard-greenlife-p36827338.html?spid=36827339,131002,5.0,4,20,đầu tư chứng khoán,,,,,10.4587
Kinh tế đầu tư,kinh te dau tu,Chính sách đầu tư,chinh sach dau tu,2,tiki_book,278100492,"Bí Mật Vị Thế Tài Chính - Quản lý Tài chính cá nhân và Xây dựng sự thịnh vượng tốt nhất - Tác giả: Phan Quang Chiêu Cuốn sách mang đến tư duy toàn diện và mới mẻ về lĩnh vực tài chính cá nhân, tư duy quản trị tài chính đầu tư thịnh vượng..",40.95,medium,partial_course_tokens_in_title; partial_course_tokens_in_secondary_text,https://tiki.vn/sach-bi-mat-vi-the-tai-chinh-quan-ly-tai-chinh-ca-nhan-va-xay-dung-su-thinh-vuong-tot-nhat-tac-gia-phan-quang-chieu-p278100492.html?spid=278100493,289000,0.0,0,24,chính sách tài khóa; sách tài chính,,,,,3.2189
Kinh tế đầu tư,kinh te dau tu,Chính sách đầu tư,chinh sach dau tu,3,tiki_book,184084714,Đầu tư tài chính thông minh - 1980books,31.44,medium,partial_course_tokens_in_title; strong_course_tokens_in_secondary_text,https://tiki.vn/dau-tu-tai-chinh-thong-minh-1980books-p184084714.html?spid=184084715,179250,0.0,0,6,phân tích tài chính; đầu tư,,,,,1.9459
Kinh tế đầu tư,kinh te dau tu,Chính sách đầu tư,chinh sach dau tu,1,ueh_repository,UEH/63558,"Chính sách tiền tệ, nắm giữ tiền mặt và đầu tư doanh nghiệp: Bằng chứng thực nghiệm tại Việt Nam",17.3,low,partial_course_tokens_in_title; partial_course_tokens_in_secondary_text,https://digital.lib.ueh.edu.vn/handle/UEH/63558,,,,,,2021,MASTER'S THESES,0,Trần Lê Lam Ngọc,
Kinh tế đầu tư,kinh te dau tu,Chính sách đầu tư,chinh sach dau tu,2,ueh_repository,UEH/62949,Các nhân tố ảnh hưởng đến chất lượng thông tin báo cáo tài chính của các doanh nghiệp có vốn đầu tư nước ngoài – trường hợp nghiên cứu tại Bình Dương,17.28,low,partial_course_tokens_in_title; partial_course_tokens_in_secondary_text,https://digital.lib.ueh.edu.vn/handle/UEH/62949,,,,,,2021,MASTER'S THESES,0,Lê Hữu Thanh Tuấn,
Kinh tế đầu tư,kinh te dau tu,Chính sách đầu tư,chinh sach dau tu,3,ueh_repository,UEH/61368,Tác động của đòn bẩy tài chính đến độ nhạy cảm giữa đầu tư và dòng tiền của các công ty niêm yết Việt Nam,17.2,low,partial_course_tokens_in_title; partial_course_tokens_in_secondary_text,https://digital.lib.ueh.edu.vn/handle/UEH/61368,,,,,,2021,MASTER'S THESES,0,Nguyễn Thị Trà My,
Kinh tế đầu tư,kinh te dau tu,Kinh tế đầu tư công,kinh te dau tu cong,1,tiki_book,277941175,Luật Đầu tư công 2024,20.42,low,partial_course_tokens_in_title; partial_course_tokens_in_secondary_text,https://tiki.vn/luat-dau-tu-cong-hien-hanh-sua-doi-bo-sung-nam-2020-2022-p277941175.html?spid=277941178,36000,0.0,0,13,luật đầu tư,,,,,2.6391
Kinh tế đầu tư,kinh te dau tu,Kinh tế đầu tư công,kinh te dau tu cong,2,tiki_book,278523323,"Luật Đầu tư công năm 2024 (sửa đổi, bổ sung năm 2025)",20.42,low,partial_course_tokens_in_title; partial_course_tokens_in_secondary_text,https://tiki.vn/luat-dau-tu-cong-nam-2024-sua-doi-bo-sung-nam-2025-p278523323.html?spid=278523324,72000,0.0,0,3,luật đầu tư,,,,,1.3863
Kinh tế đầu tư,kinh te dau tu,Kinh tế đầu tư công,kinh te dau tu cong,3,tiki_book,277834605,Luật Đầu Tư Công Năm 2024,20.42,low,partial_course_tokens_in_title; partial_course_tokens_in_secondary_text,https://tiki.vn/luat-dau-tu-cong-nam-2024-p277834605.html?spid=277834606,42500,0.0,0,1,luật đầu tư,,,,,0.6931
Kinh tế đầu tư,kinh te dau tu,Kinh tế đầu tư công,kinh te dau tu cong,1,ueh_repository,UEH/63520,"Các yếu tố ảnh hưởng đến hiệu quả đầu tư công tại huyện Trần Đề, tỉnh Sóc Trăng",21.38,low,partial_course_tokens_in_title; partial_course_tokens_in_secondary_text,https://digital.lib.ueh.edu.vn/handle/UEH/63520,,,,,,2022,MASTER'S THESES,0,Dương Ngọc Nữ,
Kinh tế đầu tư,kinh te dau tu,Kinh tế đầu tư công,kinh te dau tu cong,2,ueh_repository,UEH/62552,"Giám sát của hội đồng nhân dân đối với các dự án đầu tư công tại huyện Cần Giờ, Thành Phố Hồ Chí Minh",21.38,low,partial_course_tokens_in_title; partial_course_tokens_in_secondary_text,https://digital.lib.ueh.edu.vn/handle/UEH/62552,,,,,,2021,MASTER'S THESES,0,Phan Lê Phượng Hằng,
Kinh tế đầu tư,kinh te dau tu,Kinh tế đầu tư công,kinh te dau tu cong,3,ueh_repository,UEH/62627,Giám sát của Hội đồng nhân dân Thành phố Hồ Chí Minh đối với các dự án đầu tư công,21.38,low,partial_course_tokens_in_title; partial_course_tokens_in_secondary_text,https://digital.lib.ueh.edu.vn/handle/UEH/62627,,,,,,2021,MASTER'S THESES,0,Nguyễn Thanh Hiếu,
Kinh tế đầu tư,kinh te dau tu,Phân tích dự án đầu tư,phan tich du an dau tu,1,tiki_book,63822864,Phân tích kinh tế - kỹ thuật các dự án đầu tư xây dựng,38.74,medium,partial_course_tokens_in_title; partial_course_tokens_in_secondary_text,https://tiki.vn/sach-phan-tich-kinh-te-ky-thuat-cac-du-an-dau-tu-xay-dung-p63822864.html?spid=111196672,194020,4.8,4,41,phân tích kỹ thuật,,,,,10.9518
Kinh tế đầu tư,kinh te dau tu,Phân tích dự án đầu tư,phan tich du an dau tu,2,tiki_book,165700244,Phân Tích Kinh Tế - Kỹ Thuật Các Dự Án Đầu Tư Xây Dựng ( Tặng Kèm Sổ Tay),38.74,medium,partial_course_tokens_in_title; partial_course_tokens_in_secondary_text,https://tiki.vn/phan-tich-kinh-te-ky-thuat-cac-du-an-dau-tu-xay-dung-tang-kem-so-tay-p165700244.html?spid=165700245,152600,0.0,0,19,phân tích kỹ thuật,,,,,2.9957
Kinh tế đầu tư,kinh te dau tu,Phân tích dự án đầu tư,phan tich du an dau tu,3,tiki_book,206124615,Phục hồi và phân tích dữ liệu điện tử,30.42,medium,partial_course_tokens_in_title; partial_course_tokens_in_secondary_text,https://tiki.vn/phuc-hoi-va-phan-tich-du-lieu-dien-tu-p206124615.html?spid=206124622,175000,5.0,1,4,phân tích dữ liệu; Excel phân tích dữ liệu,,,,,7.6492
Kinh tế đầu tư,kinh te dau tu,Phân tích dự án đầu tư,phan tich du an dau tu,1,ueh_repository,UEH/61333,Phân tích các yếu tố ảnh hưởng tới việc hoàn thành dự án đầu tư theo hình thức đối tác công tư (PPP) tại thành phố Hồ Chí Minh,36.09,medium,partial_course_tokens_in_title; partial_course_tokens_in_secondary_text,https://digital.lib.ueh.edu.vn/handle/UEH/61333,,,,,,2020,MASTER'S THESES,0,Hồ Việt Anh,
Kinh tế đầu tư,kinh te dau tu,Phân tích dự án đầu tư,phan tich du an dau tu,2,ueh_repository,UEH/63680,Quản lý vốn ngân sách nhà nước đối với dự án đầu tư xây dựng các tuyến đường sắt đô thị tại Thành phố Hồ Chí Minh,29.54,medium,partial_course_tokens_in_title; partial_course_tokens_in_secondary_text,https://digital.lib.ueh.edu.vn/handle/UEH/63680,,,,,,2022,MASTER'S THESES,0,Bùi Bá Thịnh,
Kinh tế đầu tư,kinh te dau tu,Phân tích dự án đầu tư,phan tich du an dau tu,3,ueh_repository,UEH/62960,Nâng cao quản trị rủi ro các dự án đầu tư tại Ban quản lý dự án hạ tầng II – Tổng công ty Hạ tầng mạng (VNPT NET),28.32,medium,partial_course_tokens_in_title; partial_course_tokens_in_secondary_text,https://digital.lib.ueh.edu.vn/handle/UEH/62960,,,,,,2021,MASTER'S THESES,0,Trần Minh Hậu,
Kinh tế đầu tư,kinh te dau tu,Quản lý đầu tư,quan ly dau tu,1,tiki_book,196193408,TRIẾT LÝ ĐẦU TƯ CỦA WARREN BUFFETT - Glen Arnold (tác giả bán chạy số 1 với The financial guide to investing) – 1980books – bìa mềm,39.4,medium,partial_course_tokens_in_title,https://tiki.vn/triet-ly-dau-tu-cua-warren-buffett-glen-arnold-tac-gia-ban-chay-so-1-voi-the-financial-guide-to-investing-1980books-bia-mem-p196193408.html?spid=277074546,229000,0.0,0,,financial statement; financial accounting,,,,,0.0
Kinh tế đầu tư,kinh te dau tu,Quản lý đầu tư,quan ly dau tu,2,tiki_book,109882306,Combo Sách - Cẩm Nang Đầu Tư Và Quản Lý Tài Chính Cá Nhân + Tài Chính Dành Cho Nhà Quản Lý,21.43,low,partial_course_tokens_in_title,https://tiki.vn/combo-sach-cam-nang-dau-tu-va-quan-ly-tai-chinh-ca-nhan-tai-chinh-danh-cho-nha-quan-ly-p109882306.html?spid=112240475,259500,5.0,1,2,tài chính cá nhân,,,,,7.1383
Kinh tế đầu tư,kinh te dau tu,Quản lý đầu tư,quan ly dau tu,3,tiki_book,278100492,"Bí Mật Vị Thế Tài Chính - Quản lý Tài chính cá nhân và Xây dựng sự thịnh vượng tốt nhất - Tác giả: Phan Quang Chiêu Cuốn sách mang đến tư duy toàn diện và mới mẻ về lĩnh vực tài chính cá nhân, tư duy quản trị tài chính đầu tư thịnh vượng..",21.43,low,partial_course_tokens_in_title,https://tiki.vn/sach-bi-mat-vi-the-tai-chinh-quan-ly-tai-chinh-ca-nhan-va-xay-dung-su-thinh-vuong-tot-nhat-tac-gia-phan-quang-chieu-p278100492.html?spid=278100493,289000,0.0,0,24,chính sách tài khóa; sách tài chính,,,,,3.2189
Kinh tế đầu tư,kinh te dau tu,Quản lý đầu tư,quan ly dau tu,1,ueh_repository,UEH/63680,Quản lý vốn ngân sách nhà nước đối với dự án đầu tư xây dựng các tuyến đường sắt đô thị tại Thành phố Hồ Chí Minh,22.13,low,partial_course_tokens_in_title; partial_course_tokens_in_secondary_text,https://digital.lib.ueh.edu.vn/handle/UEH/63680,,,,,,2022,MASTER'S THESES,0,Bùi Bá Thịnh,
Kinh tế đầu tư,kinh te dau tu,Quản lý đầu tư,quan ly dau tu,2,ueh_repository,UEH/63546,Quản lý nhà nước về thu hút vốn đầu tư trực tiếp nước ngoài vào Thủ đô Viêng Chăn nước CHDCND Lào,22.13,low,partial_course_tokens_in_title; partial_course_tokens_in_secondary_text,https://digital.lib.ueh.edu.vn/handle/UEH/63546,,,,,,2021,MASTER'S THESES,0,Phansavath Boutdakham,
Kinh tế đầu tư,kinh te dau tu,Quản lý đầu tư,quan ly dau tu,3,ueh_repository,UEH/63261,"Quản lý vốn đầu tư xây dựng cơ bản từ nguồn vốn ngân sách nhà nước tại thành phố Bà Rịa, tỉnh Bà Rịa Vũng Tàu",22.04,low,partial_course_tokens_in_title; partial_course_tokens_in_secondary_text,https://digital.lib.ueh.edu.vn/handle/UEH/63261,,,,,,2022,MASTER'S THESES,0,Trương Tấn Ngọc,
Kinh tế đầu tư,kinh te dau tu,Rủi ro trong đầu tư,rui ro trong dau tu,1,tiki_book,202217457,THE LITTLE BOOK - Quản trị rủi ro trong đầu tư chứng khoán,73.37,high,exact_course_in_title; partial_course_tokens_in_secondary_text,https://tiki.vn/the-little-book-quan-tri-rui-ro-trong-dau-tu-chung-khoan-p202217457.html?spid=202217458,189000,0.0,0,16,quản trị rủi ro ngân hàng,,,,,2.8332
Kinh tế đầu tư,kinh te dau tu,Rủi ro trong đầu tư,rui ro trong dau tu,2,tiki_book,278878816,- Zero Risk Startup – Khởi nghiệp không rủi ro – Paulo AndrezPaulo Andrez,20.39,low,partial_course_tokens_in_title,https://tiki.vn/sach-zero-risk-startup-khoi-nghiep-khong-rui-ro-paulo-andrezpaulo-andrez-p278878816.html?spid=278878817,190000,5.0,1,2,lean startup,,,,,7.1383
Kinh tế đầu tư,kinh te dau tu,Rủi ro trong đầu tư,rui ro trong dau tu,3,tiki_book,279112308,- Zero Risk Startup - Khởi Nghiệp Không Rủi Ro,20.39,low,partial_course_tokens_in_title,https://tiki.vn/sach-zero-risk-startup-khoi-nghiep-khong-rui-ro-p279112308.html?spid=279112309,152000,0.0,0,4,lean startup,,,,,1.6094
Kinh tế đầu tư,kinh te dau tu,Rủi ro trong đầu tư,rui ro trong dau tu,1,ueh_repository,UEH/63932,"Ảnh hưởng của một số tính cách đến dự định đầu tư cổ phiếu của các nhà đầu tư cá nhân trên thị trường chứng khoán Việt Nam: Vai trò trung gian của nhận thức rủi ro, nhận thức không chắc chắn và kết quả đầu tư",20.85,low,partial_course_tokens_in_title; partial_course_tokens_in_secondary_text,https://digital.lib.ueh.edu.vn/handle/UEH/63932,,,,,,2022,DISSERTATIONS,0,Nguyễn Hữu Thọ,
Kinh tế đầu tư,kinh te dau tu,Rủi ro trong đầu tư,rui ro trong dau tu,2,ueh_repository,UEH/63512,Hoàn thiện công tác quản trị rủi ro tín dụng tại Ngân hàng TMCP Đầu tư và Phát triển Việt Nam Chi nhánh Vĩnh Long,20.85,low,partial_course_tokens_in_title; partial_course_tokens_in_secondary_text,https://digital.lib.ueh.edu.vn/handle/UEH/63512,,,,,,2021,MASTER'S THESES,0,Nguyễn Thị Huệ Tâm,
Kinh tế đầu tư,kinh te dau tu,Rủi ro trong đầu tư,rui ro trong dau tu,3,ueh_repository,UEH/61173,Các nhân tố ảnh hưởng đến rủi ro tín dụng tại Ngân hàng TMCP Đầu tư và Phát triển Việt Nam,20.85,low,partial_course_tokens_in_title; partial_course_tokens_in_secondary_text,https://digital.lib.ueh.edu.vn/handle/UEH/61173,,,,,,2020,MASTER'S THESES,0,Trần Thị Diễm Oanh,
Kinh tế đầu tư,kinh te dau tu,Thẩm định dự án,tham dinh du an,1,tiki_book,277392524,- Quản Lý Dự Án Xây Dựng - Lập Và Thẩm Định Dự Án - TS. Bùi Ngọc Toàn - NXB Xây Dựng,98.06,high,exact_course_in_title; partial_course_tokens_in_secondary_text,https://tiki.vn/sach-quan-ly-du-an-xay-dung-lap-va-tham-dinh-du-an-ts-bui-ngoc-toan-nxb-xay-dung-p277392524.html?spid=279333156,119560,0.0,0,,quản trị dự án,,,,,0.0
Kinh tế đầu tư,kinh te dau tu,Thẩm định dự án,tham dinh du an,2,tiki_book,278809094,"Luật Kiểm Toán Nhà Nước - Pháp Lệnh Xử Phạt Vi Phạm Hành Chính Trong Lĩnh Vực Kiểm Toán, Lập Thẩm Định Và Ban Hành Kế Hoạch Kiểm Toán",33.82,medium,partial_course_tokens_in_title,https://tiki.vn/luat-kiem-toan-nha-nuoc-phap-lenh-xu-phat-vi-pham-hanh-chinh-trong-linh-vuc-kiem-toan-lap-tham-dinh-va-ban-hanh-ke-hoach-kiem-toan-p278809094.html?spid=278809095,275000,0.0,0,,sách kiểm toán; kiểm toán nội bộ,,,,,0.0
Kinh tế đầu tư,kinh te dau tu,Thẩm định dự án,tham dinh du an,3,tiki_book,278865974,- Sài Gòn Du Ký - Sài Gòn Travelogue - Nào Cùng Ghé Thăm - Chợ Bến Thành - Let's Visit Bến Thành Market,18.47,low,partial_course_tokens_in_title,https://tiki.vn/sach-sai-gon-du-ky-sai-gon-travelogue-nao-cung-ghe-tham-cho-ben-thanh-let-s-visit-ben-thanh-market-p278865974.html?spid=278865975,61800,0.0,0,2,stock market,,,,,1.0986
Kinh tế đầu tư,kinh te dau tu,Thẩm định dự án,tham dinh du an,1,ueh_repository,UEH/61235,Giải pháp nâng cao chất lượng thẩm định tín dụng khách hàng cá nhân tại Ngân hàng Thương mại Cổ phần Tiên Phong - Khu vực phía Nam,41.85,medium,partial_course_tokens_in_title; strong_course_tokens_in_secondary_text,https://digital.lib.ueh.edu.vn/handle/UEH/61235,,,,,,2020,MASTER'S THESES,0,Trần Vũ Hồng Tân,
Kinh tế đầu tư,kinh te dau tu,Thẩm định dự án,tham dinh du an,2,ueh_repository,UEH/61121,"Sự tham gia của người dân vào các dự án tái định cư trên địa bàn thành phố Bà Rịa, tỉnh Bà Rịa - Vũng Tàu",26.16,medium,partial_course_tokens_in_title; partial_course_tokens_in_secondary_text,https://digital.lib.ueh.edu.vn/handle/UEH/61121,,,,,,2020,MASTER'S THESES,0,Lê Văn Minh,
Kinh tế đầu tư,kinh te dau tu,Thẩm định dự án,tham dinh du an,3,ueh_repository,UEH/61457,Các yếu tố ảnh hưởng đến hành vi dự định tham gia của người dân vào chương trình giảm nghèo bền vững trên địa bàn Quận Phú Nhuận Thành Phố Hồ Chí Minh,26.08,medium,partial_course_tokens_in_title; partial_course_tokens_in_secondary_text,https://digital.lib.ueh.edu.vn/handle/UEH/61457,,,,,,2020,MASTER'S THESES,0,Vương Hữu Ái Linh,
Kiến trúc và thiết kế đô thị thông minh,kien truc va thiet ke do thi thong minh,Công nghệ BIM,cong nghe bim,1,tiki_book,53259393,- Mẹ Bỉm Sữa Kinh Doanh Online DL,42.57,medium,partial_course_tokens_in_title,https://tiki.vn/sach-me-bim-sua-kinh-doanh-online-dl-p53259393.html?spid=53259395,157440,5.0,1,5,kinh doanh online,,,,,7.8315
Kiến trúc và thiết kế đô thị thông minh,kien truc va thiet ke do thi thong minh,Công nghệ BIM,cong nghe bim,2,tiki_book,276956044,- Mẹ Bỉm Sữa Kinh Doanh Online - MCBooks,42.57,medium,partial_course_tokens_in_title,https://tiki.vn/sach-me-bim-sua-kinh-doanh-online-mcbooks-p276956044.html?spid=276956045,192000,0.0,0,,kinh doanh online,,,,,0.0
Kiến trúc và thiết kế đô thị thông minh,kien truc va thiet ke do thi thong minh,Công nghệ BIM,cong nghe bim,3,tiki_book,219161764,Chuẩn kỹ năng công nghệ thông tin cơ bản phần thi buổi sáng tập 1,28.88,low,partial_course_tokens_in_title; partial_course_tokens_in_secondary_text,https://tiki.vn/sach-chuan-ky-nang-cong-nghe-thong-tin-co-ban-phan-thi-buoi-sang-tap-1-p219161764.html?spid=219161767,88000,5.0,2,6,công nghệ thông tin; sách công nghệ thông tin,,,,,8.5938
Kiến trúc và thiết kế đô thị thông minh,kien truc va thiet ke do thi thong minh,Công nghệ BIM,cong nghe bim,1,ueh_repository,UEH/61136,Nghiên cứu xây dựng hệ thống lưu trữ và truy xuất thông tin bất động sản dựa vào công nghệ Blockchain và Smart contract,19.85,low,partial_course_tokens_in_title; partial_course_tokens_in_secondary_text,https://digital.lib.ueh.edu.vn/handle/UEH/61136,,,,,,2020,MASTER'S THESES,0,Bùi Thanh Bá Vương,
Kiến trúc và thiết kế đô thị thông minh,kien truc va thiet ke do thi thong minh,Công nghệ BIM,cong nghe bim,2,ueh_repository,UEH/62787,Các yếu tố ảnh hưởng đến quá trình chia sẻ tri thức và năng lực đổi mới của tổ chức: nghiên cứu trường hợp các công ty công nghệ thông tin phần mềm tại Thành phố Hồ Chí Minh,19.8,low,partial_course_tokens_in_title; partial_course_tokens_in_secondary_text,https://digital.lib.ueh.edu.vn/handle/UEH/62787,,,,,,2021,MASTER'S THESES,0,Đinh Võ Quan,
Kiến trúc và thiết kế đô thị thông minh,kien truc va thiet ke do thi thong minh,Công nghệ BIM,cong nghe bim,3,ueh_repository,UEH/62870,Giải pháp nâng cao sự hài lòng của sinh viên đối với chất lượng đào tạo trực tuyến ở Trường Cao đẳng Công nghệ và Quản trị Sonadezi,19.8,low,partial_course_tokens_in_title; partial_course_tokens_in_secondary_text,https://digital.lib.ueh.edu.vn/handle/UEH/62870,,,,,,2021,MASTER'S THESES,0,Nguyễn Thị Hồng Nhung,
Kiến trúc và thiết kế đô thị thông minh,kien truc va thiet ke do thi thong minh,Hệ thống GIS đô thị,he thong gis do thi,1,tiki_book,533012,"Chế Độ Kế Toán Doanh Nghiệp - Quyển 2: Báo Cáo Tài Chính, Chứng Từ Và Sổ Kế Toán, Hệ Thống Sơ Đồ Kế Toán",14.93,low,partial_course_tokens_in_title,https://tiki.vn/sach-che-do-ke-toan-doanh-nghiep-quyen-2-bao-cao-tai-chinh-chung-tu-va-so-ke-toan-he-thong-so-do-ke-toan-p533012.html?spid=166248020,48000,0.0,0,1,nguyên lý kế toán; chuẩn mực kế toán; kiểm toán báo cáo tài chính,,,,,0.6931
Kiến trúc và thiết kế đô thị thông minh,kien truc va thiet ke do thi thong minh,Hệ thống GIS đô thị,he thong gis do thi,2,tiki_book,278478640,"Luật Thương Mại, Luật Quản Lý Ngoại Thương – Hệ Thống Văn Bản Quy Định Hướng Dẫn Chi Tiết Thi Hành - V2590T",14.52,low,partial_course_tokens_in_title,https://tiki.vn/sach-luat-thuong-mai-luat-quan-ly-ngoai-thuong-he-thong-van-ban-quy-dinh-huong-dan-chi-tiet-thi-hanh-v2590t-p278478640.html?spid=278478641,350000,0.0,0,1,luật thương mại,,,,,0.6931
Kiến trúc và thiết kế đô thị thông minh,kien truc va thiet ke do thi thong minh,Hệ thống GIS đô thị,he thong gis do thi,3,tiki_book,278904247,Luật Đầu Tư Công - Hệ Thống Các Văn Bản Quy Định Chi Tiết Thi Hành,14.52,low,partial_course_tokens_in_title,https://tiki.vn/luat-dau-tu-cong-he-thong-cac-van-ban-quy-dinh-chi-tiet-thi-hanh-p278904247.html?spid=278904248,440000,0.0,0,1,luật đầu tư,,,,,0.6931
Kiến trúc và thiết kế đô thị thông minh,kien truc va thiet ke do thi thong minh,Hệ thống GIS đô thị,he thong gis do thi,1,ueh_repository,UEH/63042,Các nhân tố ảnh hưởng đến chất lượng báo cáo nghiên cứu khả thi dự án đầu tư: trường hợp các dự án đường sắt đô thị tại Thành phố Hồ Chí Minh,12.66,low,partial_course_tokens_in_title; partial_course_tokens_in_secondary_text,https://digital.lib.ueh.edu.vn/handle/UEH/63042,,,,,,2021,MASTER'S THESES,0,Đỗ Thị Lê Hương,
Kiến trúc và thiết kế đô thị thông minh,kien truc va thiet ke do thi thong minh,Hệ thống GIS đô thị,he thong gis do thi,2,ueh_repository,UEH/61685,Thống kê trong kinh tế và kinh doanh. Chương 2: Thống kê mô tả - Trình bày bằng bảng đồ và đồ thị,11.33,low,partial_course_tokens_in_title; partial_course_tokens_in_secondary_text,https://digital.lib.ueh.edu.vn/handle/UEH/61685,,,,,,2016,Business Statistics-Data Analysis,0,David R. Anderson; Dennis J. Sweeney; Thomas A. Williams; Hoàng Trọng (Chủ biên dịch),
Kiến trúc và thiết kế đô thị thông minh,kien truc va thiet ke do thi thong minh,Hệ thống GIS đô thị,he thong gis do thi,3,ueh_repository,UEH/63680,Quản lý vốn ngân sách nhà nước đối với dự án đầu tư xây dựng các tuyến đường sắt đô thị tại Thành phố Hồ Chí Minh,10.99,low,partial_course_tokens_in_title; partial_course_tokens_in_secondary_text,https://digital.lib.ueh.edu.vn/handle/UEH/63680,,,,,,2022,MASTER'S THESES,0,Bùi Bá Thịnh,
Kiến trúc và thiết kế đô thị thông minh,kien truc va thiet ke do thi thong minh,Kiến trúc bền vững,kien truc ben vung,1,tiki_book,275873742,"Tây Ban Nha Ấn Tượng Kiến Trúc Xưa Và Nay (In màu) - Đặng Thái Hoàng, Bùi Phương Nga",22.58,low,partial_course_tokens_in_title,https://tiki.vn/tay-ban-nha-an-tuong-kien-truc-xua-va-nay-in-mau-dang-thai-hoang-bui-phuong-nga-p275873742.html?spid=275873743,82770,5.0,1,3,tiếng Tây Ban Nha,,,,,7.426
Kiến trúc và thiết kế đô thị thông minh,kien truc va thiet ke do thi thong minh,Kiến trúc bền vững,kien truc ben vung,2,tiki_book,131246718,Nghiên Cứu Bài Học Vì Cộng Đồng Học Tập - Sách hướng dẫn đổi mới nhà trường bền vững,17.38,low,partial_course_tokens_in_title,https://tiki.vn/nghien-cuu-bai-hoc-vi-cong-dong-hoc-tap-sach-huong-dan-doi-moi-nha-truong-ben-vung-p131246718.html?spid=131246719,65000,0.0,0,44,nghiên cứu thị trường,,,,,3.8067
Kiến trúc và thiết kế đô thị thông minh,kien truc va thiet ke do thi thong minh,Kiến trúc bền vững,kien truc ben vung,3,tiki_book,172328140,Đạo đức trong kinh doanh: Nền tảng để phát triển doanh nghiệp bền vững,17.33,low,partial_course_tokens_in_title,https://tiki.vn/dao-duc-trong-kinh-doanh-nen-tang-de-phat-trien-doanh-nghiep-ben-vung-p172328140.html?spid=172328141,89000,5.0,2,14,định giá doanh nghiệp,,,,,9.356
Kiến trúc và thiết kế đô thị thông minh,kien truc va thiet ke do thi thong minh,Kiến trúc bền vững,kien truc ben vung,1,ueh_repository,UEH/63734,Các nhân tố ảnh hưởng đến công bố báo cáo phát triển bền vững tại các công ty kinh doanh xăng dầu trực thuộc Tập đoàn Xăng dầu Việt Nam,20.47,low,partial_course_tokens_in_title; partial_course_tokens_in_secondary_text,https://digital.lib.ueh.edu.vn/handle/UEH/63734,,,,,,2022,DISSERTATIONS,0,Lê Anh Tuấn,
Kiến trúc và thiết kế đô thị thông minh,kien truc va thiet ke do thi thong minh,Kiến trúc bền vững,kien truc ben vung,2,ueh_repository,UEH/63605,Mức độ công bố thông tin phát triển bền vững trong mối quan hệ với chất lượng thông tin kế toán và hiệu quả hoạt động của các công ty niêm yết tại Việt Nam,16.52,low,partial_course_tokens_in_title; partial_course_tokens_in_secondary_text,https://digital.lib.ueh.edu.vn/handle/UEH/63605,,,,,,2022,DISSERTATIONS,0,Nguyễn Thị Thu Nguyệt,
Kiến trúc và thiết kế đô thị thông minh,kien truc va thiet ke do thi thong minh,Kiến trúc bền vững,kien truc ben vung,3,ueh_repository,UEH/62911,"Cải thiện sinh kế hộ nghèo, thoát nghèo bền vững trên địa bàn thị xã Vĩnh Châu, tỉnh Sóc Trăng",16.5,low,partial_course_tokens_in_title; partial_course_tokens_in_secondary_text,https://digital.lib.ueh.edu.vn/handle/UEH/62911,,,,,,2021,MASTER'S THESES,0,Dương Vĩnh Phú,
Kiến trúc và thiết kế đô thị thông minh,kien truc va thiet ke do thi thong minh,Quy hoạch đô thị,quy hoach do thi,1,tiki_book,278453817,"- Luật sửa đổi, bổ sung một số điều của Luật Quy hoạch, Luật Đầu tư, Luật Đầu tư theo phương thức đối tác công tư",21.05,low,partial_course_tokens_in_title,https://tiki.vn/sach-luat-sua-doi-bo-sung-mot-so-dieu-cua-luat-quy-hoach-luat-dau-tu-luat-dau-tu-theo-phuong-thuc-doi-tac-cong-tu-p278453817.html?spid=278453818,24000,0.0,0,1,luật đầu tư,,,,,0.6931
Kiến trúc và thiết kế đô thị thông minh,kien truc va thiet ke do thi thong minh,Quy hoạch đô thị,quy hoach do thi,2,tiki_book,207206885,Lý thuyết đồ thị và ứng dụng cài đặt bởi ngôn ngữ mạnh Python,18.8,low,partial_course_tokens_in_title,https://tiki.vn/ly-thuyet-do-thi-va-ung-dung-cai-dat-boi-ngon-ngu-manh-python-p207206885.html?spid=247661423,180000,1.0,1,10,Python,,,,,4.4376
Kiến trúc và thiết kế đô thị thông minh,kien truc va thiet ke do thi thong minh,Quy hoạch đô thị,quy hoach do thi,3,tiki_book,276310235,Giáo Trình Quản Trị Ngân Hàng - (PGS.TS. Đỗ Thị Kim Hảo - PGS.TS. Nguyễn Thùy Dương),18.8,low,partial_course_tokens_in_title,https://tiki.vn/giao-trinh-quan-tri-ngan-hang-pgs-ts-do-thi-kim-hao-pgs-ts-nguyen-thuy-duong-p276310235.html?spid=276310236,220000,0.0,0,2,nghiệp vụ ngân hàng; tín dụng ngân hàng; quản trị rủi ro ngân hàng,,,,,1.0986
Kiến trúc và thiết kế đô thị thông minh,kien truc va thiet ke do thi thong minh,Quy hoạch đô thị,quy hoach do thi,1,ueh_repository,UEH/61148,Thực trạng thực thi pháp luật về quy hoạch đô thị trên địa bàn tỉnh Cà Mau,100.0,high,exact_course_in_title; exact_course_in_secondary_text,https://digital.lib.ueh.edu.vn/handle/UEH/61148,,,,,,2020,MASTER'S THESES,0,Hồ Văn Chung,
Kiến trúc và thiết kế đô thị thông minh,kien truc va thiet ke do thi thong minh,Quy hoạch đô thị,quy hoach do thi,2,ueh_repository,UEH/63042,Các nhân tố ảnh hưởng đến chất lượng báo cáo nghiên cứu khả thi dự án đầu tư: trường hợp các dự án đường sắt đô thị tại Thành phố Hồ Chí Minh,25.89,medium,partial_course_tokens_in_title; strong_course_tokens_in_secondary_text,https://digital.lib.ueh.edu.vn/handle/UEH/63042,,,,,,2021,MASTER'S THESES,0,Đỗ Thị Lê Hương,
Kiến trúc và thiết kế đô thị thông minh,kien truc va thiet ke do thi thong minh,Quy hoạch đô thị,quy hoach do thi,3,ueh_repository,UEH/63680,Quản lý vốn ngân sách nhà nước đối với dự án đầu tư xây dựng các tuyến đường sắt đô thị tại Thành phố Hồ Chí Minh,20.37,low,partial_course_tokens_in_title; partial_course_tokens_in_secondary_text,https://digital.lib.ueh.edu.vn/handle/UEH/63680,,,,,,2022,MASTER'S THESES,0,Bùi Bá Thịnh,
Kiến trúc và thiết kế đô thị thông minh,kien truc va thiet ke do thi thong minh,Quản lý dự án xây dựng,quan ly du an xay dung,1,tiki_book,277392524,- Quản Lý Dự Án Xây Dựng - Lập Và Thẩm Định Dự Án - TS. Bùi Ngọc Toàn - NXB Xây Dựng,98.26,high,exact_course_in_title; partial_course_tokens_in_secondary_text,https://tiki.vn/sach-quan-ly-du-an-xay-dung-lap-va-tham-dinh-du-an-ts-bui-ngoc-toan-nxb-xay-dung-p277392524.html?spid=279333156,119560,0.0,0,,quản trị dự án,,,,,0.0
Kiến trúc và thiết kế đô thị thông minh,kien truc va thiet ke do thi thong minh,Quản lý dự án xây dựng,quan ly du an xay dung,2,tiki_book,276379072,- Quản Lý Dự Án Xây Dựng Bằng Ms Project,96.0,high,exact_course_in_title,https://tiki.vn/sach-quan-ly-du-an-xay-dung-bang-ms-project-p276379072.html?spid=276379073,138000,4.5,2,3,project management,,,,,7.5342
Kiến trúc và thiết kế đô thị thông minh,kien truc va thiet ke do thi thong minh,Quản lý dự án xây dựng,quan ly du an xay dung,3,tiki_book,279046953,Quản Lý Dự Án Hiểu Đúng Và Làm Thật,35.69,medium,partial_course_tokens_in_title; partial_course_tokens_in_secondary_text,https://tiki.vn/quan-ly-du-an-hieu-dung-va-lam-that-p279046953.html?spid=279096443,158000,0.0,0,,quản trị dự án,,,,,0.0
Kiến trúc và thiết kế đô thị thông minh,kien truc va thiet ke do thi thong minh,Quản lý dự án xây dựng,quan ly du an xay dung,1,ueh_repository,UEH/62960,Nâng cao quản trị rủi ro các dự án đầu tư tại Ban quản lý dự án hạ tầng II – Tổng công ty Hạ tầng mạng (VNPT NET),38.54,medium,partial_course_tokens_in_title; partial_course_tokens_in_secondary_text,https://digital.lib.ueh.edu.vn/handle/UEH/62960,,,,,,2021,MASTER'S THESES,0,Trần Minh Hậu,
Kiến trúc và thiết kế đô thị thông minh,kien truc va thiet ke do thi thong minh,Quản lý dự án xây dựng,quan ly du an xay dung,2,ueh_repository,UEH/63680,Quản lý vốn ngân sách nhà nước đối với dự án đầu tư xây dựng các tuyến đường sắt đô thị tại Thành phố Hồ Chí Minh,30.18,medium,partial_course_tokens_in_title; partial_course_tokens_in_secondary_text,https://digital.lib.ueh.edu.vn/handle/UEH/63680,,,,,,2022,MASTER'S THESES,0,Bùi Bá Thịnh,
Kiến trúc và thiết kế đô thị thông minh,kien truc va thiet ke do thi thong minh,Quản lý dự án xây dựng,quan ly du an xay dung,3,ueh_repository,UEH/63261,"Quản lý vốn đầu tư xây dựng cơ bản từ nguồn vốn ngân sách nhà nước tại thành phố Bà Rịa, tỉnh Bà Rịa Vũng Tàu",26.35,medium,partial_course_tokens_in_title; partial_course_tokens_in_secondary_text,https://digital.lib.ueh.edu.vn/handle/UEH/63261,,,,,,2022,MASTER'S THESES,0,Trương Tấn Ngọc,
Kiến trúc và thiết kế đô thị thông minh,kien truc va thiet ke do thi thong minh,Thiết kế đô thị thông minh,thiet ke do thi thong minh,1,tiki_book,274890405,"- Nhận Diện Nghệ Thuật Đồ Họa - Để nghiên cứu , sáng tác và giảng dạy Thiết Kế Đồ Họa ( Tặng kèm sổ tay xương rồng )",28.1,low,partial_course_tokens_in_title; partial_course_tokens_in_secondary_text,https://tiki.vn/sach-nhan-dien-nghe-thuat-do-hoa-de-nghien-cuu-sang-tac-va-giang-day-thiet-ke-do-hoa-tang-kem-so-tay-xuong-rong-p274890405.html?spid=274890406,560000,0.0,0,4,thiết kế nghiên cứu,,,,,1.6094
Kiến trúc và thiết kế đô thị thông minh,kien truc va thiet ke do thi thong minh,Thiết kế đô thị thông minh,thiet ke do thi thong minh,2,tiki_book,274890426,"Nhận Diện Nghệ Thuật Đồ Họa - Để nghiên cứu , sáng tác và giảng dạy Thiết Kế Đồ Họa ( Tặng kèm sổ tay xương rồng )",28.1,low,partial_course_tokens_in_title; partial_course_tokens_in_secondary_text,https://tiki.vn/nhan-dien-nghe-thuat-do-hoa-de-nghien-cuu-sang-tac-va-giang-day-thiet-ke-do-hoa-tang-kem-so-tay-xuong-rong-p274890426.html?spid=274890427,700000,0.0,0,2,thiết kế nghiên cứu,,,,,1.0986
Kiến trúc và thiết kế đô thị thông minh,kien truc va thiet ke do thi thong minh,Thiết kế đô thị thông minh,thiet ke do thi thong minh,3,tiki_book,278095778,"Nhận Diện Nghệ Thuật Đồ Họa: Để Nghiên Cứu,Sáng Tạo Và Giảng Dạy Thiết Kế Đồ Họa",28.1,low,partial_course_tokens_in_title; partial_course_tokens_in_secondary_text,https://tiki.vn/nhan-dien-nghe-thuat-do-hoa-de-nghien-cuu-sang-tao-va-giang-day-thiet-ke-do-hoa-p278095778.html?spid=278095779,700000,0.0,0,,thiết kế nghiên cứu,,,,,0.0
Kiến trúc và thiết kế đô thị thông minh,kien truc va thiet ke do thi thong minh,Thiết kế đô thị thông minh,thiet ke do thi thong minh,1,ueh_repository,UEH/61685,Thống kê trong kinh tế và kinh doanh. Chương 2: Thống kê mô tả - Trình bày bằng bảng đồ và đồ thị,12.81,low,partial_course_tokens_in_title; partial_course_tokens_in_secondary_text,https://digital.lib.ueh.edu.vn/handle/UEH/61685,,,,,,2016,Business Statistics-Data Analysis,0,David R. Anderson; Dennis J. Sweeney; Thomas A. Williams; Hoàng Trọng (Chủ biên dịch),
Kiến trúc và thiết kế đô thị thông minh,kien truc va thiet ke do thi thong minh,Thiết kế đô thị thông minh,thiet ke do thi thong minh,2,ueh_repository,UEH/63042,Các nhân tố ảnh hưởng đến chất lượng báo cáo nghiên cứu khả thi dự án đầu tư: trường hợp các dự án đường sắt đô thị tại Thành phố Hồ Chí Minh,12.63,low,partial_course_tokens_in_title; partial_course_tokens_in_secondary_text,https://digital.lib.ueh.edu.vn/handle/UEH/63042,,,,,,2021,MASTER'S THESES,0,Đỗ Thị Lê Hương,
Kiến trúc và thiết kế đô thị thông minh,kien truc va thiet ke do thi thong minh,Thiết kế đô thị thông minh,thiet ke do thi thong minh,3,ueh_repository,UEH/63680,Quản lý vốn ngân sách nhà nước đối với dự án đầu tư xây dựng các tuyến đường sắt đô thị tại Thành phố Hồ Chí Minh,12.21,low,partial_course_tokens_in_title; partial_course_tokens_in_secondary_text,https://digital.lib.ueh.edu.vn/handle/UEH/63680,,,,,,2022,MASTER'S THESES,0,Bùi Bá Thịnh,
Kiểm toán,kiem toan,Chuẩn mực kiểm toán quốc tế,chuan muc kiem toan quoc te,1,tiki_book,94851869,"Nghiệp Vụ Dành Cho Kế Toán Kiểm Toán Nội Bộ Chuẩn Mực, Nguyên Tắc Đạo Đức Nghề Nghiệp Và Quy Chế Kiểm Toán Nội Bộ Trong Các Cơ Quan Nhà Nước, Đơn Vị Sự Nghiệp Công Lập Và Doanh Nghiệp",27.97,low,partial_course_tokens_in_title; partial_course_tokens_in_secondary_text; exact_major_in_title,https://tiki.vn/sach-nghiep-vu-danh-cho-ke-toan-kiem-toan-noi-bo-chuan-muc-nguyen-tac-dao-duc-nghe-nghiep-va-quy-che-kiem-toan-noi-bo-trong-cac-co-quan-nha-nuoc-don-vi-su-nghiep-cong-lap-va-doanh-nghiep-p94851869.html?spid=94851870,291700,5.0,2,18,chuẩn mực kế toán; kiểm toán; sách kiểm toán; kiểm toán nội bộ; kiểm soát nội bộ; nghiệp vụ buồng phòng,,,,,9.5924
Kiểm toán,kiem toan,Chuẩn mực kiểm toán quốc tế,chuan muc kiem toan quoc te,2,tiki_book,225911919,Kiểm toán nội bộ trong doanh nghiệp/TS. Phan Trung Kiên/Trường Đại học Kinh tế Quốc dân,24.46,low,partial_course_tokens_in_title; partial_course_tokens_in_secondary_text; exact_major_in_title,https://tiki.vn/kie-m-toa-n-no-i-bo-trong-doanh-nghie-p-ts-phan-trung-kien-truo-ng-da-i-ho-c-kinh-te-quo-c-dan-p225911919.html?spid=273698061,113580,0.0,0,,thanh toán quốc tế; kiểm toán; kiểm toán nội bộ; kiểm soát nội bộ,,,,,0.0
Kiểm toán,kiem toan,Chuẩn mực kiểm toán quốc tế,chuan muc kiem toan quoc te,3,tiki_book,248861528,Cẩm Nang Thanh Toán Quốc Tế Và Tài Trợ Ngoại Thương - Dành Cho Cao Học Và NCS ( Tái Bản 2023),22.01,low,partial_course_tokens_in_title; partial_course_tokens_in_secondary_text,https://tiki.vn/cam-nang-thanh-toan-quoc-te-va-tai-tro-ngoai-thuong-danh-cho-cao-hoc-va-ncs-tai-ban-2023-p248861528.html?spid=248861529,595000,5.0,2,6,thanh toán quốc tế,,,,,8.5938
Kiểm toán,kiem toan,Chuẩn mực kiểm toán quốc tế,chuan muc kiem toan quoc te,1,ueh_repository,UEH/62432,Chuyển đổi báo cáo tài chính từ chuẩn mực kế toán Việt Nam sang chuẩn mực báo cáo tài chính quốc tế - Nghiên cứu tại Công ty Cổ phần Khu công Nnghiệp Nam Tân Uyên,20.95,low,partial_course_tokens_in_title; partial_course_tokens_in_secondary_text,https://digital.lib.ueh.edu.vn/handle/UEH/62432,,,,,,2021,MASTER'S THESES,0,Đoàn Thị Kim Thảo,
Kiểm toán,kiem toan,Chuẩn mực kiểm toán quốc tế,chuan muc kiem toan quoc te,2,ueh_repository,UEH/62462,Hoàn thiện quy trình kiểm soát chất lượng nhầm nâng cao chất lượng dịch vụ kiểm toán báo cáo tài chính tại Công ty TNHH Tư vấn - Kiểm toán S&S,15.65,low,partial_course_tokens_in_title; partial_course_tokens_in_secondary_text; exact_major_in_title,https://digital.lib.ueh.edu.vn/handle/UEH/62462,,,,,,2021,MASTER'S THESES,0,Nguyễn Thị Khánh Duyên,
Kiểm toán,kiem toan,Chuẩn mực kiểm toán quốc tế,chuan muc kiem toan quoc te,3,ueh_repository,UEH/62738,Giải pháp nâng cao chất lượng dịch vụ công ty TNHH kiểm toán KMF,15.65,low,partial_course_tokens_in_title; partial_course_tokens_in_secondary_text; exact_major_in_title,https://digital.lib.ueh.edu.vn/handle/UEH/62738,,,,,,2021,MASTER'S THESES,0,Thái Kim Liên,
Kiểm toán,kiem toan,Kiểm toán CNTT,kiem toan cntt,1,tiki_book,274869688,Từ Điển Kế Toán Và Kiểm Toán Anh - Việt (Dictionary Of Accounting And Auditing),30.48,medium,partial_course_tokens_in_title; partial_course_tokens_in_secondary_text; exact_major_in_title,https://tiki.vn/tu-dien-ke-toan-va-kiem-toan-anh-viet-dictionary-of-accounting-and-auditing-p274869688.html?spid=275454707,399000,0.0,0,3,accounting; financial accounting; auditing,,,,,1.3863
Kiểm toán,kiem toan,Kiểm toán CNTT,kiem toan cntt,2,tiki_book,169490167,Kiểm Toán Độc Lập Và Những Kỹ Năng Chuyên Nghiệp Thành Công,22.33,low,partial_course_tokens_in_title; partial_course_tokens_in_secondary_text; exact_major_in_title,https://tiki.vn/sach-kiem-toan-doc-lap-va-nhung-ky-nang-chuyen-nghiep-thanh-cong-p169490167.html?spid=169490168,148000,4.5,17,117,kiểm toán; sách kiểm toán; kiểm toán nội bộ,,,,,13.6062
Kiểm toán,kiem toan,Kiểm toán CNTT,kiem toan cntt,3,tiki_book,177234550,Kiểm toán độc lập và những kỹ năng chuyên nghiệp để thành công,22.33,low,partial_course_tokens_in_title; partial_course_tokens_in_secondary_text; exact_major_in_title,https://tiki.vn/kiem-toan-doc-lap-va-nhung-ky-nang-chuyen-nghiep-de-thanh-cong-p177234550.html?spid=177234554,181090,5.0,10,45,kiểm toán; sách kiểm toán; kiểm toán nội bộ; kỹ năng mềm,,,,,12.4255
Kiểm toán,kiem toan,Kiểm toán CNTT,kiem toan cntt,1,ueh_repository,UEH/62738,Giải pháp nâng cao chất lượng dịch vụ công ty TNHH kiểm toán KMF,20.63,low,partial_course_tokens_in_title; partial_course_tokens_in_secondary_text; exact_major_in_title,https://digital.lib.ueh.edu.vn/handle/UEH/62738,,,,,,2021,MASTER'S THESES,0,Thái Kim Liên,
Kiểm toán,kiem toan,Kiểm toán CNTT,kiem toan cntt,2,ueh_repository,UEH/62942,Hoàn thiện quy trình đánh giá và xử lý rủi ro kiểm toán trong giai đoạn lập kế hoạch tại Công ty TNHH Tư vấn - Kiểm toán S&S,20.63,low,partial_course_tokens_in_title; partial_course_tokens_in_secondary_text; exact_major_in_title,https://digital.lib.ueh.edu.vn/handle/UEH/62942,,,,,,2021,MASTER'S THESES,0,Lê Thành Long,
Kiểm toán,kiem toan,Kiểm toán CNTT,kiem toan cntt,3,ueh_repository,UEH/61445,Các nhân tố ảnh hưởng đến quyết định nghỉ việc của trợ lý kiểm toán tại TP. Hồ Chí Minh,20.63,low,partial_course_tokens_in_title; partial_course_tokens_in_secondary_text; exact_major_in_title,https://digital.lib.ueh.edu.vn/handle/UEH/61445,,,,,,2021,MASTER'S THESES,0,Tạ Luân,
Kiểm toán,kiem toan,Kiểm toán hoạt động,kiem toan hoat dong,1,tiki_book,274869688,Từ Điển Kế Toán Và Kiểm Toán Anh - Việt (Dictionary Of Accounting And Auditing),26.12,low,partial_course_tokens_in_title; partial_course_tokens_in_secondary_text; exact_major_in_title,https://tiki.vn/tu-dien-ke-toan-va-kiem-toan-anh-viet-dictionary-of-accounting-and-auditing-p274869688.html?spid=275454707,399000,0.0,0,3,accounting; financial accounting; auditing,,,,,1.3863
Kiểm toán,kiem toan,Kiểm toán hoạt động,kiem toan hoat dong,2,tiki_book,277446496,"- Luật kiểm toán nhà nước ( SĐ, BS năm 2019) - Quốc Hội - NXB Lao Động",22.78,low,partial_course_tokens_in_title; partial_course_tokens_in_secondary_text; exact_major_in_title,https://tiki.vn/sach-luat-kiem-toan-nha-nuoc-sd-bs-nam-2019-quoc-hoi-nxb-lao-dong-p277446496.html?spid=277446497,20000,0.0,0,,kiểm toán nội bộ,,,,,0.0
Kiểm toán,kiem toan,Kiểm toán hoạt động,kiem toan hoat dong,3,tiki_book,169490167,Kiểm Toán Độc Lập Và Những Kỹ Năng Chuyên Nghiệp Thành Công,19.33,low,partial_course_tokens_in_title; partial_course_tokens_in_secondary_text; exact_major_in_title,https://tiki.vn/sach-kiem-toan-doc-lap-va-nhung-ky-nang-chuyen-nghiep-thanh-cong-p169490167.html?spid=169490168,148000,4.5,17,117,kiểm toán; sách kiểm toán; kiểm toán nội bộ,,,,,13.6062
Kiểm toán,kiem toan,Kiểm toán hoạt động,kiem toan hoat dong,1,ueh_repository,UEH/61237,Giải pháp hoàn thiện hoạt động kiểm toán ngân sách địa phương tại Kiểm toán Nhà nước khu vực Đông Nam Bộ,29.31,medium,partial_course_tokens_in_title; partial_course_tokens_in_secondary_text; exact_major_in_title,https://digital.lib.ueh.edu.vn/handle/UEH/61237,,,,,,2020,MASTER'S THESES,0,Lê Văn Tuyên,
Kiểm toán,kiem toan,Kiểm toán hoạt động,kiem toan hoat dong,2,ueh_repository,UEH/63420,Hoàn thiện hoạt động kiểm toán kinh phí sự nghiệp môi trường tại Kiểm toán Nhà nước khu vực XIII,28.04,medium,partial_course_tokens_in_title; partial_course_tokens_in_secondary_text; exact_major_in_title,https://digital.lib.ueh.edu.vn/handle/UEH/63420,,,,,,2021,MASTER'S THESES,0,Nguyễn Văn Tiệp,
Kiểm toán,kiem toan,Kiểm toán hoạt động,kiem toan hoat dong,3,ueh_repository,UEH/61300,Công tác giám sát lập báo cáo tài chính của Ban kiểm soát và hoàn thiện với định hướng xây dựng Ủy ban kiểm toán tại Tổng công ty Cảng hàng không Việt Nam- CTCP (ACV),22.1,low,partial_course_tokens_in_title; partial_course_tokens_in_secondary_text; exact_major_in_title,https://digital.lib.ueh.edu.vn/handle/UEH/61300,,,,,,2020,MASTER'S THESES,0,Nguyễn Thanh Tâm,
Kiểm toán,kiem toan,Kiểm toán nội bộ,kiem toan noi bo,1,tiki_book,94851869,"Nghiệp Vụ Dành Cho Kế Toán Kiểm Toán Nội Bộ Chuẩn Mực, Nguyên Tắc Đạo Đức Nghề Nghiệp Và Quy Chế Kiểm Toán Nội Bộ Trong Các Cơ Quan Nhà Nước, Đơn Vị Sự Nghiệp Công Lập Và Doanh Nghiệp",86.34,high,exact_course_in_title; exact_course_in_secondary_text; exact_major_in_title,https://tiki.vn/sach-nghiep-vu-danh-cho-ke-toan-kiem-toan-noi-bo-chuan-muc-nguyen-tac-dao-duc-nghe-nghiep-va-quy-che-kiem-toan-noi-bo-trong-cac-co-quan-nha-nuoc-don-vi-su-nghiep-cong-lap-va-doanh-nghiep-p94851869.html?spid=94851870,291700,5.0,2,18,chuẩn mực kế toán; kiểm toán; sách kiểm toán; kiểm toán nội bộ; kiểm soát nội bộ; nghiệp vụ buồng phòng,,,,,9.5924
Kiểm toán,kiem toan,Kiểm toán nội bộ,kiem toan noi bo,2,tiki_book,243300009,Kiểm toán nội bộ trong doanh nghiệp,86.34,high,exact_course_in_title; exact_course_in_secondary_text; exact_major_in_title,https://tiki.vn/kie-m-toa-n-no-i-bo-trong-doanh-nghie-p-p243300009.html?spid=243300010,116000,5.0,1,24,kiểm toán; kiểm toán nội bộ; kiểm soát nội bộ,,,,,9.2586
Kiểm toán,kiem toan,Kiểm toán nội bộ,kiem toan noi bo,3,tiki_book,272452952,Kiểm Toán Nội Bộ Trong Doanh Nghiệp (14),86.34,high,exact_course_in_title; exact_course_in_secondary_text; exact_major_in_title,https://tiki.vn/kiem-toan-noi-bo-trong-doanh-nghiep-14-p272452952.html?spid=273698073,113580,0.0,0,5,kiểm toán; sách kiểm toán; kiểm toán nội bộ; kiểm soát nội bộ,,,,,1.7918
Kiểm toán,kiem toan,Kiểm toán nội bộ,kiem toan noi bo,1,ueh_repository,UEH/61472,Hoàn thiện công tác kiểm toán nội bộ trong các Ngân hàng Thương mại Việt Nam,85.83,high,exact_course_in_title; exact_course_in_secondary_text; exact_major_in_title,https://digital.lib.ueh.edu.vn/handle/UEH/61472,,,,,,2020,MASTER'S THESES,0,Trịnh Đức Tâm,
Kiểm toán,kiem toan,Kiểm toán nội bộ,kiem toan noi bo,2,ueh_repository,UEH/61237,Giải pháp hoàn thiện hoạt động kiểm toán ngân sách địa phương tại Kiểm toán Nhà nước khu vực Đông Nam Bộ,25.22,medium,partial_course_tokens_in_title; partial_course_tokens_in_secondary_text; exact_major_in_title,https://digital.lib.ueh.edu.vn/handle/UEH/61237,,,,,,2020,MASTER'S THESES,0,Lê Văn Tuyên,
Kiểm toán,kiem toan,Kiểm toán nội bộ,kiem toan noi bo,3,ueh_repository,UEH/62542,Con đường chuyển đổi số trong kiểm toán: cơ hội và thách thức,24.89,low,partial_course_tokens_in_title; partial_course_tokens_in_secondary_text; exact_major_in_title,https://digital.lib.ueh.edu.vn/handle/UEH/62542,,,,,,2021,Book Series,0,TS. Nguyễn Hoàng Tố Loan,
Kiểm toán,kiem toan,Kiểm toán tài chính,kiem toan tai chinh,1,tiki_book,201855074,405 Tình huống kế toán tài chính (Tái bản lần 3),28.4,low,partial_course_tokens_in_title; partial_course_tokens_in_secondary_text,https://tiki.vn/405-tinh-huong-ke-toan-tai-chinh-tai-ban-lan-3-p201855074.html?spid=201855075,160300,4.6,7,50,kế toán tài chính; chuẩn mực kế toán; kiểm toán; sách kiểm toán,,,,,11.651
Kiểm toán,kiem toan,Kiểm toán tài chính,kiem toan tai chinh,2,tiki_book,56602776,Kế Toán Tài Chính Doanh Nghiệp Thương Mại Dịch Vụ,28.4,low,partial_course_tokens_in_title; partial_course_tokens_in_secondary_text,https://tiki.vn/ke-toan-tai-chinh-doanh-nghiep-thuong-mai-dich-vu-p56602776.html?spid=56602777,268000,5.0,5,40,tài chính doanh nghiệp; kế toán; kế toán tài chính; kiểm toán báo cáo tài chính,,,,,11.4012
Kiểm toán,kiem toan,Kiểm toán tài chính,kiem toan tai chinh,3,tiki_book,55420893,Kế Toán Tài Chính - Doanh Nghiệp Thương Mại Dịch Vụ,28.4,low,partial_course_tokens_in_title; partial_course_tokens_in_secondary_text,https://tiki.vn/ke-toan-tai-chinh-doanh-nghiep-thuong-mai-dich-vu-p55420893.html?spid=55420894,235800,5.0,4,49,tài chính doanh nghiệp; kế toán; kế toán tài chính; kiểm toán báo cáo tài chính,,,,,11.3262
Kiểm toán,kiem toan,Kiểm toán tài chính,kiem toan tai chinh,1,ueh_repository,UEH/61300,Công tác giám sát lập báo cáo tài chính của Ban kiểm soát và hoàn thiện với định hướng xây dựng Ủy ban kiểm toán tại Tổng công ty Cảng hàng không Việt Nam- CTCP (ACV),38.73,medium,partial_course_tokens_in_title; partial_course_tokens_in_secondary_text; exact_major_in_title,https://digital.lib.ueh.edu.vn/handle/UEH/61300,,,,,,2020,MASTER'S THESES,0,Nguyễn Thanh Tâm,
Kiểm toán,kiem toan,Kiểm toán tài chính,kiem toan tai chinh,2,ueh_repository,UEH/61445,Các nhân tố ảnh hưởng đến quyết định nghỉ việc của trợ lý kiểm toán tại TP. Hồ Chí Minh,33.06,medium,partial_course_tokens_in_title; partial_course_tokens_in_secondary_text; exact_major_in_title,https://digital.lib.ueh.edu.vn/handle/UEH/61445,,,,,,2021,MASTER'S THESES,0,Tạ Luân,
Kiểm toán,kiem toan,Kiểm toán tài chính,kiem toan tai chinh,3,ueh_repository,UEH/63097,"Ảnh hưởng của áp lực quỹ thời gian kiểm toán, tính cách của kiểm toán viên đến hành vi đe dọa chất lượng kiểm toán tại các công ty kiểm toán ở TP. Hồ Chí Minh",29.99,medium,partial_course_tokens_in_title; partial_course_tokens_in_secondary_text; exact_major_in_title,https://digital.lib.ueh.edu.vn/handle/UEH/63097,,,,,,2021,MASTER'S THESES,0,Lê Thanh Tra,
Kiểm toán,kiem toan,Đạo đức nghề nghiệp kiểm toán,dao duc nghe nghiep kiem toan,1,tiki_book,533036,Đạo Đức Nghề Nghiệp Của Kiểm Toán Viên Độc Lập,63.32,medium,strong_course_tokens_in_title; partial_course_tokens_in_secondary_text; exact_major_in_title,https://tiki.vn/sach-dao-duc-nghe-nghiep-cua-kiem-toan-vien-doc-lap-p533036.html?spid=89424691,53000,5.0,1,7,sách kiểm toán,,,,,8.1192
Kiểm toán,kiem toan,Đạo đức nghề nghiệp kiểm toán,dao duc nghe nghiep kiem toan,2,tiki_book,94851869,"Nghiệp Vụ Dành Cho Kế Toán Kiểm Toán Nội Bộ Chuẩn Mực, Nguyên Tắc Đạo Đức Nghề Nghiệp Và Quy Chế Kiểm Toán Nội Bộ Trong Các Cơ Quan Nhà Nước, Đơn Vị Sự Nghiệp Công Lập Và Doanh Nghiệp",48.82,medium,strong_course_tokens_in_title; partial_course_tokens_in_secondary_text; exact_major_in_title,https://tiki.vn/sach-nghiep-vu-danh-cho-ke-toan-kiem-toan-noi-bo-chuan-muc-nguyen-tac-dao-duc-nghe-nghiep-va-quy-che-kiem-toan-noi-bo-trong-cac-co-quan-nha-nuoc-don-vi-su-nghiep-cong-lap-va-doanh-nghiep-p94851869.html?spid=94851870,291700,5.0,2,18,chuẩn mực kế toán; kiểm toán; sách kiểm toán; kiểm toán nội bộ; kiểm soát nội bộ; nghiệp vụ buồng phòng,,,,,9.5924
Kiểm toán,kiem toan,Đạo đức nghề nghiệp kiểm toán,dao duc nghe nghiep kiem toan,3,tiki_book,274869688,Từ Điển Kế Toán Và Kiểm Toán Anh - Việt (Dictionary Of Accounting And Auditing),20.34,low,partial_course_tokens_in_title; partial_course_tokens_in_secondary_text; exact_major_in_title,https://tiki.vn/tu-dien-ke-toan-va-kiem-toan-anh-viet-dictionary-of-accounting-and-auditing-p274869688.html?spid=275454707,399000,0.0,0,3,accounting; financial accounting; auditing,,,,,1.3863
Kiểm toán,kiem toan,Đạo đức nghề nghiệp kiểm toán,dao duc nghe nghiep kiem toan,1,ueh_repository,UEH/61149,Áp dụng mô hình tam giác gian lận trong vấn đề đạo đức nghề nghiệp của kiểm toán viên Nhà nước,76.58,high,strong_course_tokens_in_title; strong_course_tokens_in_secondary_text; exact_major_in_title,https://digital.lib.ueh.edu.vn/handle/UEH/61149,,,,,,2020,MASTER'S THESES,0,Phạm Tiến Dũng,
Kiểm toán,kiem toan,Đạo đức nghề nghiệp kiểm toán,dao duc nghe nghiep kiem toan,2,ueh_repository,UEH/61119,Ảnh hưởng của áp lực giảm ngân sách về thời gian kiểm toán đến tính độc lập và sự hoài nghi nghề nghiệp của kiểm toán viên tại TP.HCM,40.08,medium,partial_course_tokens_in_title; partial_course_tokens_in_secondary_text; exact_major_in_title,https://digital.lib.ueh.edu.vn/handle/UEH/61119,,,,,,2020,MASTER'S THESES,0,Hồ Thanh Vinh,
Kiểm toán,kiem toan,Đạo đức nghề nghiệp kiểm toán,dao duc nghe nghiep kiem toan,3,ueh_repository,UEH/62531,"Học tập suốt đời trong thế giới số: góc nhìn từ nghề nghiệp kế toán, kiểm toán",21.96,low,partial_course_tokens_in_title; partial_course_tokens_in_secondary_text; exact_major_in_title,https://digital.lib.ueh.edu.vn/handle/UEH/62531,,,,,,2021,Book Series,0,TS. Trần Anh Hoa; TS. Phạm Trà Lam; TS. Đậu Thị Kim Thoa; ThS. Trần Thị Phương Thanh,
Kế toán công,ke toan cong,Kiểm soát nội bộ khu vực công,kiem soat noi bo khu vuc cong,1,tiki_book,94851869,"Nghiệp Vụ Dành Cho Kế Toán Kiểm Toán Nội Bộ Chuẩn Mực, Nguyên Tắc Đạo Đức Nghề Nghiệp Và Quy Chế Kiểm Toán Nội Bộ Trong Các Cơ Quan Nhà Nước, Đơn Vị Sự Nghiệp Công Lập Và Doanh Nghiệp",23.36,low,partial_course_tokens_in_title; partial_course_tokens_in_secondary_text; major_context_tokens,https://tiki.vn/sach-nghiep-vu-danh-cho-ke-toan-kiem-toan-noi-bo-chuan-muc-nguyen-tac-dao-duc-nghe-nghiep-va-quy-che-kiem-toan-noi-bo-trong-cac-co-quan-nha-nuoc-don-vi-su-nghiep-cong-lap-va-doanh-nghiep-p94851869.html?spid=94851870,291700,5.0,2,18,chuẩn mực kế toán; kiểm toán; sách kiểm toán; kiểm toán nội bộ; kiểm soát nội bộ; nghiệp vụ buồng phòng,,,,,9.5924
Kế toán công,ke toan cong,Kiểm soát nội bộ khu vực công,kiem soat noi bo khu vuc cong,2,tiki_book,101860043,"NHỮNG QUY ĐỊNH MỚI VỀ KIỂM SOÁT QUYỀN LỰC TRONG CÔNG TÁC CÁN BỘ VÀ CHỐNG CHẠY CHỨC, CHẠY QUYỀN",22.27,low,partial_course_tokens_in_title; partial_course_tokens_in_secondary_text,https://tiki.vn/nhung-quy-dinh-moi-ve-kiem-soat-quyen-luc-trong-cong-tac-can-bo-va-chong-chay-chuc-chay-quyen-p101860043.html?spid=275624590,250000,0.0,0,,kiểm soát nội bộ,,,,,0.0
Kế toán công,ke toan cong,Kiểm soát nội bộ khu vực công,kiem soat noi bo khu vuc cong,3,tiki_book,276800918,- Tăng Cường Kiểm Soát Quyền Lực Trong Công Tác Cán Bộ Giai Đoạn Hiện Nay - NXB Chính Trị Quốc Gia,22.27,low,partial_course_tokens_in_title; partial_course_tokens_in_secondary_text,https://tiki.vn/sach-tang-cuong-kiem-soat-quyen-luc-trong-cong-tac-can-bo-giai-doan-hien-nay-nxb-chinh-tri-quoc-gia-p276800918.html?spid=277513886,152000,0.0,0,,kiểm soát nội bộ,,,,,0.0
Kế toán công,ke toan cong,Kiểm soát nội bộ khu vực công,kiem soat noi bo khu vuc cong,1,ueh_repository,UEH/63346,Hoàn thiện kiểm soát nội bộ chất lượng dịch vụ hành chính thuế tại Cục Thuế tỉnh Tiền Giang,57.16,medium,partial_course_tokens_in_title; exact_course_in_secondary_text,https://digital.lib.ueh.edu.vn/handle/UEH/63346,,,,,,2021,MASTER'S THESES,0,Trần Thị Minh Nguyệt,
Kế toán công,ke toan cong,Kiểm soát nội bộ khu vực công,kiem soat noi bo khu vuc cong,2,ueh_repository,UEH/63457,Hoàn thiện kiểm soát nội bộ công tác kiểm tra thuế tại Chi cục Thuế khu vực Tây Hoà - Phú Hoà,55.19,medium,strong_course_tokens_in_title; strong_course_tokens_in_secondary_text,https://digital.lib.ueh.edu.vn/handle/UEH/63457,,,,,,2021,MASTER'S THESES,0,Huỳnh Thị Phấn,
Kế toán công,ke toan cong,Kiểm soát nội bộ khu vực công,kiem soat noi bo khu vuc cong,3,ueh_repository,UEH/62473,Vận dụng Intosai để hoàn thiện hệ thống kiểm soát nội bộ quy trình quản lý trang thiết bị y tế tại Bệnh viện Đa khoa Thống Nhất tỉnh Đồng Nai,50.25,medium,partial_course_tokens_in_title; strong_course_tokens_in_secondary_text,https://digital.lib.ueh.edu.vn/handle/UEH/62473,,,,,,2021,MASTER'S THESES,0,Nguyễn Thị Mỹ Nhung,
Kế toán công,ke toan cong,Kiểm toán nhà nước,kiem toan nha nuoc,1,tiki_book,278809094,"Luật Kiểm Toán Nhà Nước - Pháp Lệnh Xử Phạt Vi Phạm Hành Chính Trong Lĩnh Vực Kiểm Toán, Lập Thẩm Định Và Ban Hành Kế Hoạch Kiểm Toán",75.08,high,exact_course_in_title; partial_course_tokens_in_secondary_text,https://tiki.vn/luat-kiem-toan-nha-nuoc-phap-lenh-xu-phat-vi-pham-hanh-chinh-trong-linh-vuc-kiem-toan-lap-tham-dinh-va-ban-hanh-ke-hoach-kiem-toan-p278809094.html?spid=278809095,275000,0.0,0,,sách kiểm toán; kiểm toán nội bộ,,,,,0.0
Kế toán công,ke toan cong,Kiểm toán nhà nước,kiem toan nha nuoc,2,tiki_book,277914779,"Luật kiểm toán nhà nước ( SĐ, BS năm 2019)",74.69,high,exact_course_in_title; partial_course_tokens_in_secondary_text,https://tiki.vn/sach-luat-kiem-toan-nha-nuoc-sd-bs-nam-2019-p277914779.html?spid=277914780,20000,0.0,0,,kiểm toán nội bộ,,,,,0.0
Kế toán công,ke toan cong,Kiểm toán nhà nước,kiem toan nha nuoc,3,tiki_book,277446496,"- Luật kiểm toán nhà nước ( SĐ, BS năm 2019) - Quốc Hội - NXB Lao Động",74.69,high,exact_course_in_title; partial_course_tokens_in_secondary_text,https://tiki.vn/sach-luat-kiem-toan-nha-nuoc-sd-bs-nam-2019-quoc-hoi-nxb-lao-dong-p277446496.html?spid=277446497,20000,0.0,0,,kiểm toán nội bộ,,,,,0.0
Kế toán công,ke toan cong,Kiểm toán nhà nước,kiem toan nha nuoc,1,ueh_repository,UEH/61237,Giải pháp hoàn thiện hoạt động kiểm toán ngân sách địa phương tại Kiểm toán Nhà nước khu vực Đông Nam Bộ,79.95,high,exact_course_in_title; exact_course_in_secondary_text,https://digital.lib.ueh.edu.vn/handle/UEH/61237,,,,,,2020,MASTER'S THESES,0,Lê Văn Tuyên,
Kế toán công,ke toan cong,Kiểm toán nhà nước,kiem toan nha nuoc,2,ueh_repository,UEH/63420,Hoàn thiện hoạt động kiểm toán kinh phí sự nghiệp môi trường tại Kiểm toán Nhà nước khu vực XIII,74.39,high,exact_course_in_title; partial_course_tokens_in_secondary_text,https://digital.lib.ueh.edu.vn/handle/UEH/63420,,,,,,2021,MASTER'S THESES,0,Nguyễn Văn Tiệp,
Kế toán công,ke toan cong,Kiểm toán nhà nước,kiem toan nha nuoc,3,ueh_repository,UEH/61149,Áp dụng mô hình tam giác gian lận trong vấn đề đạo đức nghề nghiệp của kiểm toán viên Nhà nước,41.4,medium,partial_course_tokens_in_title; exact_course_in_secondary_text,https://digital.lib.ueh.edu.vn/handle/UEH/61149,,,,,,2020,MASTER'S THESES,0,Phạm Tiến Dũng,
Kế toán công,ke toan cong,Kế toán quản trị công,ke toan quan tri cong,1,tiki_book,278731661,Kế Toán Quản Trị - Managerial Accounting,50.43,medium,partial_course_tokens_in_title; strong_course_tokens_in_secondary_text; major_context_tokens,https://tiki.vn/ke-toan-quan-tri-managerial-accounting-p278731661.html?spid=278731662,599000,0.0,0,1,accounting; financial accounting; kế toán quản trị; management accounting,,,,,0.6931
Kế toán công,ke toan cong,Kế toán quản trị công,ke toan quan tri cong,2,tiki_book,278663334,Kế Toán Quản Trị - Managerial Accounting - Từ Số Liệu Đến Chiến Lược - Alpha Books,50.43,medium,partial_course_tokens_in_title; strong_course_tokens_in_secondary_text; major_context_tokens,https://tiki.vn/ke-toan-quan-tri-managerial-accounting-tu-so-lieu-den-chien-luoc-alpha-books-p278663334.html?spid=278663335,539000,0.0,0,1,accounting; financial accounting; kế toán quản trị; management accounting,,,,,0.6931
Kế toán công,ke toan cong,Kế toán quản trị công,ke toan quan tri cong,3,tiki_book,53545648,Kế Toán Quản Trị,42.76,medium,partial_course_tokens_in_title; partial_course_tokens_in_secondary_text,https://tiki.vn/sach-ke-toan-quan-tri-p53545648.html?spid=53545649,403000,4.7,114,773,sách kế toán; kế toán quản trị; nguyên lý kế toán; sách kiểm toán,,,,,18.469
Kế toán công,ke toan cong,Kế toán quản trị công,ke toan quan tri cong,1,ueh_repository,UEH/61314,Hoàn thiện hệ thống kế toán quản trị tại công ty CP Tagi Logistics,48.95,medium,partial_course_tokens_in_title; strong_course_tokens_in_secondary_text; major_context_tokens,https://digital.lib.ueh.edu.vn/handle/UEH/61314,,,,,,2020,MASTER'S THESES,0,Nguyễn Kiều Giang,
Kế toán công,ke toan cong,Kế toán quản trị công,ke toan quan tri cong,2,ueh_repository,UEH/63168,Các nhân tố ảnh hưởng đến việc vận dụng kế toán quản trị tại các bệnh viện công lập trên địa bàn Thành phố Hồ Chí Minh,48.52,medium,partial_course_tokens_in_title; strong_course_tokens_in_secondary_text; major_context_tokens,https://digital.lib.ueh.edu.vn/handle/UEH/63168,,,,,,2021,MASTER'S THESES,0,Phan Hoàng Long,
Kế toán công,ke toan cong,Kế toán quản trị công,ke toan quan tri cong,3,ueh_repository,UEH/63147,Các nhân tố ảnh hưởng đến việc vận dụng kế toán quản trị trong các doanh nghiệp nhỏ và vừa tại tỉnh Bình Dương,46.56,medium,partial_course_tokens_in_title; strong_course_tokens_in_secondary_text,https://digital.lib.ueh.edu.vn/handle/UEH/63147,,,,,,2021,MASTER'S THESES,0,Nguyễn Thị Hạnh Loan,
Kế toán công,ke toan cong,Kế toán thuế,ke toan thue,1,tiki_book,209601948,Thuế Và Kế Toán Thuế 2022 - Áp Dụng Cho Các Doanh nghiệp Việt Nam,100.0,high,exact_course_in_title; exact_course_in_secondary_text,https://tiki.vn/thue-va-ke-toan-thue-2022-ap-dung-cho-cac-doanh-nghiep-viet-nam-p209601948.html?spid=209601949,389000,5.0,1,17,kế toán; thuế,,,,,8.9301
Kế toán công,ke toan cong,Kế toán thuế,ke toan thue,2,tiki_book,200649575,Thuế Và Kế Toán Thuế 2022 - Áp Dụng Cho Các Doanh nghiệp Việt Nam_KT,100.0,high,exact_course_in_title; exact_course_in_secondary_text,https://tiki.vn/thue-va-ke-toan-thue-2022-ap-dung-cho-cac-doanh-nghiep-viet-nam_kt-p200649575.html?spid=209601938,389000,0.0,0,9,kế toán; thuế,,,,,2.3026
Kế toán công,ke toan cong,Kế toán thuế,ke toan thue,3,tiki_book,274659940,Giáo trình thuế và kế toán thuế,100.0,high,exact_course_in_title; exact_course_in_secondary_text,https://tiki.vn/giao-trinh-thue-va-ke-toan-thue-p274659940.html?spid=274920523,155000,0.0,0,9,kế toán; thuế,,,,,2.3026
Kế toán công,ke toan cong,Kế toán thuế,ke toan thue,1,ueh_repository,UEH/63357,Hoàn thiện tổ chức công tác kế toán tại Cục Thuế tỉnh Tiền Giang,32.58,medium,partial_course_tokens_in_title; partial_course_tokens_in_secondary_text; major_context_tokens,https://digital.lib.ueh.edu.vn/handle/UEH/63357,,,,,,2021,MASTER'S THESES,0,Phan Thị Ngọc Điệp,
Kế toán công,ke toan cong,Kế toán thuế,ke toan thue,2,ueh_repository,UEH/63183,Các nhân tố tác động đến quyết định thuê ngoài dịch vụ kế toán của các doanh nghiệp vừa và nhỏ tại Thành phố Đà Lạt,32.34,medium,partial_course_tokens_in_title; partial_course_tokens_in_secondary_text,https://digital.lib.ueh.edu.vn/handle/UEH/63183,,,,,,2021,MASTER'S THESES,0,Phạm Mỹ Linh,
Kế toán công,ke toan cong,Kế toán thuế,ke toan thue,3,ueh_repository,UEH/61436,Các nhân tố ảnh hưởng đến việc áp dụng kế toán dồn tích tại các cơ sở giáo dục công lập – Nghiên cứu trên địa bàn Thành phố Hồ Chí Minh,23.5,low,partial_course_tokens_in_title; partial_course_tokens_in_secondary_text; major_context_tokens,https://digital.lib.ueh.edu.vn/handle/UEH/61436,,,,,,2021,MASTER'S THESES,0,Nguyễn Kim Ngân,
Kế toán công,ke toan cong,Kế toán đơn vị hành chính sự nghiệp,ke toan don vi hanh chinh su nghiep,1,tiki_book,279292266,"Hướng Dẫn Chế Độ Kế Toán Hành Chính, Sự Nghiệp Và Lập Báo Cáo Tài Chính Hợp Nhất Của Đơn Vị Kế Toán Cấp Trên (V2683T)",46.37,medium,strong_course_tokens_in_title; partial_course_tokens_in_secondary_text,https://tiki.vn/sach-huong-dan-che-do-ke-toan-hanh-chinh-su-nghiep-va-lap-bao-cao-tai-chinh-hop-nhat-cua-don-vi-ke-toan-cap-tren-v2683t-p279292266.html?spid=279292267,315000,0.0,0,,sách kế toán; kế toán tài chính; kiểm toán báo cáo tài chính,,,,,0.0
Kế toán công,ke toan cong,Kế toán đơn vị hành chính sự nghiệp,ke toan don vi hanh chinh su nghiep,2,tiki_book,279202007,"Hướng Dẫn Chế Độ Kế Toán Hành Chính, Sự Nghiệp Và Lập Báo Cáo Tài Chính Hợp Nhất Của Đơn Vị Kế Toán Cấp Trên",46.37,medium,strong_course_tokens_in_title; partial_course_tokens_in_secondary_text,https://tiki.vn/huong-dan-che-do-ke-toan-hanh-chinh-su-nghiep-va-lap-bao-cao-tai-chinh-hop-nhat-cua-don-vi-ke-toan-cap-tren-p279202007.html?spid=279202008,325000,0.0,0,,kế toán tài chính; kiểm toán báo cáo tài chính,,,,,0.0
Kế toán công,ke toan cong,Kế toán đơn vị hành chính sự nghiệp,ke toan don vi hanh chinh su nghiep,3,tiki_book,279344616,"- Hướng Dẫn Chế Độ Kế Toán Hành Chính, Sự Nghiệp Và Lập Báo Cáo Tài Chính Hợp Nhất Của Đơn Vị Kế Toán Cấp Trên",44.63,medium,strong_course_tokens_in_title; partial_course_tokens_in_secondary_text,https://tiki.vn/sach-huong-dan-che-do-ke-toan-hanh-chinh-su-nghiep-va-lap-bao-cao-tai-chinh-hop-nhat-cua-don-vi-ke-toan-cap-tren-p279344616.html?spid=279344617,425000,0.0,0,,kiểm toán báo cáo tài chính,,,,,0.0
Kế toán công,ke toan cong,Kế toán đơn vị hành chính sự nghiệp,ke toan don vi hanh chinh su nghiep,1,ueh_repository,UEH/62647,Các nhân tố ảnh hưởng đến việc áp dụng thẻ điểm khu vực công (PSS) – Nghiên cứu trong các đơn vị hành chính sự nghiệp tại Thành phố Hồ Chí Minh,62.41,high,strong_course_tokens_in_title; strong_course_tokens_in_secondary_text,https://digital.lib.ueh.edu.vn/handle/UEH/62647,,,,,,2020,MASTER'S THESES,0,Nguyễn Thị Hồng Gấm,
Kế toán công,ke toan cong,Kế toán đơn vị hành chính sự nghiệp,ke toan don vi hanh chinh su nghiep,2,ueh_repository,UEH/62948,Nghiên cứu các yếu tố tác động đến sự cam kết của viên chức sau khi thực hiện sáp nhập và giải thể các đơn vị hành chính sự nghiệp thuộc Sở Tài nguyên và Môi trường tỉnh Đồng Nai,55.28,medium,strong_course_tokens_in_title; partial_course_tokens_in_secondary_text,https://digital.lib.ueh.edu.vn/handle/UEH/62948,,,,,,2020,MASTER'S THESES,0,Trần Đình Thái,
Kế toán công,ke toan cong,Kế toán đơn vị hành chính sự nghiệp,ke toan don vi hanh chinh su nghiep,3,ueh_repository,UEH/61354,Các nhân tố ảnh hưởng đến chất lượng hệ thống thông tin kế toán của các đơn vị sự nghiệp y tế công lập tại thành phố Hồ Chí Minh,39.25,medium,partial_course_tokens_in_title; partial_course_tokens_in_secondary_text; major_context_tokens,https://digital.lib.ueh.edu.vn/handle/UEH/61354,,,,,,2020,MASTER'S THESES,0,Nguyễn Thị Hằng,
Kế toán công,ke toan cong,Luật ngân sách nhà nước,luat ngan sach nha nuoc,1,tiki_book,276163364,"Luật ngân hàng nhà nước Việt Nam (hiện hành) (sửa đổi, bổ sung năm 2022)",26.79,low,partial_course_tokens_in_title; partial_course_tokens_in_secondary_text,https://tiki.vn/luat-ngan-hang-nha-nuoc-viet-nam-hien-hanh-sua-doi-bo-sung-nam-2022-p276163364.html?spid=276163365,22000,0.0,0,7,tín dụng ngân hàng,,,,,2.0794
Kế toán công,ke toan cong,Luật ngân sách nhà nước,luat ngan sach nha nuoc,2,tiki_book,276165419,"Luật ngân hàng nhà nước Việt Nam (hiện hành) (sửa đổi, bổ sung năm 2022)",26.79,low,partial_course_tokens_in_title; partial_course_tokens_in_secondary_text,https://tiki.vn/luat-ngan-hang-nha-nuoc-viet-nam-hien-hanh-sua-doi-bo-sung-nam-2022-p276165419.html?spid=276165420,22000,0.0,0,3,tín dụng ngân hàng,,,,,1.3863
Kế toán công,ke toan cong,Luật ngân sách nhà nước,luat ngan sach nha nuoc,3,tiki_book,277442506,- Luật ngân hàng nhà nước Việt Nam - Nhiều tác giả - NXB Lao động,26.79,low,partial_course_tokens_in_title; partial_course_tokens_in_secondary_text,https://tiki.vn/sach-luat-ngan-hang-nha-nuoc-viet-nam-nhieu-tac-gia-nxb-lao-dong-p277442506.html?spid=277442507,35000,0.0,0,,tín dụng ngân hàng,,,,,0.0
Kế toán công,ke toan cong,Luật ngân sách nhà nước,luat ngan sach nha nuoc,1,ueh_repository,UEH/62678,Cân đối ngân sách nhà nước trong điều kiện áp dụng Luật Ngân sách Nhà nước năm 2015 – Trường hợp Thành phố Hồ Chí Minh,74.33,high,exact_course_in_title; partial_course_tokens_in_secondary_text,https://digital.lib.ueh.edu.vn/handle/UEH/62678,,,,,,2021,MASTER'S THESES,0,Trần Mai Phương,
Kế toán công,ke toan cong,Luật ngân sách nhà nước,luat ngan sach nha nuoc,2,ueh_repository,UEH/61550,Tăng cường kiểm soát chi các khoản thanh toán cá nhân qua kho bạc nhằm khắc phục tình trạng thất thoát ngân sách nhà nước tại Kho bạc Nhà nước Quận 12 - thành phố Hồ Chí Minh,30.18,medium,partial_course_tokens_in_title; partial_course_tokens_in_secondary_text,https://digital.lib.ueh.edu.vn/handle/UEH/61550,,,,,,2021,MASTER'S THESES,0,Nguyễn Thị Linh Hường,
Kế toán công,ke toan cong,Luật ngân sách nhà nước,luat ngan sach nha nuoc,3,ueh_repository,UEH/63609,Kiểm soát chi thường xuyên ngân sách nhà nước qua thanh toán không dùng tiền mặt của kho bạc nhà nước Phú Yên,30.18,medium,partial_course_tokens_in_title; partial_course_tokens_in_secondary_text,https://digital.lib.ueh.edu.vn/handle/UEH/63609,,,,,,2021,MASTER'S THESES,0,Bùi Thị Hồng Thúy,
Kế toán doanh nghiệp,ke toan doanh nghiep,Kiểm toán nội bộ,kiem toan noi bo,1,tiki_book,94851869,"Nghiệp Vụ Dành Cho Kế Toán Kiểm Toán Nội Bộ Chuẩn Mực, Nguyên Tắc Đạo Đức Nghề Nghiệp Và Quy Chế Kiểm Toán Nội Bộ Trong Các Cơ Quan Nhà Nước, Đơn Vị Sự Nghiệp Công Lập Và Doanh Nghiệp",82.98,high,exact_course_in_title; exact_course_in_secondary_text; major_context_tokens,https://tiki.vn/sach-nghiep-vu-danh-cho-ke-toan-kiem-toan-noi-bo-chuan-muc-nguyen-tac-dao-duc-nghe-nghiep-va-quy-che-kiem-toan-noi-bo-trong-cac-co-quan-nha-nuoc-don-vi-su-nghiep-cong-lap-va-doanh-nghiep-p94851869.html?spid=94851870,291700,5.0,2,18,chuẩn mực kế toán; kiểm toán; sách kiểm toán; kiểm toán nội bộ; kiểm soát nội bộ; nghiệp vụ buồng phòng,,,,,9.5924
Kế toán doanh nghiệp,ke toan doanh nghiep,Kiểm toán nội bộ,kiem toan noi bo,2,tiki_book,243300009,Kiểm toán nội bộ trong doanh nghiệp,81.85,high,exact_course_in_title; exact_course_in_secondary_text,https://tiki.vn/kie-m-toa-n-no-i-bo-trong-doanh-nghie-p-p243300009.html?spid=243300010,116000,5.0,1,24,kiểm toán; kiểm toán nội bộ; kiểm soát nội bộ,,,,,9.2586
Kế toán doanh nghiệp,ke toan doanh nghiep,Kiểm toán nội bộ,kiem toan noi bo,3,tiki_book,272452952,Kiểm Toán Nội Bộ Trong Doanh Nghiệp (14),81.85,high,exact_course_in_title; exact_course_in_secondary_text,https://tiki.vn/kiem-toan-noi-bo-trong-doanh-nghiep-14-p272452952.html?spid=273698073,113580,0.0,0,5,kiểm toán; sách kiểm toán; kiểm toán nội bộ; kiểm soát nội bộ,,,,,1.7918
Kế toán doanh nghiệp,ke toan doanh nghiep,Kiểm toán nội bộ,kiem toan noi bo,1,ueh_repository,UEH/61472,Hoàn thiện công tác kiểm toán nội bộ trong các Ngân hàng Thương mại Việt Nam,80.9,high,exact_course_in_title; exact_course_in_secondary_text,https://digital.lib.ueh.edu.vn/handle/UEH/61472,,,,,,2020,MASTER'S THESES,0,Trịnh Đức Tâm,
Kế toán doanh nghiệp,ke toan doanh nghiep,Kiểm toán nội bộ,kiem toan noi bo,2,ueh_repository,UEH/61237,Giải pháp hoàn thiện hoạt động kiểm toán ngân sách địa phương tại Kiểm toán Nhà nước khu vực Đông Nam Bộ,20.29,low,partial_course_tokens_in_title; partial_course_tokens_in_secondary_text,https://digital.lib.ueh.edu.vn/handle/UEH/61237,,,,,,2020,MASTER'S THESES,0,Lê Văn Tuyên,
Kế toán doanh nghiệp,ke toan doanh nghiep,Kiểm toán nội bộ,kiem toan noi bo,3,ueh_repository,UEH/62542,Con đường chuyển đổi số trong kiểm toán: cơ hội và thách thức,20.21,low,partial_course_tokens_in_title; partial_course_tokens_in_secondary_text,https://digital.lib.ueh.edu.vn/handle/UEH/62542,,,,,,2021,Book Series,0,TS. Nguyễn Hoàng Tố Loan,
Kế toán doanh nghiệp,ke toan doanh nghiep,Kế toán quản trị,ke toan quan tri,1,tiki_book,278731661,Kế Toán Quản Trị - Managerial Accounting,91.38,high,exact_course_in_title; exact_course_in_secondary_text; major_context_tokens,https://tiki.vn/ke-toan-quan-tri-managerial-accounting-p278731661.html?spid=278731662,599000,0.0,0,1,accounting; financial accounting; kế toán quản trị; management accounting,,,,,0.6931
Kế toán doanh nghiệp,ke toan doanh nghiep,Kế toán quản trị,ke toan quan tri,2,tiki_book,278663334,Kế Toán Quản Trị - Managerial Accounting - Từ Số Liệu Đến Chiến Lược - Alpha Books,91.38,high,exact_course_in_title; exact_course_in_secondary_text; major_context_tokens,https://tiki.vn/ke-toan-quan-tri-managerial-accounting-tu-so-lieu-den-chien-luoc-alpha-books-p278663334.html?spid=278663335,539000,0.0,0,1,accounting; financial accounting; kế toán quản trị; management accounting,,,,,0.6931
Kế toán doanh nghiệp,ke toan doanh nghiep,Kế toán quản trị,ke toan quan tri,3,tiki_book,248208240,Kế toán quản trị doanh nghiệp,82.72,high,exact_course_in_title; exact_course_in_secondary_text; major_context_tokens,https://tiki.vn/ke-toan-quan-tri-doanh-nghiep-p248208240.html?spid=248208241,118000,5.0,3,28,quản trị kinh doanh; sách quản trị kinh doanh; quản trị doanh nghiệp; định giá doanh nghiệp; kế toán; kế toán quản trị,,,,,10.4467
Kế toán doanh nghiệp,ke toan doanh nghiep,Kế toán quản trị,ke toan quan tri,1,ueh_repository,UEH/63683,Tác động của môi trường cạnh tranh đến văn hóa tổ chức và chiến lược kinh doanh - Ảnh hưởng đến việc thực hiện kế toán quản trị tại các doanh nghiệp ở Việt Nam,74.3,high,exact_course_in_title; exact_course_in_secondary_text; major_context_tokens,https://digital.lib.ueh.edu.vn/handle/UEH/63683,,,,,,2022,MASTER'S THESES,0,Hứa Ngô Minh Châu,
Kế toán doanh nghiệp,ke toan doanh nghiep,Kế toán quản trị,ke toan quan tri,2,ueh_repository,UEH/63733,Nhân tố tác động đến việc triển khai các kỹ thuật kế toán quản trị tại các doanh nghiệp sản xuất nhỏ và vừa ở Việt Nam,74.3,high,exact_course_in_title; exact_course_in_secondary_text; major_context_tokens,https://digital.lib.ueh.edu.vn/handle/UEH/63733,,,,,,2022,DISSERTATIONS,0,Nguyễn Thị Huyền Trâm,
Kế toán doanh nghiệp,ke toan doanh nghiep,Kế toán quản trị,ke toan quan tri,3,ueh_repository,UEH/61442,Tác động của sự tham gia của kế toán vào quá trình ra quyết định chiến lược đến việc vận dụng thông tin kế toán quản trị nhằm nâng cao hiệu quả tài chính cho doanh nghiệp Việt Nam,74.3,high,exact_course_in_title; exact_course_in_secondary_text; major_context_tokens,https://digital.lib.ueh.edu.vn/handle/UEH/61442,,,,,,2021,MASTER'S THESES,0,Trần Nữ Vân Nhi,
Kế toán doanh nghiệp,ke toan doanh nghiep,Kế toán quốc tế IFRS,ke toan quoc te ifrs,1,tiki_book,31568245,Hướng dẫn lập báo cáo tài chính hợp nhất (theo VAS và IFRS),38.95,medium,partial_course_tokens_in_title; partial_course_tokens_in_secondary_text,https://tiki.vn/huong-dan-lap-bao-cao-tai-chinh-hop-nhat-theo-vas-va-ifrs-p31568245.html?spid=276384240,296000,5.0,1,107,báo cáo tài chính; IFRS; kiểm toán báo cáo tài chính; trích dẫn tài liệu,,,,,10.7219
Kế toán doanh nghiệp,ke toan doanh nghiep,Kế toán quốc tế IFRS,ke toan quoc te ifrs,2,tiki_book,279018244,Hướng dẫn lập báo cáo IFRS và chuyển đổi báo cáo tài chính từ VAS sang IFRS,37.79,medium,partial_course_tokens_in_title; partial_course_tokens_in_secondary_text,https://tiki.vn/huong-dan-lap-bao-cao-ifrs-va-chuyen-doi-bao-cao-tai-chinh-tu-vas-sang-ifrs-p279018244.html?spid=279018245,296000,0.0,0,29,báo cáo tài chính; IFRS; viết báo cáo nghiên cứu,,,,,3.4012
Kế toán doanh nghiệp,ke toan doanh nghiep,Kế toán quốc tế IFRS,ke toan quoc te ifrs,3,tiki_book,248861528,Cẩm Nang Thanh Toán Quốc Tế Và Tài Trợ Ngoại Thương - Dành Cho Cao Học Và NCS ( Tái Bản 2023),33.52,medium,partial_course_tokens_in_title; partial_course_tokens_in_secondary_text,https://tiki.vn/cam-nang-thanh-toan-quoc-te-va-tai-tro-ngoai-thuong-danh-cho-cao-hoc-va-ncs-tai-ban-2023-p248861528.html?spid=248861529,595000,5.0,2,6,thanh toán quốc tế,,,,,8.5938
Kế toán doanh nghiệp,ke toan doanh nghiep,Kế toán quốc tế IFRS,ke toan quoc te ifrs,1,ueh_repository,UEH/63439,Các nhân tố ảnh hưởng đến sự sẵn sàng chấp nhận của kế toán viên trong việc áp dụng IFRS tại TP Hồ Chí Minh,50.3,medium,partial_course_tokens_in_title; partial_course_tokens_in_secondary_text,https://digital.lib.ueh.edu.vn/handle/UEH/63439,,,,,,2021,MASTER'S THESES,0,Cao Thị Thu Hà,
Kế toán doanh nghiệp,ke toan doanh nghiep,Kế toán quốc tế IFRS,ke toan quoc te ifrs,2,ueh_repository,UEH/62179,Optimal approach and timeline for IFRS adoption in Vietnam: Perceptions from accounting professionals,41.74,medium,partial_course_tokens_in_title; partial_course_tokens_in_secondary_text,https://digital.lib.ueh.edu.vn/handle/UEH/62179,,,,,,2014,INTERNATIONAL PUBLICATIONS,0,Phan D.H.T.; Mascitelli B.,
Kế toán doanh nghiệp,ke toan doanh nghiep,Kế toán quốc tế IFRS,ke toan quoc te ifrs,3,ueh_repository,UEH/62432,Chuyển đổi báo cáo tài chính từ chuẩn mực kế toán Việt Nam sang chuẩn mực báo cáo tài chính quốc tế - Nghiên cứu tại Công ty Cổ phần Khu công Nnghiệp Nam Tân Uyên,39.98,medium,partial_course_tokens_in_title; strong_course_tokens_in_secondary_text,https://digital.lib.ueh.edu.vn/handle/UEH/62432,,,,,,2021,MASTER'S THESES,0,Đoàn Thị Kim Thảo,
Kế toán doanh nghiệp,ke toan doanh nghiep,Kế toán thuế doanh nghiệp,ke toan thue doanh nghiep,1,tiki_book,272443339,Kế Toán Thuế Trong Doanh Nghiệp Và Kỹ Năng Quyết Toán Thuế( 14),78.55,high,strong_course_tokens_in_title; partial_course_tokens_in_secondary_text; major_context_tokens,https://tiki.vn/ke-toan-thue-trong-doanh-nghiep-va-ky-nang-quyet-toan-thue-14-p272443339.html?spid=273697643,257484,0.0,0,1,kế toán; thuế,,,,,0.6931
Kế toán doanh nghiệp,ke toan doanh nghiep,Kế toán thuế doanh nghiệp,ke toan thue doanh nghiep,2,tiki_book,271342481,Thuế Và Kế Toán Thuế Trong Doanh Nghiệp - Lý Thuyết Và Thực Hành (Tái Bản 2023),74.19,high,strong_course_tokens_in_title; partial_course_tokens_in_secondary_text; major_context_tokens,https://tiki.vn/thue-va-ke-toan-thue-trong-doanh-nghiep-ly-thuyet-va-thuc-hanh-tai-ban-2023-p271342481.html?spid=271342482,236900,4.7,7,104,kế toán; kế toán quản trị; thuế,,,,,12.4731
Kế toán doanh nghiệp,ke toan doanh nghiep,Kế toán thuế doanh nghiệp,ke toan thue doanh nghiep,3,tiki_book,272436446,Thuế Và Kế Toán Thuế Trong Doanh Nghiệp - Lý thuyết và thực hành (Tái bản lần thứ nhất) (14),74.19,high,strong_course_tokens_in_title; partial_course_tokens_in_secondary_text; major_context_tokens,https://tiki.vn/thue-va-ke-toan-thue-trong-doanh-nghiep-ly-thuyet-va-thuc-hanh-tai-ban-lan-thu-nhat-14-p272436446.html?spid=273697478,288134,5.0,1,3,kế toán; kế toán quản trị; thuế,,,,,7.426
Kế toán doanh nghiệp,ke toan doanh nghiep,Kế toán thuế doanh nghiệp,ke toan thue doanh nghiep,1,ueh_repository,UEH/63039,Các yếu tố tác động đến hành vi tuân thủ pháp luật thuế của doanh nghiệp tại tỉnh Đắk Nông,31.53,medium,partial_course_tokens_in_title; partial_course_tokens_in_secondary_text,https://digital.lib.ueh.edu.vn/handle/UEH/63039,,,,,,2021,MASTER'S THESES,0,Nguyễn Thị Hải Lý,
Kế toán doanh nghiệp,ke toan doanh nghiep,Kế toán thuế doanh nghiệp,ke toan thue doanh nghiep,2,ueh_repository,UEH/62565,Kiểm tra tính tuân thủ thuế của Doanh nghiệp thông qua hoạt động thanh tra chống chuyển giá: trường hợp Cục thuế tỉnh Đồng Nai,30.75,medium,partial_course_tokens_in_title; partial_course_tokens_in_secondary_text,https://digital.lib.ueh.edu.vn/handle/UEH/62565,,,,,,2021,MASTER'S THESES,0,Trương Quang Duy,
Kế toán doanh nghiệp,ke toan doanh nghiep,Kế toán thuế doanh nghiệp,ke toan thue doanh nghiep,3,ueh_repository,UEH/61131,Các yếu tố tác động đến mức độ không tuân thủ thuế của doanh nghiệp tại Chi cục Thuế Quận 10 qua công tác thanh tra kiểm tra thuế,30.75,medium,partial_course_tokens_in_title; partial_course_tokens_in_secondary_text,https://digital.lib.ueh.edu.vn/handle/UEH/61131,,,,,,2020,MASTER'S THESES,0,Nguyễn Thị Kim Huyền,
Kế toán doanh nghiệp,ke toan doanh nghiep,Kế toán tài chính,ke toan tai chinh,1,tiki_book,56602776,Kế Toán Tài Chính Doanh Nghiệp Thương Mại Dịch Vụ,84.49,high,exact_course_in_title; exact_course_in_secondary_text; major_context_tokens,https://tiki.vn/ke-toan-tai-chinh-doanh-nghiep-thuong-mai-dich-vu-p56602776.html?spid=56602777,268000,5.0,5,40,tài chính doanh nghiệp; kế toán; kế toán tài chính; kiểm toán báo cáo tài chính,,,,,11.4012
Kế toán doanh nghiệp,ke toan doanh nghiep,Kế toán tài chính,ke toan tai chinh,2,tiki_book,55420893,Kế Toán Tài Chính - Doanh Nghiệp Thương Mại Dịch Vụ,84.49,high,exact_course_in_title; exact_course_in_secondary_text; major_context_tokens,https://tiki.vn/ke-toan-tai-chinh-doanh-nghiep-thuong-mai-dich-vu-p55420893.html?spid=55420894,235800,5.0,4,49,tài chính doanh nghiệp; kế toán; kế toán tài chính; kiểm toán báo cáo tài chính,,,,,11.3262
Kế toán doanh nghiệp,ke toan doanh nghiep,Kế toán tài chính,ke toan tai chinh,3,tiki_book,145757887,Kế Toán Tài Chính Doanh Nghiệp Thương Mại Dịch Vụ,84.49,high,exact_course_in_title; exact_course_in_secondary_text; major_context_tokens,https://tiki.vn/sach-ke-toan-tai-chinh-doanh-nghiep-thuong-mai-dich-vu-p145757887.html?spid=273697749,267197,0.0,0,3,tài chính doanh nghiệp; kế toán tài chính,,,,,1.3863
Kế toán doanh nghiệp,ke toan doanh nghiep,Kế toán tài chính,ke toan tai chinh,1,ueh_repository,UEH/62673,"Doanh thu, chi phí và kết quả kinh doanh tại Công ty Cổ phần Sản xuất Kinh doanh Sơn Kim – Theo kế toán tài chính và kế toán quản trị",67.26,high,exact_course_in_title; partial_course_tokens_in_secondary_text,https://digital.lib.ueh.edu.vn/handle/UEH/62673,,,,,,2021,MASTER'S THESES,0,Hồ Thị Khánh An,
Kế toán doanh nghiệp,ke toan doanh nghiep,Kế toán tài chính,ke toan tai chinh,2,ueh_repository,UEH/62613,Hoàn thiện tổ chức công tác kế toán tại trường Đại học Y khoa Phạm Ngọc Thạch trong điều kiện thực hiện chế độ tự chủ tài chính,39.89,medium,partial_course_tokens_in_title; partial_course_tokens_in_secondary_text,https://digital.lib.ueh.edu.vn/handle/UEH/62613,,,,,,2021,MASTER'S THESES,0,Nguyễn Thị Kim Thanh,
Kế toán doanh nghiệp,ke toan doanh nghiep,Kế toán tài chính,ke toan tai chinh,3,ueh_repository,UEH/61168,Hoàn thiện tổ chức công tác kế toán tại Trường Đại học Y khoa Phạm Ngọc Thạch,36.28,medium,partial_course_tokens_in_title; partial_course_tokens_in_secondary_text,https://digital.lib.ueh.edu.vn/handle/UEH/61168,,,,,,2020,MASTER'S THESES,0,Nguyễn Thị Chúc Linh,
Kế toán doanh nghiệp,ke toan doanh nghiep,Phân tích báo cáo tài chính,phan tich bao cao tai chinh,1,tiki_book,274409757,Ứng dụng Phân tích báo cáo tài chính và định giá doanh nghiệp trong thực tiễn,94.71,high,exact_course_in_title; strong_course_tokens_in_secondary_text,https://tiki.vn/ung-dung-phan-tich-bao-cao-tai-chinh-va-dinh-gia-doanh-nghiep-trong-thuc-tien-p274409757.html?spid=274409758,189000,0.0,0,11,phân tích tài chính; báo cáo tài chính; kiểm toán báo cáo tài chính,,,,,2.4849
Kế toán doanh nghiệp,ke toan doanh nghiep,Phân tích báo cáo tài chính,phan tich bao cao tai chinh,2,tiki_book,274579146,Ứng Dụng Phân Tích Báo Cáo Tài Chính Và Định Giá Doanh Nghiệp Trong Thực Tiễn,94.71,high,exact_course_in_title; strong_course_tokens_in_secondary_text,https://tiki.vn/ung-dung-phan-tich-bao-cao-tai-chinh-va-dinh-gia-doanh-nghiep-trong-thuc-tien-p274579146.html?spid=274579147,173800,0.0,0,11,phân tích tài chính; báo cáo tài chính; kiểm toán báo cáo tài chính,,,,,2.4849
Kế toán doanh nghiệp,ke toan doanh nghiep,Phân tích báo cáo tài chính,phan tich bao cao tai chinh,3,tiki_book,274912950,- Ứng dụng Phân tích báo cáo tài chính và định giá doanh nghiệp trong thực tiễn - TH,94.71,high,exact_course_in_title; strong_course_tokens_in_secondary_text,https://tiki.vn/sach-ung-dung-phan-tich-bao-cao-tai-chinh-va-dinh-gia-doanh-nghiep-trong-thuc-tien-th-p274912950.html?spid=274912951,179550,0.0,0,1,phân tích tài chính; báo cáo tài chính; kiểm toán báo cáo tài chính,,,,,0.6931
Kế toán doanh nghiệp,ke toan doanh nghiep,Phân tích báo cáo tài chính,phan tich bao cao tai chinh,1,ueh_repository,UEH/62432,Chuyển đổi báo cáo tài chính từ chuẩn mực kế toán Việt Nam sang chuẩn mực báo cáo tài chính quốc tế - Nghiên cứu tại Công ty Cổ phần Khu công Nnghiệp Nam Tân Uyên,33.05,medium,partial_course_tokens_in_title; partial_course_tokens_in_secondary_text,https://digital.lib.ueh.edu.vn/handle/UEH/62432,,,,,,2021,MASTER'S THESES,0,Đoàn Thị Kim Thảo,
Kế toán doanh nghiệp,ke toan doanh nghiep,Phân tích báo cáo tài chính,phan tich bao cao tai chinh,2,ueh_repository,UEH/63352,Các nhân tố ảnh hưởng đến chất lượng báo cáo tài chính của các doanh nghiệp ngành hàng tiêu dùng nhanh niêm yết trên thị trường chứng khoán Việt Nam,32.53,medium,partial_course_tokens_in_title; partial_course_tokens_in_secondary_text,https://digital.lib.ueh.edu.vn/handle/UEH/63352,,,,,,2021,MASTER'S THESES,0,Hồ Trần Thị Thanh Thủy,
Kế toán doanh nghiệp,ke toan doanh nghiep,Phân tích báo cáo tài chính,phan tich bao cao tai chinh,3,ueh_repository,UEH/63538,Các nhân tố ảnh hưởng đến chất lượng thông tin trên báo cáo tài chính của các công ty logistics forwarders trên địa bàn Thành phố Hồ Chí Minh: Xét trên cảm nhận của người đọc BCTC,32.25,medium,partial_course_tokens_in_title; partial_course_tokens_in_secondary_text,https://digital.lib.ueh.edu.vn/handle/UEH/63538,,,,,,2021,MASTER'S THESES,0,Trần Ngọc Huyền,
Kỹ sư Robot và Trí tuệ nhân tạo,ky su robot va tri tue nhan tao,Hệ thống nhúng,he thong nhung,1,tiki_book,276237667,Tích Hợp Hệ Thống Tự Động Điều Khiển Quá Trình Công Nghệ Sinh Học Và Công Nghệ Thực Phẩm,77.7,high,strong_course_tokens_in_title; partial_course_tokens_in_secondary_text,https://tiki.vn/tich-hop-he-thong-tu-dong-dieu-khien-qua-trinh-cong-nghe-sinh-hoc-va-cong-nghe-thuc-pham-p276237667.html?spid=276237668,249000,5.0,1,1,công nghệ thông tin,,,,,6.7329
Kỹ sư Robot và Trí tuệ nhân tạo,ky su robot va tri tue nhan tao,Hệ thống nhúng,he thong nhung,2,tiki_book,278632652,Hệ Thống Thông Tin Trong Y Tế,77.7,high,strong_course_tokens_in_title; partial_course_tokens_in_secondary_text,https://tiki.vn/sach-he-thong-thong-tin-trong-y-te-p278632652.html?spid=278632655,338000,0.0,0,16,công nghệ thông tin,,,,,2.8332
Kỹ sư Robot và Trí tuệ nhân tạo,ky su robot va tri tue nhan tao,Hệ thống nhúng,he thong nhung,3,tiki_book,278703361,- Hệ Thống Thông Tin Y Tế,77.7,high,strong_course_tokens_in_title; partial_course_tokens_in_secondary_text,https://tiki.vn/sach-he-thong-thong-tin-y-te-p278703361.html?spid=278703362,390000,0.0,0,1,công nghệ thông tin,,,,,0.6931
Kỹ sư Robot và Trí tuệ nhân tạo,ky su robot va tri tue nhan tao,Hệ thống nhúng,he thong nhung,1,ueh_repository,UEH/62539,Định vị hệ thống ngân hàng Việt Nam trong kỷ nguyên chuyển đổi số,94.12,high,strong_course_tokens_in_title; strong_course_tokens_in_secondary_text,https://digital.lib.ueh.edu.vn/handle/UEH/62539,,,,,,2021,Book Series,0,Nguyễn Quốc Anh; Dương Nguyễn Thanh Phương; Nguyễn Văn Luông; Trần Thị Mỹ Liên; Lê Hữu Hưng,
Kỹ sư Robot và Trí tuệ nhân tạo,ky su robot va tri tue nhan tao,Hệ thống nhúng,he thong nhung,2,ueh_repository,UEH/61075,Các nhân tố thuộc hệ thống kiểm soát nội bộ tác động đến công tác hoàn thuế giá trị gia tăng tại Cục Thuế tỉnh Đồng Nai,94.11,high,strong_course_tokens_in_title; strong_course_tokens_in_secondary_text,https://digital.lib.ueh.edu.vn/handle/UEH/61075,,,,,,2020,MASTER'S THESES,0,Trần Quảng Ninh,
Kỹ sư Robot và Trí tuệ nhân tạo,ky su robot va tri tue nhan tao,Hệ thống nhúng,he thong nhung,3,ueh_repository,UEH/63276,Các nhân tố ảnh hưởng đến sự thỏa mãn của nhân viên kế toán trong việc sử dụng hệ thống hoạch định nguồn lực doanh nghiệp (ERP) ở các doanh nghiệp tại TP. Hồ Chí Minh,94.09,high,strong_course_tokens_in_title; strong_course_tokens_in_secondary_text,https://digital.lib.ueh.edu.vn/handle/UEH/63276,,,,,,2021,MASTER'S THESES,0,Nguyễn Thị Hồng Ái,
Kỹ sư Robot và Trí tuệ nhân tạo,ky su robot va tri tue nhan tao,Học máy nâng cao,hoc may nang cao,1,tiki_book,278226682,- Thiết Kế Hệ Thống Học Máy - Designing Machine Learning Systems,35.33,medium,partial_course_tokens_in_title; partial_course_tokens_in_secondary_text,https://tiki.vn/sach-thiet-ke-he-thong-hoc-may-designing-machine-learning-systems-p278226682.html?spid=278226683,318700,0.0,0,19,machine learning,,,,,2.9957
Kỹ sư Robot và Trí tuệ nhân tạo,ky su robot va tri tue nhan tao,Học máy nâng cao,hoc may nang cao,2,tiki_book,278325503,Thiết Kế Hệ Thống Học Máy - Designing Machine Learning Systems,35.33,medium,partial_course_tokens_in_title; partial_course_tokens_in_secondary_text,https://tiki.vn/thiet-ke-he-thong-hoc-may-designing-machine-learning-systems-p278325503.html?spid=278325504,375000,0.0,0,1,machine learning,,,,,0.6931
Kỹ sư Robot và Trí tuệ nhân tạo,ky su robot va tri tue nhan tao,Học máy nâng cao,hoc may nang cao,3,tiki_book,115126767,"Everything You Need To Ace Computer Science And Coding Big Fat Notebooks - Sổ Tay Khoa Học Máy Tính Và Mã Hóa ( Tiếng Anh, Lớp 8 - Lớp 12 ) - - Nâng Cao Kiến Thức Khoa Học Máy Tính Và Lập Trình - Á Châu Books, Bìa Cứng, In Màu",26.25,low,partial_course_tokens_in_title,https://tiki.vn/sach-everything-you-need-to-ace-computer-science-and-coding-big-fat-notebooks-so-tay-may-tinh-tieng-anh-lop-8-lop-12-p115126767.html?spid=115126768,332640,5.0,6,56,computer science; coding; computer network,,,,,11.9619
Kỹ sư Robot và Trí tuệ nhân tạo,ky su robot va tri tue nhan tao,Học máy nâng cao,hoc may nang cao,1,ueh_repository,UEH/61960,Different firm responses to the COVID-19 pandemic shocks: machine-learning evidence on the Vietnamese labor market,25.03,medium,partial_course_tokens_in_title; partial_course_tokens_in_secondary_text,https://digital.lib.ueh.edu.vn/handle/UEH/61960,,,,,,2023,INTERNATIONAL PUBLICATIONS,0,Le L.H.V.; Huynh T.L.D.; Weber B.S.; Nguyen B.K.Q.,
Kỹ sư Robot và Trí tuệ nhân tạo,ky su robot va tri tue nhan tao,Học máy nâng cao,hoc may nang cao,2,ueh_repository,UEH/62254,DDOS detection using machine learning technique,25.03,medium,partial_course_tokens_in_title; partial_course_tokens_in_secondary_text,https://digital.lib.ueh.edu.vn/handle/UEH/62254,,,,,,2021,Conference Papers,0,Pande S.; Khamparia A.; Gupta D.; Thanh D.N.H.,
Kỹ sư Robot và Trí tuệ nhân tạo,ky su robot va tri tue nhan tao,Học máy nâng cao,hoc may nang cao,3,ueh_repository,UEH/61285,Ứng dụng machine learning trong mô hình CAPM,20.27,low,partial_course_tokens_in_title,https://digital.lib.ueh.edu.vn/handle/UEH/61285,,,,,,2020,MASTER'S THESES,0,Trần Trọng Huỳnh,
Kỹ sư Robot và Trí tuệ nhân tạo,ky su robot va tri tue nhan tao,Thị giác máy tính,thi giac may tinh,1,tiki_book,279380903,Giáo trình Thị giác máy tính,100.0,high,exact_course_in_title; partial_course_tokens_in_secondary_text,https://tiki.vn/giao-trinh-thi-giac-may-tinh-p279380903.html?spid=279380904,137750,0.0,0,,mạng máy tính,,,,,0.0
Kỹ sư Robot và Trí tuệ nhân tạo,ky su robot va tri tue nhan tao,Thị giác máy tính,thi giac may tinh,2,tiki_book,279380899,Giáo trình thị giác máy tính,100.0,high,exact_course_in_title; partial_course_tokens_in_secondary_text,https://tiki.vn/giao-trinh-thi-giac-may-tinh-p279380899.html?spid=279380900,137750,0.0,0,,mạng máy tính,,,,,0.0
Kỹ sư Robot và Trí tuệ nhân tạo,ky su robot va tri tue nhan tao,Thị giác máy tính,thi giac may tinh,3,tiki_book,15972401,Máy Tính Khoa Học Deli D991ES (Được Phép Mang Vào Phòng Thi),27.21,low,partial_course_tokens_in_title; partial_course_tokens_in_secondary_text,https://tiki.vn/may-tinh-khoa-hoc-deli-d991es-duoc-phep-mang-vao-phong-thi-p15972401.html?spid=48899928,440000,5.0,23,46,khoa học máy tính,,,,,13.6172
Kỹ sư Robot và Trí tuệ nhân tạo,ky su robot va tri tue nhan tao,Thị giác máy tính,thi giac may tinh,1,ueh_repository,UEH/61149,Áp dụng mô hình tam giác gian lận trong vấn đề đạo đức nghề nghiệp của kiểm toán viên Nhà nước,9.29,low,partial_course_tokens_in_title; partial_course_tokens_in_secondary_text,https://digital.lib.ueh.edu.vn/handle/UEH/61149,,,,,,2020,MASTER'S THESES,0,Phạm Tiến Dũng,
Kỹ sư Robot và Trí tuệ nhân tạo,ky su robot va tri tue nhan tao,Thị giác máy tính,thi giac may tinh,2,ueh_repository,UEH/61324,"Tác động của cảm nhận trách nhiệm xã hội doanh nghiệp đến hành vi xanh và hành vi đổi mới sáng tạo của nhân viên, trường hợp các doanh nghiệp dệt may trên địa bàn tỉnh Bình Dương",7.14,low,partial_course_tokens_in_title,https://digital.lib.ueh.edu.vn/handle/UEH/61324,,,,,,2021,MASTER'S THESES,0,Phạm Trần Thiên Lý,
Kỹ sư Robot và Trí tuệ nhân tạo,ky su robot va tri tue nhan tao,Thị giác máy tính,thi giac may tinh,3,ueh_repository,UEH/62692,Một số giải pháp gia tăng quyết định mua máy phóng phi tiêu của khách hàng doanh nghiệp,7.06,low,partial_course_tokens_in_title; partial_course_tokens_in_secondary_text,https://digital.lib.ueh.edu.vn/handle/UEH/62692,,,,,,2021,MASTER'S THESES,0,Trần Thị Minh Tâm,
Kỹ sư Robot và Trí tuệ nhân tạo,ky su robot va tri tue nhan tao,Trí tuệ nhân tạo,tri tue nhan tao,1,tiki_book,279233260,Hiểu Về Trí Tuệ Nhân Tạo - AI,100.0,high,exact_course_in_title; exact_course_in_secondary_text,https://tiki.vn/sach-hieu-ve-tri-tue-nhan-tao-ai-p279233260.html?spid=279233261,123200,0.0,0,4,trí tuệ nhân tạo,,,,,1.6094
Kỹ sư Robot và Trí tuệ nhân tạo,ky su robot va tri tue nhan tao,Trí tuệ nhân tạo,tri tue nhan tao,2,tiki_book,277674777,Combo Sách Trí Tuệ Nhân Tạo (Trí Tuệ Đồng Hành + AI 2041),100.0,high,exact_course_in_title; exact_course_in_secondary_text,https://tiki.vn/combo-sach-tri-tue-nhan-tao-tri-tue-dong-hanh-ai-2041-p277674777.html?spid=277915064,414800,0.0,0,,trí tuệ nhân tạo,,,,,0.0
Kỹ sư Robot và Trí tuệ nhân tạo,ky su robot va tri tue nhan tao,Trí tuệ nhân tạo,tri tue nhan tao,3,tiki_book,279269336,- Hiểu Về Trí Tuệ Nhân Tạo AI,100.0,high,exact_course_in_title; exact_course_in_secondary_text,https://tiki.vn/sach-hieu-ve-tri-tue-nhan-tao-ai-p279269336.html?spid=279269337,139500,0.0,0,,trí tuệ nhân tạo,,,,,0.0
Kỹ sư Robot và Trí tuệ nhân tạo,ky su robot va tri tue nhan tao,Trí tuệ nhân tạo,tri tue nhan tao,1,ueh_repository,UEH/62540,Ứng dụng công nghệ trí tuệ nhân tạo trong dịch vụ tài chính tại thị trường tài chính Việt Nam,82.0,high,exact_course_in_title; exact_course_in_secondary_text,https://digital.lib.ueh.edu.vn/handle/UEH/62540,,,,,,2021,Book Series,0,TS. Ngô Minh Vũ; TS. Nguyễn Hữu Huân,
Kỹ sư Robot và Trí tuệ nhân tạo,ky su robot va tri tue nhan tao,Trí tuệ nhân tạo,tri tue nhan tao,2,ueh_repository,UEH/62516,Ứng dụng Big Data và ai trong xây dựng và khai thác cơ sở dữ liệu quốc gia về giá bất động sản tại Việt Nam,49.37,medium,partial_course_tokens_in_title; exact_course_in_secondary_text,https://digital.lib.ueh.edu.vn/handle/UEH/62516,,,,,,2021,Book Series,0,Nguyễn Quỳnh Hoa; Huỳnh Kiều Tiên; Hay Sinh; Trần Bích Vân; Nguyễn Kim Đức; Nguyễn Thị Tuyết Nhung,
Kỹ sư Robot và Trí tuệ nhân tạo,ky su robot va tri tue nhan tao,Trí tuệ nhân tạo,tri tue nhan tao,3,ueh_repository,UEH/62242,AI and Blockchain: potential and challenge for building a smart E-Learning system in Vietnam,40.08,medium,partial_course_tokens_in_title; strong_course_tokens_in_secondary_text,https://digital.lib.ueh.edu.vn/handle/UEH/62242,,,,,,2021,Conference Papers,0,Hung N.Q.; Phung T.K.; Hien P.; Thanh D.N.H.,
Kỹ sư Robot và Trí tuệ nhân tạo,ky su robot va tri tue nhan tao,Xử lý tín hiệu số,xu ly tin hieu so,1,tiki_book,651754,"Hướng Dẫn Soạn Thảo Hợp Đồng Theo Bộ Luật Dân Sự Số 91/2015/QH13: Kinh Nghiệm Soạn Thảo, Xử Lý Tranh Chấp, Biện Pháp Phòng Tránh Rủi Ro Pháp Lý",8.5,low,partial_course_tokens_in_title,https://tiki.vn/sach-huong-dan-soan-thao-hop-dong-theo-bo-luat-dan-su-so-91-2015-qh13-kinh-nghiem-soan-thao-xu-ly-tranh-chap-bien-phap-phong-tranh-rui-ro-phap-ly-p651754.html?spid=652119,260000,5.0,1,19,luật cạnh tranh,,,,,9.0355
Kỹ sư Robot và Trí tuệ nhân tạo,ky su robot va tri tue nhan tao,Xử lý tín hiệu số,xu ly tin hieu so,2,tiki_book,276800975,- Phương Pháp Thu Thập Và Xử Lý Số Liệu Thống Kê Cơ Bản - Dành Cho Cán Bộ Quản Lý Cấp Cơ Sở - NXB Chính Trị Quốc Gia,8.47,low,partial_course_tokens_in_title,https://tiki.vn/sach-phuong-phap-thu-thap-va-xu-ly-so-lieu-thong-ke-co-ban-danh-cho-can-bo-quan-ly-cap-co-so-nxb-chinh-tri-quoc-gia-p276800975.html?spid=277513829,69000,0.0,0,,thống kê; xác suất thống kê,,,,,0.0
Kỹ sư Robot và Trí tuệ nhân tạo,ky su robot va tri tue nhan tao,Xử lý tín hiệu số,xu ly tin hieu so,3,tiki_book,168100081,"Quy Trình Tiếp Công Dân, Xử Lý Khiếu Nại, Tố Cáo Và Phòng, Chống Tham Nhũng, Tiêu Cực Tại Cơ Quan Nhà Nước Và Đơn Vị Sự Nghiệp Công Lập",7.01,low,partial_course_tokens_in_title,https://tiki.vn/sach-quy-trinh-tiep-cong-dan-xu-ly-khieu-nai-to-cao-va-phong-chong-tham-nhung-tieu-cuc-tai-co-quan-nha-nuoc-va-don-vi-su-nghiep-cong-lap-p168100081.html?spid=168100082,291700,0.0,0,,nghiệp vụ buồng phòng,,,,,0.0
Kỹ sư Robot và Trí tuệ nhân tạo,ky su robot va tri tue nhan tao,Xử lý tín hiệu số,xu ly tin hieu so,1,ueh_repository,UEH/63184,Xử lý hành vi xâm phạm quyền sở hữu công nghiệp đối với nhãn hiệu - Từ góc độ bảo vệ quyền lợi người tiêu dùng,8.75,low,partial_course_tokens_in_title; partial_course_tokens_in_secondary_text,https://digital.lib.ueh.edu.vn/handle/UEH/63184,,,,,,2021,MASTER'S THESES,0,Thiệu Văn Hùng,
Kỹ sư Robot và Trí tuệ nhân tạo,ky su robot va tri tue nhan tao,Xử lý tín hiệu số,xu ly tin hieu so,2,ueh_repository,UEH/62589,"Pháp luật về xử phạt vi phạm hành chính về xử lý nước thải-thực tiễn áp dụng đối với các cơ sở sản xuất, kinh doanh tại thị xã La Gi, tỉnh Bình Thuận",7.63,low,partial_course_tokens_in_title; partial_course_tokens_in_secondary_text,https://digital.lib.ueh.edu.vn/handle/UEH/62589,,,,,,2021,MASTER'S THESES,0,Nguyễn Thị Cẩm Vân,
Kỹ sư Robot và Trí tuệ nhân tạo,ky su robot va tri tue nhan tao,Xử lý tín hiệu số,xu ly tin hieu so,3,ueh_repository,UEH/63671,Pháp luật về xử lý tài sản thế chấp là quyền sử dụng đất để thu hồi nợ vay ngân hàng tại tòa án nhân dân,6.57,low,partial_course_tokens_in_title; partial_course_tokens_in_secondary_text,https://digital.lib.ueh.edu.vn/handle/UEH/63671,,,,,,2022,MASTER'S THESES,0,Huỳnh Công Danh,
Kỹ sư Robot và Trí tuệ nhân tạo,ky su robot va tri tue nhan tao,Điều khiển tự động,dieu khien tu dong,1,tiki_book,276237667,Tích Hợp Hệ Thống Tự Động Điều Khiển Quá Trình Công Nghệ Sinh Học Và Công Nghệ Thực Phẩm,38.79,medium,partial_course_tokens_in_title,https://tiki.vn/tich-hop-he-thong-tu-dong-dieu-khien-qua-trinh-cong-nghe-sinh-hoc-va-cong-nghe-thuc-pham-p276237667.html?spid=276237668,249000,5.0,1,1,công nghệ thông tin,,,,,6.7329
Kỹ sư Robot và Trí tuệ nhân tạo,ky su robot va tri tue nhan tao,Điều khiển tự động,dieu khien tu dong,2,tiki_book,171937564,Người Điểu Khiển Mê Cung,22.8,low,partial_course_tokens_in_title,https://tiki.vn/nguoi-dieu-khien-me-cung-p171937564.html?spid=274016047,114970,0.0,0,,chuỗi cung ứng,,,,,0.0
Kỹ sư Robot và Trí tuệ nhân tạo,ky su robot va tri tue nhan tao,Điều khiển tự động,dieu khien tu dong,3,tiki_book,278038695,Combo Đầu Tư Vào Vàng - Khoản Đầu Tư Tuyệt Đối An toàn Thiết Yếu Cho Mọi Danh Mục Đầu Tư + Đồng Tiền Lên Ngôi - Lịch Sử Tài Chính Thế Giới,17.01,low,partial_course_tokens_in_title; partial_course_tokens_in_secondary_text,https://tiki.vn/combo-dau-tu-vao-vang-khoan-dau-tu-tuyet-doi-an-toan-thiet-yeu-cho-moi-danh-muc-dau-tu-dong-tien-len-ngoi-lich-su-tai-chinh-the-gioi-p278038695.html?spid=278038698,334000,0.0,0,,đầu tư,,,,,0.0
Kỹ sư Robot và Trí tuệ nhân tạo,ky su robot va tri tue nhan tao,Điều khiển tự động,dieu khien tu dong,1,ueh_repository,UEH/61273,"Ảnh hưởng của lòng tin, công bằng tương tác, quyền sở hữu tâm lý và vai trò trung gian của gắn kết cảm xúc đến hành vi chia sẻ tri thức trong các công ty tự động hóa tại Thành phố Hồ Chí Minh",14.84,low,partial_course_tokens_in_title; partial_course_tokens_in_secondary_text,https://digital.lib.ueh.edu.vn/handle/UEH/61273,,,,,,2021,MASTER'S THESES,0,Ngô Tấn Tài,
Kỹ sư Robot và Trí tuệ nhân tạo,ky su robot va tri tue nhan tao,Điều khiển tự động,dieu khien tu dong,2,ueh_repository,UEH/61355,Nghiên cứu các nhân tố ảnh hưởng đến ý định sử dụng hệ thống kế toán được tự động hóa tại các trường Đại học công lập trên địa bàn TP.HCM,13.99,low,partial_course_tokens_in_title; partial_course_tokens_in_secondary_text,https://digital.lib.ueh.edu.vn/handle/UEH/61355,,,,,,2020,MASTER'S THESES,0,Thái Thị Thùy Trang,
Kỹ sư Robot và Trí tuệ nhân tạo,ky su robot va tri tue nhan tao,Điều khiển tự động,dieu khien tu dong,3,ueh_repository,UEH/61368,Tác động của đòn bẩy tài chính đến độ nhạy cảm giữa đầu tư và dòng tiền của các công ty niêm yết Việt Nam,13.91,low,partial_course_tokens_in_title; partial_course_tokens_in_secondary_text,https://digital.lib.ueh.edu.vn/handle/UEH/61368,,,,,,2021,MASTER'S THESES,0,Nguyễn Thị Trà My,
Logistics và Quản lý chuỗi cung ứng,logistics va quan ly chuoi cung ung,Công nghệ trong logistics,cong nghe trong logistics,1,tiki_book,279112554,- Right to Win For Vietnamese Agriculture - AgriS And Betrimex’s Path To Success In The Global Supply Chain,29.83,low,partial_course_tokens_in_title; partial_course_tokens_in_secondary_text,https://tiki.vn/sach-right-to-win-for-vietnamese-agriculture-agris-and-betrimex-s-path-to-success-in-the-global-supply-chain-p279112554.html?spid=279112555,304500,0.0,0,4,supply chain,,,,,1.6094
Logistics và Quản lý chuỗi cung ứng,logistics va quan ly chuoi cung ung,Công nghệ trong logistics,cong nghe trong logistics,2,tiki_book,279130834,Right to Win for Vietnamese Agriculture: AgriS and Betrimex’s Path to Success in the Global Supply Chain,29.83,low,partial_course_tokens_in_title; partial_course_tokens_in_secondary_text,https://tiki.vn/right-to-win-for-vietnamese-agriculture-agris-and-betrimex-s-path-to-success-in-the-global-supply-chain-p279130834.html?spid=279130835,350000,0.0,0,,supply chain,,,,,0.0
Logistics và Quản lý chuỗi cung ứng,logistics va quan ly chuoi cung ung,Công nghệ trong logistics,cong nghe trong logistics,3,tiki_book,278682566,Quản lý Công nghệ Thông tin trong Y tế,21.87,low,partial_course_tokens_in_title; partial_course_tokens_in_secondary_text,https://tiki.vn/sach-quan-ly-cong-nghe-thong-tin-trong-y-te-p278682566.html?spid=278682567,223000,0.0,0,13,công nghệ thông tin; sách công nghệ thông tin,,,,,2.6391
Logistics và Quản lý chuỗi cung ứng,logistics va quan ly chuoi cung ung,Công nghệ trong logistics,cong nghe trong logistics,1,ueh_repository,UEH/63818,Risks and supply chain performance: globalization and COVID-19 perspectives,31.71,medium,partial_course_tokens_in_title; partial_course_tokens_in_secondary_text,https://digital.lib.ueh.edu.vn/handle/UEH/63818,,,,,,2023,INTERNATIONAL PUBLICATIONS,0,An Thi Binh Duong; Vo Xuan Vinh; Maria do Sameiro Carvalho; Paulo Sampaio; Huy Quang Truong,
Logistics và Quản lý chuỗi cung ứng,logistics va quan ly chuoi cung ung,Công nghệ trong logistics,cong nghe trong logistics,2,ueh_repository,UEH/62017,Improving vegetable supply chain collaboration: a case study in Vietnam,31.68,medium,partial_course_tokens_in_title; partial_course_tokens_in_secondary_text,https://digital.lib.ueh.edu.vn/handle/UEH/62017,,,,,,2022,INTERNATIONAL PUBLICATIONS,0,Ying Yang; Mai Ha Pham; Biao Yang; Jun Wei Sun; Phuong Nguyen Thu Tran,
Logistics và Quản lý chuỗi cung ứng,logistics va quan ly chuoi cung ung,Công nghệ trong logistics,cong nghe trong logistics,3,ueh_repository,UEH/62166,From cultural intelligence to supply chain performance,31.68,medium,partial_course_tokens_in_title; partial_course_tokens_in_secondary_text,https://digital.lib.ueh.edu.vn/handle/UEH/62166,,,,,,2016,INTERNATIONAL PUBLICATIONS,0,Tuan L.T.,
Logistics và Quản lý chuỗi cung ứng,logistics va quan ly chuoi cung ung,Logistics ngược,logistics nguoc,1,tiki_book,279112554,- Right to Win For Vietnamese Agriculture - AgriS And Betrimex’s Path To Success In The Global Supply Chain,39.73,medium,partial_course_tokens_in_title; partial_course_tokens_in_secondary_text,https://tiki.vn/sach-right-to-win-for-vietnamese-agriculture-agris-and-betrimex-s-path-to-success-in-the-global-supply-chain-p279112554.html?spid=279112555,304500,0.0,0,4,supply chain,,,,,1.6094
Logistics và Quản lý chuỗi cung ứng,logistics va quan ly chuoi cung ung,Logistics ngược,logistics nguoc,2,tiki_book,279130834,Right to Win for Vietnamese Agriculture: AgriS and Betrimex’s Path to Success in the Global Supply Chain,39.73,medium,partial_course_tokens_in_title; partial_course_tokens_in_secondary_text,https://tiki.vn/right-to-win-for-vietnamese-agriculture-agris-and-betrimex-s-path-to-success-in-the-global-supply-chain-p279130834.html?spid=279130835,350000,0.0,0,,supply chain,,,,,0.0
Logistics và Quản lý chuỗi cung ứng,logistics va quan ly chuoi cung ung,Logistics ngược,logistics nguoc,3,tiki_book,252588381,Móc Khóa Dog Family Bộ Siêu Tập Key Chain Treo Túi Xách Cặp Táp_ Hàng Chính Hãng,19.5,low,partial_course_tokens_in_title; partial_course_tokens_in_secondary_text,https://tiki.vn/moc-khoa-dog-family-bo-sieu-tap-key-chain-treo-tui-xach-cap-tap_-hang-chinh-hang-p252588381.html?spid=252588387,79000,5.0,2,35,supply chain,,,,,10.2314
Logistics và Quản lý chuỗi cung ứng,logistics va quan ly chuoi cung ung,Logistics ngược,logistics nguoc,1,ueh_repository,UEH/62783,Mối quan hệ giữa các tác nhân trong logistics ngược và kết quả kinh tế: Nghiên cứu trường hợp doanh nghiệp bán lẻ hàng điện tử tại Thành phố Đà Nẵng,69.23,high,exact_course_in_title; exact_course_in_secondary_text,https://digital.lib.ueh.edu.vn/handle/UEH/62783,,,,,,2021,DISSERTATIONS,0,Nguyễn Huy Tuân,
Logistics và Quản lý chuỗi cung ứng,logistics va quan ly chuoi cung ung,Logistics ngược,logistics nguoc,2,ueh_repository,UEH/63818,Risks and supply chain performance: globalization and COVID-19 perspectives,47.64,medium,partial_course_tokens_in_title; strong_course_tokens_in_secondary_text,https://digital.lib.ueh.edu.vn/handle/UEH/63818,,,,,,2023,INTERNATIONAL PUBLICATIONS,0,An Thi Binh Duong; Vo Xuan Vinh; Maria do Sameiro Carvalho; Paulo Sampaio; Huy Quang Truong,
Logistics và Quản lý chuỗi cung ứng,logistics va quan ly chuoi cung ung,Logistics ngược,logistics nguoc,3,ueh_repository,UEH/62017,Improving vegetable supply chain collaboration: a case study in Vietnam,47.6,medium,partial_course_tokens_in_title; strong_course_tokens_in_secondary_text,https://digital.lib.ueh.edu.vn/handle/UEH/62017,,,,,,2022,INTERNATIONAL PUBLICATIONS,0,Ying Yang; Mai Ha Pham; Biao Yang; Jun Wei Sun; Phuong Nguyen Thu Tran,
Logistics và Quản lý chuỗi cung ứng,logistics va quan ly chuoi cung ung,Mua hàng và đàm phán,mua hang va dam phan,1,tiki_book,276849016,- Thuật Đàm Phán - Negotiation (Tái Bản 2024),29.7,low,partial_course_tokens_in_title; partial_course_tokens_in_secondary_text,https://tiki.vn/sach-thuat-dam-phan-negotiation-tai-ban-2024-p276849016.html?spid=276849017,92600,0.0,0,2,đàm phán; negotiation,,,,,1.0986
Logistics và Quản lý chuỗi cung ứng,logistics va quan ly chuoi cung ung,Mua hàng và đàm phán,mua hang va dam phan,2,tiki_book,201110699,Tâm Lý Học Đàm Phán - Vanlangbooks,19.59,low,partial_course_tokens_in_title; partial_course_tokens_in_secondary_text,https://tiki.vn/tam-ly-hoc-dam-phan-p201110699.html?spid=201110700,93740,0.0,0,9,đàm phán,,,,,2.3026
Logistics và Quản lý chuỗi cung ứng,logistics va quan ly chuoi cung ung,Mua hàng và đàm phán,mua hang va dam phan,3,tiki_book,22631284,Tâm Lý Học Đàm Phán,19.59,low,partial_course_tokens_in_title; partial_course_tokens_in_secondary_text,https://tiki.vn/sach-tam-ly-hoc-dam-phan-p22631284.html?spid=274851348,109000,0.0,0,3,đàm phán,,,,,1.3863
Logistics và Quản lý chuỗi cung ứng,logistics va quan ly chuoi cung ung,Mua hàng và đàm phán,mua hang va dam phan,1,ueh_repository,UEH/62618,Phân tích các nhân tố ảnh hưởng đến ý định mua hàng trực tuyến của người tiêu dùng tại tỉnh Nam Định,18.41,low,partial_course_tokens_in_title; partial_course_tokens_in_secondary_text,https://digital.lib.ueh.edu.vn/handle/UEH/62618,,,,,,2020,MASTER'S THESES,0,Nguyễn Thị Nga,
Logistics và Quản lý chuỗi cung ứng,logistics va quan ly chuoi cung ung,Mua hàng và đàm phán,mua hang va dam phan,2,ueh_repository,UEH/62877,Sự ảnh hưởng của trải nghiệm Omnichannel đến ý định mua hàng của người tiêu dùng trong ngành bán lẻ tại việt nam trường hợp nghiên cứu: phân khúc khách hàng là nhân viên văn phòng,17.88,low,partial_course_tokens_in_title; partial_course_tokens_in_secondary_text,https://digital.lib.ueh.edu.vn/handle/UEH/62877,,,,,,2021,MASTER'S THESES,0,Nguyễn Hiếu,
Logistics và Quản lý chuỗi cung ứng,logistics va quan ly chuoi cung ung,Mua hàng và đàm phán,mua hang va dam phan,3,ueh_repository,UEH/63490,Hoàn thiện quy trình mua hàng linh kiện máy sản xuất nước giải khát của Công ty TNHH Nước giải khát Suntory Pepsico Việt Nam,16.31,low,partial_course_tokens_in_title; partial_course_tokens_in_secondary_text,https://digital.lib.ueh.edu.vn/handle/UEH/63490,,,,,,2021,MASTER'S THESES,0,Phạm Hiến Linh,
Logistics và Quản lý chuỗi cung ứng,logistics va quan ly chuoi cung ung,Quản lý chuỗi cung ứng,quan ly chuoi cung ung,1,tiki_book,273744608,Quản lý chuỗi cung ứng thực phẩm và logistics,81.57,high,exact_course_in_title; partial_course_tokens_in_secondary_text; major_context_tokens,https://tiki.vn/sach-quan-ly-chuoi-cung-ung-thuc-pham-va-logistics-p273744608.html?spid=273744609,134000,5.0,17,200,logistics; sách logistics; quản trị logistics; quản trị chuỗi cung ứng,,,,,14.6389
Logistics và Quản lý chuỗi cung ứng,logistics va quan ly chuoi cung ung,Quản lý chuỗi cung ứng,quan ly chuoi cung ung,2,tiki_book,273725264,- Quản lý chuỗi cung ứng thực phẩm và logistics - TháI Hà Books,81.57,high,exact_course_in_title; partial_course_tokens_in_secondary_text; major_context_tokens,https://tiki.vn/sach-quan-ly-chuoi-cung-ung-thuc-pham-va-logistics-thai-ha-books-p273725264.html?spid=273725265,179000,0.0,0,14,logistics; sách logistics; quản trị logistics; quản trị chuỗi cung ứng,,,,,2.7081
Logistics và Quản lý chuỗi cung ứng,logistics va quan ly chuoi cung ung,Quản lý chuỗi cung ứng,quan ly chuoi cung ung,3,tiki_book,273905393,"Quản Lý Chuỗi Cung Ứng Thực Phẩm Và Logistics- Cuốn Sách Quản Lý, Lãnh Đạo Hay Tăng Hiệu Quả Công Việc",81.57,high,exact_course_in_title; partial_course_tokens_in_secondary_text; major_context_tokens,https://tiki.vn/quan-ly-chuoi-cung-ung-thuc-pham-va-logistics-cuon-sach-quan-ly-lanh-dao-hay-tang-hieu-qua-cong-viec-p273905393.html?spid=274852180,179000,0.0,0,2,logistics; sách logistics; quản trị logistics; quản trị chuỗi cung ứng,,,,,1.0986
Logistics và Quản lý chuỗi cung ứng,logistics va quan ly chuoi cung ung,Quản lý chuỗi cung ứng,quan ly chuoi cung ung,1,ueh_repository,UEH/63272,Giải pháp hoàn thiện hoạt động chuỗi cung ứng tại Công ty TNHH Thương mại và Dịch vụ Lâm Thanh,40.15,medium,partial_course_tokens_in_title; exact_course_in_secondary_text,https://digital.lib.ueh.edu.vn/handle/UEH/63272,,,,,,2021,MASTER'S THESES,0,Đỗ Tấn Tài,
Logistics và Quản lý chuỗi cung ứng,logistics va quan ly chuoi cung ung,Quản lý chuỗi cung ứng,quan ly chuoi cung ung,2,ueh_repository,UEH/61605,The gap in supply chain management at Golden Sea Company,31.49,medium,partial_course_tokens_in_title,https://digital.lib.ueh.edu.vn/handle/UEH/61605,,,,,,2021,MASTER'S THESES,0,Le Thi Thu Thao,
Logistics và Quản lý chuỗi cung ứng,logistics va quan ly chuoi cung ung,Quản lý chuỗi cung ứng,quan ly chuoi cung ung,3,ueh_repository,UEH/62944,Tác động của mức độ sử dụng thông tin kế toán quản trị và sự tích hợp chuỗi cung ứng với sự thúc đẩy của môi trường không chắc chắn lên kết quả hoạt động kinh doanh của doanh nghiệp,29.49,medium,partial_course_tokens_in_title; partial_course_tokens_in_secondary_text,https://digital.lib.ueh.edu.vn/handle/UEH/62944,,,,,,2021,MASTER'S THESES,0,Lê Thị Thu Hiếu,
Logistics và Quản lý chuỗi cung ứng,logistics va quan ly chuoi cung ung,Quản lý kho hàng,quan ly kho hang,1,tiki_book,277922533,Quản Lý Vận Hành Nhà Hàng,20.77,low,partial_course_tokens_in_title; partial_course_tokens_in_secondary_text,https://tiki.vn/quan-ly-van-hanh-nha-hang-p277922533.html?spid=277922534,204250,5.0,1,16,quản trị nhà hàng,,,,,8.8729
Logistics và Quản lý chuỗi cung ứng,logistics va quan ly chuoi cung ung,Quản lý kho hàng,quan ly kho hang,2,tiki_book,208065980,Thuật quản lý bán hàng - Alphabooks - BẢN QUYỀN,20.77,low,partial_course_tokens_in_title; partial_course_tokens_in_secondary_text,https://tiki.vn/sach-thuat-quan-ly-ban-hang-alphabooks-ban-quyen-p208065980.html?spid=277145262,99000,0.0,0,,sách ngân hàng; quản trị nhà hàng,,,,,0.0
Logistics và Quản lý chuỗi cung ứng,logistics va quan ly chuoi cung ung,Quản lý kho hàng,quan ly kho hang,3,tiki_book,278102586,- Quản Lý Vận Hành Nhà Hàng - NXB Tổng Hợp,20.15,low,partial_course_tokens_in_title; partial_course_tokens_in_secondary_text,https://tiki.vn/sach-quan-ly-van-hanh-nha-hang-nxb-tong-hop-p278102586.html?spid=278102587,215000,0.0,0,1,kho vận,,,,,0.6931
Logistics và Quản lý chuỗi cung ứng,logistics va quan ly chuoi cung ung,Quản lý kho hàng,quan ly kho hang,1,ueh_repository,UEH/63482,Giải pháp hoàn thiện hoạt động quản lý kho hàng tại công ty TNHH Olam Việt Nam,100.0,high,exact_course_in_title; exact_course_in_secondary_text,https://digital.lib.ueh.edu.vn/handle/UEH/63482,,,,,,2021,MASTER'S THESES,0,Lê; Minh Hải,
Logistics và Quản lý chuỗi cung ứng,logistics va quan ly chuoi cung ung,Quản lý kho hàng,quan ly kho hang,2,ueh_repository,UEH/62824,"Quản lý, kiểm soát cam kết chi thường xuyên qua Kho bạc Nhà nước Bà Rịa - Vũng Tàu",23.69,low,partial_course_tokens_in_title; partial_course_tokens_in_secondary_text,https://digital.lib.ueh.edu.vn/handle/UEH/62824,,,,,,2021,MASTER'S THESES,0,Nguyễn Quang Anh,
Logistics và Quản lý chuỗi cung ứng,logistics va quan ly chuoi cung ung,Quản lý kho hàng,quan ly kho hang,3,ueh_repository,UEH/62848,Hoàn thiện công tác quản lý thanh toán không dùng tiền mặt qua kho bạc nhà nước Bà Rịa-Vũng Tàu,20.79,low,partial_course_tokens_in_title; partial_course_tokens_in_secondary_text,https://digital.lib.ueh.edu.vn/handle/UEH/62848,,,,,,2021,MASTER'S THESES,0,Nguyễn Phúc Hiền,
Logistics và Quản lý chuỗi cung ứng,logistics va quan ly chuoi cung ung,Vận tải và phân phối,van tai va phan phoi,1,tiki_book,217928722,Tính Toán Thiết Kế Hệ Thống Phân Phối Truyền Tải Điện,26.0,low,partial_course_tokens_in_title,https://tiki.vn/tinh-toan-thiet-ke-he-thong-phan-phoi-truyen-tai-dien-p217928722.html?spid=217928723,45000,0.0,0,5,điện toán đám mây,,,,,1.7918
Logistics và Quản lý chuỗi cung ứng,logistics va quan ly chuoi cung ung,Vận tải và phân phối,van tai va phan phoi,2,tiki_book,278769828,Logistics Và Vận Tải Quốc Tế - TS. Trần Nguyễn Hợp Châu (Tái Bản 2025),18.55,low,partial_course_tokens_in_title; partial_course_tokens_in_secondary_text,https://tiki.vn/logistics-va-van-tai-quoc-te-ts-tran-nguyen-hop-chau-tai-ban-2025-p278769828.html?spid=278769829,170000,0.0,0,12,logistics; vận tải,,,,,2.5649
Logistics và Quản lý chuỗi cung ứng,logistics va quan ly chuoi cung ung,Vận tải và phân phối,van tai va phan phoi,3,tiki_book,209399038,Giáo Trình Quản Trị Cơ Sở Lưu Trú Du Lịch ( Bộ Giao Thông Vận tải Học Viện Hàng Không Việt Nam ),18.45,low,partial_course_tokens_in_title; partial_course_tokens_in_secondary_text,https://tiki.vn/giao-trinh-quan-tri-co-so-luu-tru-du-lich-bo-giao-thong-van-tai-hoc-vien-hang-khong-viet-nam-p209399038.html?spid=209399039,252000,0.0,0,,vận tải; quản trị du lịch,,,,,0.0
Logistics và Quản lý chuỗi cung ứng,logistics va quan ly chuoi cung ung,Vận tải và phân phối,van tai va phan phoi,1,ueh_repository,UEH/62150,Giải pháp nâng cao chất lượng đào tạo tại Trường Đại học Giao thông Vận tải Phân hiệu tại Thành phố Hồ Chí Minh,49.32,medium,partial_course_tokens_in_title; strong_course_tokens_in_secondary_text,https://digital.lib.ueh.edu.vn/handle/UEH/62150,,,,,,2021,MASTER'S THESES,0,Nguyễn Thị Xuân,
Logistics và Quản lý chuỗi cung ứng,logistics va quan ly chuoi cung ung,Vận tải và phân phối,van tai va phan phoi,2,ueh_repository,UEH/61512,Một số giải pháp nhằm hoàn thiện hoạt động quản trị kênh phân phối tại Công ty TNHH MTV Thuốc lá Đồng Tháp,27.71,medium,partial_course_tokens_in_title; partial_course_tokens_in_secondary_text,https://digital.lib.ueh.edu.vn/handle/UEH/61512,,,,,,2020,MASTER'S THESES,0,Lê Hữu Tín,
Logistics và Quản lý chuỗi cung ứng,logistics va quan ly chuoi cung ung,Vận tải và phân phối,van tai va phan phoi,3,ueh_repository,UEH/62751,Nâng cao động lực làm việc cho nhân viên bán hàng trên kênh phân phối tại Công ty dịch vụ MobiFone khu vực 8,27.64,medium,partial_course_tokens_in_title; partial_course_tokens_in_secondary_text,https://digital.lib.ueh.edu.vn/handle/UEH/62751,,,,,,2021,MASTER'S THESES,0,Nguyễn Xuân Phi,
Luật kinh doanh quốc tế,luat kinh doanh quoc te,Công pháp quốc tế,cong phap quoc te,1,tiki_book,272581988,Hướng dẫn của Determann về pháp luật bảo vệ dữ liệu cá nhân - Hoạt động tuân thủ của Doanh nghiệp trên phạm vi quốc tế,21.79,low,partial_course_tokens_in_title; partial_course_tokens_in_secondary_text,https://tiki.vn/huong-dan-cua-determann-ve-phap-luat-bao-ve-du-lieu-ca-nhan-hoat-dong-tuan-thu-cua-doanh-nghiep-tren-pham-vi-quoc-te-p272581988.html?spid=272887528,210000,5.0,2,34,sách luật kinh tế,,,,,10.2033
Luật kinh doanh quốc tế,luat kinh doanh quoc te,Công pháp quốc tế,cong phap quoc te,2,tiki_book,274635025,- Quyền Con Người Trong Pháp Luật Quốc Tế và Pháp Luật Việt Nam,21.67,low,partial_course_tokens_in_title; partial_course_tokens_in_secondary_text,https://tiki.vn/sach-quyen-con-nguoi-trong-phap-luat-quoc-te-va-phap-luat-viet-nam-p274635025.html?spid=279388297,138600,0.0,0,,sách luật kinh tế,,,,,0.0
Luật kinh doanh quốc tế,luat kinh doanh quoc te,Công pháp quốc tế,cong phap quoc te,3,tiki_book,279169601,Giáo trình phương pháp nghiên cứu quan hệ quốc tế (Dành cho hệ đại học và sau đại học),21.34,low,partial_course_tokens_in_title; partial_course_tokens_in_secondary_text,https://tiki.vn/giao-trinh-phuong-phap-nghien-cuu-quan-he-quoc-te-danh-cho-he-dai-hoc-va-sau-dai-hoc-p279169601.html?spid=279169602,120000,0.0,0,5,phương pháp nghiên cứu khoa học; sách phương pháp nghiên cứu khoa học; phương pháp nghiên cứu,,,,,1.7918
Luật kinh doanh quốc tế,luat kinh doanh quoc te,Công pháp quốc tế,cong phap quoc te,1,ueh_repository,UEH/63065,Giải pháp hạn chế ý định nghỉ việc của đội ngũ nhân viên tại Công ty Cổ phần Giáo dục và Đào tạo Quốc tế ALT,23.45,low,partial_course_tokens_in_title; partial_course_tokens_in_secondary_text,https://digital.lib.ueh.edu.vn/handle/UEH/63065,,,,,,2021,MASTER'S THESES,0,Trần Mai Hương,
Luật kinh doanh quốc tế,luat kinh doanh quoc te,Công pháp quốc tế,cong phap quoc te,2,ueh_repository,UEH/61095,Giải pháp gia tăng các yếu tố cần thiết để triển khai ERP thành Công tại Công ty Cổ phần Quốc tế Gia,22.78,low,partial_course_tokens_in_title; partial_course_tokens_in_secondary_text,https://digital.lib.ueh.edu.vn/handle/UEH/61095,,,,,,2020,MASTER'S THESES,0,Võ Công Hiền,
Luật kinh doanh quốc tế,luat kinh doanh quoc te,Công pháp quốc tế,cong phap quoc te,3,ueh_repository,UEH/63972,Bảo vệ sức khỏe và phát triển thương mại quốc tế qua các tranh luận pháp lý về tính cần thiết và căn cứ khoa học trong biện pháp vệ sinh dịch tễ,20.98,low,partial_course_tokens_in_title; partial_course_tokens_in_secondary_text,https://digital.lib.ueh.edu.vn/handle/UEH/63972,,,,,,2022,MASTER'S THESES,0,Ngô Quỳnh Giao,
Luật kinh doanh quốc tế,luat kinh doanh quoc te,Luật hợp đồng quốc tế,luat hop dong quoc te,1,tiki_book,447075,Soạn Thảo Và Dịch Hợp Đồng Thương Mại Quốc Tế (Tái Bản),22.15,low,partial_course_tokens_in_title; partial_course_tokens_in_secondary_text,https://tiki.vn/sach-soan-thao-va-dich-hop-dong-thuong-mai-quoc-te-tai-ban-p447075.html?spid=153807,264000,4.8,50,546,hợp đồng thương mại,,,,,17.0022
Luật kinh doanh quốc tế,luat kinh doanh quoc te,Luật hợp đồng quốc tế,luat hop dong quoc te,2,tiki_book,46639717,BỘ LUẬT LAO ĐỘNG ĐƯỢC QUỐC HỘI THÔNG QUA TẠI KỲ HỌP THỨ 8 KHÓA XIV - CÁC CHÍNH SÁCH VÀ QUYỀN LỢI CỦA NGƯỜI LAO ĐỘNG,19.48,low,partial_course_tokens_in_title; partial_course_tokens_in_secondary_text,https://tiki.vn/bo-luat-lao-dong-duoc-quoc-hoi-thong-qua-tai-ky-hop-thu-8-khoa-xiv-cac-chinh-sach-va-quyen-loi-cua-nguoi-lao-dong-p46639717.html?spid=47263927,250000,0.0,0,1,luật lao động,,,,,0.6931
Luật kinh doanh quốc tế,luat kinh doanh quoc te,Luật hợp đồng quốc tế,luat hop dong quoc te,3,tiki_book,53826004,Pháp Luật Về Hợp Đồng Trong Thương Mại Và Đầu Tư - Những Vấn Đề Pháp Lý Cơ bản (Sách Chuyên Khảo),16.4,low,partial_course_tokens_in_title; partial_course_tokens_in_secondary_text,https://tiki.vn/phap-luat-ve-hop-dong-trong-thuong-mai-va-dau-tu-nhung-van-de-phap-ly-co-ban-sach-chuyen-khao-p53826004.html?spid=248371210,320000,5.0,1,4,luật thương mại; hợp đồng thương mại,,,,,7.6492
Luật kinh doanh quốc tế,luat kinh doanh quoc te,Luật hợp đồng quốc tế,luat hop dong quoc te,1,ueh_repository,UEH/61364,Giao kết và thực hiện hợp đồng kỳ hạn trong thương mại quốc tế,16.68,low,partial_course_tokens_in_title; partial_course_tokens_in_secondary_text,https://digital.lib.ueh.edu.vn/handle/UEH/61364,,,,,,2020,MASTER'S THESES,0,Nguyễn Hoàng Minh,
Luật kinh doanh quốc tế,luat kinh doanh quoc te,Luật hợp đồng quốc tế,luat hop dong quoc te,2,ueh_repository,UEH/63622,Pháp luật về hợp đồng thương mại điện tử - Thực trạng và giải pháp,12.86,low,partial_course_tokens_in_title; partial_course_tokens_in_secondary_text,https://digital.lib.ueh.edu.vn/handle/UEH/63622,,,,,,2021,MASTER'S THESES,0,Bùi Lam Giang,
Luật kinh doanh quốc tế,luat kinh doanh quoc te,Luật hợp đồng quốc tế,luat hop dong quoc te,3,ueh_repository,UEH/63533,Pháp luật về hợp đồng ủy quyền,12.21,low,partial_course_tokens_in_title; partial_course_tokens_in_secondary_text,https://digital.lib.ueh.edu.vn/handle/UEH/63533,,,,,,2021,MASTER'S THESES,0,Lê Quốc Thắng,
Luật kinh doanh quốc tế,luat kinh doanh quoc te,Luật sở hữu trí tuệ,luat so huu tri tue,1,tiki_book,277967579,Luật Sở hữu trí tuệ (Hiện hành) - Nhà xuất bản Chính trị quốc gia Sự thật,89.68,high,exact_course_in_title; exact_course_in_secondary_text,https://tiki.vn/luat-so-huu-tri-tue-hien-hanh-sua-doi-bo-sung-nam-2009-2019-2022-p277967579.html?spid=273678695,113000,5.0,3,80,luật sở hữu trí tuệ,,,,,11.4739
Luật kinh doanh quốc tế,luat kinh doanh quoc te,Luật sở hữu trí tuệ,luat so huu tri tue,2,tiki_book,271319563,Giáo Trình Luật Sở Hữu Trí Tuệ,89.52,high,exact_course_in_title; exact_course_in_secondary_text,https://tiki.vn/giao-trinh-luat-so-huu-tri-tue-p271319563.html?spid=271319564,45000,3.0,1,4,luật sở hữu trí tuệ,,,,,5.6492
Luật kinh doanh quốc tế,luat kinh doanh quoc te,Luật sở hữu trí tuệ,luat so huu tri tue,3,tiki_book,279211545,"Luật Sở hữu trí tuệ (Hiện hành)- Sửa đổi, bổ sung năm 2025",89.52,high,exact_course_in_title; exact_course_in_secondary_text,https://tiki.vn/luat-so-huu-tri-tue-hien-hanh-sua-doi-bo-sung-nam-2025-p279211545.html?spid=279211546,80000,0.0,0,12,luật sở hữu trí tuệ,,,,,2.5649
Luật kinh doanh quốc tế,luat kinh doanh quoc te,Luật sở hữu trí tuệ,luat so huu tri tue,1,ueh_repository,UEH/61661,"Luật sửa đổi bổ sung, một số điều của Luật Sở hữu trí tuệ",89.13,high,exact_course_in_title; exact_course_in_secondary_text,https://digital.lib.ueh.edu.vn/handle/UEH/61661,,,,,,2009,Legal Documents,0,Unknown,
Luật kinh doanh quốc tế,luat kinh doanh quoc te,Luật sở hữu trí tuệ,luat so huu tri tue,2,ueh_repository,UEH/61660,Nghị định quy định chi tiết một số điều và biện pháp thi hành Luật Sở hữu trí tuệ về quyền tác giả và quyền liên quan,89.04,high,exact_course_in_title; exact_course_in_secondary_text,https://digital.lib.ueh.edu.vn/handle/UEH/61660,,,,,,2018,Legal Documents,0,Unknown,
Luật kinh doanh quốc tế,luat kinh doanh quoc te,Luật sở hữu trí tuệ,luat so huu tri tue,3,ueh_repository,UEH/62644,Bảo hộ quyền sở hữu trí tuệ đối với nhãn hiệu theo pháp luật Việt Nam,43.09,medium,strong_course_tokens_in_title; partial_course_tokens_in_secondary_text,https://digital.lib.ueh.edu.vn/handle/UEH/62644,,,,,,2021,MASTER'S THESES,0,Phạm Đức Toàn,
Luật kinh doanh quốc tế,luat kinh doanh quoc te,Luật đầu tư quốc tế,luat dau tu quoc te,1,tiki_book,279390334,Giáo trình Luật Đầu tư Quốc tế,70.55,high,exact_course_in_title; partial_course_tokens_in_secondary_text,https://tiki.vn/giao-trinh-luat-dau-tu-quoc-te-p279390334.html?spid=279390335,63000,0.0,0,1,luật kinh tế; sách luật kinh tế; luật đầu tư,,,,,0.6931
Luật kinh doanh quốc tế,luat kinh doanh quoc te,Luật đầu tư quốc tế,luat dau tu quoc te,2,tiki_book,73550842,Luật Doanh Nghiệp - Luật Đầu Tư Được Quốc Hội Thông Qua Tại Kỳ Họp Thứ 9 Khóa XIV,30.62,medium,partial_course_tokens_in_title; partial_course_tokens_in_secondary_text,https://tiki.vn/sach-luat-doanh-nghiep-luat-dau-tu-duoc-quoc-hoi-thong-qua-tai-ky-hop-thu-9-khoa-xiv-p73550842.html?spid=73550843,297000,0.0,0,8,luật doanh nghiệp,,,,,2.1972
Luật kinh doanh quốc tế,luat kinh doanh quoc te,Luật đầu tư quốc tế,luat dau tu quoc te,3,tiki_book,276186765,"LUẬT ĐẦU TƯ NĂM 2020 (SỬA ĐỔI BỔ SUNG NĂM 2020, 2022, 2023, 2024) – NXB Chính Trị Quốc Gia Sự Thật",24.39,low,partial_course_tokens_in_title; partial_course_tokens_in_secondary_text,https://tiki.vn/luat-dau-tu-nam-2020-sua-doi-bo-sung-nam-2020-2022-2023-2024-nxb-chinh-tri-quoc-gia-su-that-p276186765.html?spid=276186766,41000,5.0,1,13,luật đầu tư,,,,,8.6788
Luật kinh doanh quốc tế,luat kinh doanh quoc te,Luật đầu tư quốc tế,luat dau tu quoc te,1,ueh_repository,UEH/62432,Chuyển đổi báo cáo tài chính từ chuẩn mực kế toán Việt Nam sang chuẩn mực báo cáo tài chính quốc tế - Nghiên cứu tại Công ty Cổ phần Khu công Nnghiệp Nam Tân Uyên,10.61,low,partial_course_tokens_in_title; partial_course_tokens_in_secondary_text,https://digital.lib.ueh.edu.vn/handle/UEH/62432,,,,,,2021,MASTER'S THESES,0,Đoàn Thị Kim Thảo,
Luật kinh doanh quốc tế,luat kinh doanh quoc te,Luật đầu tư quốc tế,luat dau tu quoc te,2,ueh_repository,UEH/61367,Truyền dẫn chính sách tài khóa từ các quốc gia có quan hệ thương mại đến Việt Nam: Ứng dụng mô hình GVAR,10.57,low,partial_course_tokens_in_title; partial_course_tokens_in_secondary_text,https://digital.lib.ueh.edu.vn/handle/UEH/61367,,,,,,2020,DISSERTATIONS,0,Nguyễn Hoàng Thụy Bích Trâm,
Luật kinh doanh quốc tế,luat kinh doanh quoc te,Luật đầu tư quốc tế,luat dau tu quoc te,3,ueh_repository,UEH/63563,Thực thi pháp luật đấu thầu trong hoạt động mua sắm hàng hóa tại Tổng công ty Cảng hàng không Việt Nam - CTCP,10.03,low,partial_course_tokens_in_title; partial_course_tokens_in_secondary_text,https://digital.lib.ueh.edu.vn/handle/UEH/63563,,,,,,2021,MASTER'S THESES,0,Lê Thị Xuân,
Luật kinh doanh quốc tế,luat kinh doanh quoc te,Trọng tài thương mại quốc tế,trong tai thuong mai quoc te,1,tiki_book,243732948,"Giáo trình Tín dụng và thanh toán thương mại quốc tế (Tái bản lần thứ tư, có sửa chữa bổ sung)",44.61,medium,strong_course_tokens_in_title; partial_course_tokens_in_secondary_text,https://tiki.vn/giao-trinh-tin-dung-va-thanh-toan-thuong-mai-quoc-te-tai-ban-lan-thu-tu-co-sua-chua-bo-sung-p243732948.html?spid=243732949,89000,5.0,1,34,thanh toán quốc tế,,,,,9.5951
Luật kinh doanh quốc tế,luat kinh doanh quoc te,Trọng tài thương mại quốc tế,trong tai thuong mai quoc te,2,tiki_book,447075,Soạn Thảo Và Dịch Hợp Đồng Thương Mại Quốc Tế (Tái Bản),44.38,medium,strong_course_tokens_in_title; partial_course_tokens_in_secondary_text,https://tiki.vn/sach-soan-thao-va-dich-hop-dong-thuong-mai-quoc-te-tai-ban-p447075.html?spid=153807,264000,4.8,50,546,hợp đồng thương mại,,,,,17.0022
Luật kinh doanh quốc tế,luat kinh doanh quoc te,Trọng tài thương mại quốc tế,trong tai thuong mai quoc te,3,tiki_book,247311520,Giáo trình Tài trợ thương mại quốc tế,44.38,medium,strong_course_tokens_in_title; partial_course_tokens_in_secondary_text,https://tiki.vn/giao-trinh-tai-tro-thuong-mai-quoc-te-p247311520.html?spid=247311521,60000,5.0,1,22,hợp đồng thương mại,,,,,9.1752
Luật kinh doanh quốc tế,luat kinh doanh quoc te,Trọng tài thương mại quốc tế,trong tai thuong mai quoc te,1,ueh_repository,UEH/63972,Bảo vệ sức khỏe và phát triển thương mại quốc tế qua các tranh luận pháp lý về tính cần thiết và căn cứ khoa học trong biện pháp vệ sinh dịch tễ,44.41,medium,partial_course_tokens_in_title; strong_course_tokens_in_secondary_text,https://digital.lib.ueh.edu.vn/handle/UEH/63972,,,,,,2022,MASTER'S THESES,0,Ngô Quỳnh Giao,
Luật kinh doanh quốc tế,luat kinh doanh quoc te,Trọng tài thương mại quốc tế,trong tai thuong mai quoc te,2,ueh_repository,UEH/61364,Giao kết và thực hiện hợp đồng kỳ hạn trong thương mại quốc tế,38.19,medium,partial_course_tokens_in_title; partial_course_tokens_in_secondary_text,https://digital.lib.ueh.edu.vn/handle/UEH/61364,,,,,,2020,MASTER'S THESES,0,Nguyễn Hoàng Minh,
Luật kinh doanh quốc tế,luat kinh doanh quoc te,Trọng tài thương mại quốc tế,trong tai thuong mai quoc te,3,ueh_repository,UEH/62140,Giải pháp nâng cao chất lượng dịch vụ tín dụng tại Ngân hàng Thương mại Cổ phần Quốc tế Việt Nam – chi nhánh Thành Đô,23.12,low,partial_course_tokens_in_title; partial_course_tokens_in_secondary_text,https://digital.lib.ueh.edu.vn/handle/UEH/62140,,,,,,2021,MASTER'S THESES,0,Phạm Hạnh Nguyên,
Luật kinh doanh quốc tế,luat kinh doanh quoc te,Tư pháp quốc tế,tu phap quoc te,1,tiki_book,243732948,"Giáo trình Tín dụng và thanh toán thương mại quốc tế (Tái bản lần thứ tư, có sửa chữa bổ sung)",24.79,low,partial_course_tokens_in_title; partial_course_tokens_in_secondary_text,https://tiki.vn/giao-trinh-tin-dung-va-thanh-toan-thuong-mai-quoc-te-tai-ban-lan-thu-tu-co-sua-chua-bo-sung-p243732948.html?spid=243732949,89000,5.0,1,34,thanh toán quốc tế,,,,,9.5951
Luật kinh doanh quốc tế,luat kinh doanh quoc te,Tư pháp quốc tế,tu phap quoc te,2,tiki_book,272581988,Hướng dẫn của Determann về pháp luật bảo vệ dữ liệu cá nhân - Hoạt động tuân thủ của Doanh nghiệp trên phạm vi quốc tế,22.58,low,partial_course_tokens_in_title; partial_course_tokens_in_secondary_text,https://tiki.vn/huong-dan-cua-determann-ve-phap-luat-bao-ve-du-lieu-ca-nhan-hoat-dong-tuan-thu-cua-doanh-nghiep-tren-pham-vi-quoc-te-p272581988.html?spid=272887528,210000,5.0,2,34,sách luật kinh tế,,,,,10.2033
Luật kinh doanh quốc tế,luat kinh doanh quoc te,Tư pháp quốc tế,tu phap quoc te,3,tiki_book,274635025,- Quyền Con Người Trong Pháp Luật Quốc Tế và Pháp Luật Việt Nam,22.47,low,partial_course_tokens_in_title; partial_course_tokens_in_secondary_text,https://tiki.vn/sach-quyen-con-nguoi-trong-phap-luat-quoc-te-va-phap-luat-viet-nam-p274635025.html?spid=279388297,138600,0.0,0,,sách luật kinh tế,,,,,0.0
Luật kinh doanh quốc tế,luat kinh doanh quoc te,Tư pháp quốc tế,tu phap quoc te,1,ueh_repository,UEH/63065,Giải pháp hạn chế ý định nghỉ việc của đội ngũ nhân viên tại Công ty Cổ phần Giáo dục và Đào tạo Quốc tế ALT,23.01,low,partial_course_tokens_in_title; partial_course_tokens_in_secondary_text,https://digital.lib.ueh.edu.vn/handle/UEH/63065,,,,,,2021,MASTER'S THESES,0,Trần Mai Hương,
Luật kinh doanh quốc tế,luat kinh doanh quoc te,Tư pháp quốc tế,tu phap quoc te,2,ueh_repository,UEH/63972,Bảo vệ sức khỏe và phát triển thương mại quốc tế qua các tranh luận pháp lý về tính cần thiết và căn cứ khoa học trong biện pháp vệ sinh dịch tễ,22.28,low,partial_course_tokens_in_title; partial_course_tokens_in_secondary_text,https://digital.lib.ueh.edu.vn/handle/UEH/63972,,,,,,2022,MASTER'S THESES,0,Ngô Quỳnh Giao,
Luật kinh doanh quốc tế,luat kinh doanh quoc te,Tư pháp quốc tế,tu phap quoc te,3,ueh_repository,UEH/62432,Chuyển đổi báo cáo tài chính từ chuẩn mực kế toán Việt Nam sang chuẩn mực báo cáo tài chính quốc tế - Nghiên cứu tại Công ty Cổ phần Khu công Nnghiệp Nam Tân Uyên,22.16,low,partial_course_tokens_in_title; partial_course_tokens_in_secondary_text,https://digital.lib.ueh.edu.vn/handle/UEH/62432,,,,,,2021,MASTER'S THESES,0,Đoàn Thị Kim Thảo,
Marketing,marketing,Hành vi người tiêu dùng,hanh vi nguoi tieu dung,1,tiki_book,279085060,"Quy định pháp luật về xử phạt vi phạm trong hoạt động thương mại, sản xuất, buôn bán hàng giả, hàng cấm và bảo vệ quyền lợi người tiêu dùng",37.52,medium,partial_course_tokens_in_title,https://tiki.vn/quy-dinh-phap-luat-ve-xu-phat-vi-pham-trong-hoat-dong-thuong-mai-san-xuat-buon-ban-hang-gia-hang-cam-va-bao-ve-quyen-loi-nguoi-tieu-dung-p279085060.html?spid=279085062,100000,0.0,0,1,luật thương mại,,,,,0.6931
Marketing,marketing,Hành vi người tiêu dùng,hanh vi nguoi tieu dung,2,tiki_book,279084801,"Quy định pháp luật về xử phạt vi phạm trong hoạt động thương mại, sản xuất, buôn bán hàng giả, hàng cấm và bảo vệ quyền lợi người tiêu dùng",37.52,medium,partial_course_tokens_in_title,https://tiki.vn/quy-dinh-phap-luat-ve-xu-phat-vi-pham-trong-hoat-dong-thuong-mai-san-xuat-buon-ban-hang-gia-hang-cam-va-bao-ve-quyen-loi-nguoi-tieu-dung-p279084801.html?spid=279084802,100000,0.0,0,,luật thương mại,,,,,0.0
Marketing,marketing,Hành vi người tiêu dùng,hanh vi nguoi tieu dung,3,tiki_book,58910111,Combo: Đọc Vị Khách Hàng Bằng Tâm Lý Học Hành Vi + Quy Trình Bán Hàng Chuyên Nghiệp (Sách marketing - bán hàng đỉnh cao),22.87,low,partial_course_tokens_in_title; partial_course_tokens_in_secondary_text; exact_major_in_title,https://tiki.vn/combo-doc-vi-khach-hang-bang-tam-ly-hoc-hanh-vi-quy-trinh-ban-hang-chuyen-nghiep-sach-marketing-ban-hang-dinh-cao-p58910111.html?spid=277059075,248000,0.0,0,,hành vi khách hàng,,,,,0.0
Marketing,marketing,Hành vi người tiêu dùng,hanh vi nguoi tieu dung,1,ueh_repository,UEH/61412,Nghiên cứu hành vi mua sắm trực tuyến của người tiêu dùng tại TP. Hồ Chí Minh ngành hàng thời trang,56.23,medium,strong_course_tokens_in_title; strong_course_tokens_in_secondary_text,https://digital.lib.ueh.edu.vn/handle/UEH/61412,,,,,,2021,MASTER'S THESES,0,Phạm Thị Phú,
Marketing,marketing,Hành vi người tiêu dùng,hanh vi nguoi tieu dung,2,ueh_repository,UEH/62982,Các yếu tố ảnh hưởng đến hành vi mua hàng ngẫu hứng trực tuyến của người tiêu dùng tại Thành phố Hồ Chí Minh,56.23,medium,strong_course_tokens_in_title; strong_course_tokens_in_secondary_text,https://digital.lib.ueh.edu.vn/handle/UEH/62982,,,,,,2021,MASTER'S THESES,0,Trần Thị Trúc Diệp,
Marketing,marketing,Hành vi người tiêu dùng,hanh vi nguoi tieu dung,3,ueh_repository,UEH/63184,Xử lý hành vi xâm phạm quyền sở hữu công nghiệp đối với nhãn hiệu - Từ góc độ bảo vệ quyền lợi người tiêu dùng,56.23,medium,strong_course_tokens_in_title; strong_course_tokens_in_secondary_text,https://digital.lib.ueh.edu.vn/handle/UEH/63184,,,,,,2021,MASTER'S THESES,0,Thiệu Văn Hùng,
Marketing,marketing,Marketing dịch vụ,marketing dich vu,1,tiki_book,279406046,Giáo Trình Marketing Dịch Vụ Tài Chính Ngân Hàng - TS. Phạm Thu Thuỷ - Học Viện Ngân Hàng,100.0,high,exact_course_in_title; partial_course_tokens_in_secondary_text; exact_major_in_title,https://tiki.vn/sach-giao-trinh-marketing-dich-vu-tai-chinh-ngan-hang-ts-pham-thu-thuy-hoc-vien-ngan-hang-p279406046.html?spid=279406047,209500,0.0,0,,sách ngân hàng; nghiệp vụ ngân hàng; tín dụng ngân hàng,,,,,0.0
Marketing,marketing,Marketing dịch vụ,marketing dich vu,2,tiki_book,27979420,Quản Trị Kinh Doanh Dịch Vụ Từ Góc Nhìn Marketing,45.85,medium,partial_course_tokens_in_title; exact_major_in_title,https://tiki.vn/sach-quan-tri-kinh-doanh-dich-vu-tu-goc-nhin-marketing-p27979420.html?spid=188694242,165000,5.0,2,28,quản trị kinh doanh; sách quản trị kinh doanh,,,,,10.0152
Marketing,marketing,Marketing dịch vụ,marketing dich vu,3,tiki_book,196001716,Dịch Vụ Khách Hàng 5 Sao,32.71,medium,partial_course_tokens_in_title; partial_course_tokens_in_secondary_text,https://tiki.vn/sach-dich-vu-khach-hang-5-sao-p196001716.html?spid=196001717,109700,4.6,14,317,nghiệp vụ ngân hàng,,,,,14.4241
Marketing,marketing,Marketing dịch vụ,marketing dich vu,1,ueh_repository,UEH/63123,Giải pháp hoàn thiện marketing dịch vụ ngân hàng bán lẻ tại Ngân hàng Thương Mại Cổ Phần Công Thương Việt Nam – CN 10 TP. HCM,100.0,high,exact_course_in_title; exact_course_in_secondary_text; exact_major_in_title,https://digital.lib.ueh.edu.vn/handle/UEH/63123,,,,,,2021,MASTER'S THESES,0,Võ Hoàng Quốc,
Marketing,marketing,Marketing dịch vụ,marketing dich vu,2,ueh_repository,UEH/61105,Giải pháp hoàn thiện marketing mix tại thị trường miền nam của Công ty Cổ phần Dịch vụ Bảo vệ Secom Việt Nam,50.42,medium,partial_course_tokens_in_title; strong_course_tokens_in_secondary_text; exact_major_in_title,https://digital.lib.ueh.edu.vn/handle/UEH/61105,,,,,,2020,MASTER'S THESES,0,Tạ Quang Lâm,
Marketing,marketing,Marketing dịch vụ,marketing dich vu,3,ueh_repository,UEH/62866,Hoàn thiện hoạt động marketing tại Công ty xăng dầu 28 đến năm 2025,29.01,medium,partial_course_tokens_in_title; strong_course_tokens_in_secondary_text; exact_major_in_title,https://digital.lib.ueh.edu.vn/handle/UEH/62866,,,,,,2021,MASTER'S THESES,0,Phạm Hồng Minh,
Marketing,marketing,Marketing số,marketing so,1,tiki_book,257847632,Digital Marketing thực chiến,38.82,medium,partial_course_tokens_in_title; exact_course_in_secondary_text; exact_major_in_title,https://tiki.vn/sach-digital-marketing-thuc-chien-p257847632.html?spid=257847633,107650,5.0,1,77,sách marketing; digital marketing; social media marketing; digital banking; digital commerce,,,,,10.3964
Marketing,marketing,Marketing số,marketing so,2,tiki_book,255175542,Digital Marketing Thực Chiến,38.82,medium,partial_course_tokens_in_title; exact_course_in_secondary_text; exact_major_in_title,https://tiki.vn/digital-marketing-thuc-chien-p255175542.html?spid=255175543,119250,5.0,1,25,digital marketing; social media marketing; digital banking; digital commerce,,,,,9.2978
Marketing,marketing,Marketing số,marketing so,3,tiki_book,255175884,Digital Marketing Thực Chiến,38.82,medium,partial_course_tokens_in_title; exact_course_in_secondary_text; exact_major_in_title,https://tiki.vn/digital-marketing-thuc-chien-p255175884.html?spid=255175885,119250,0.0,0,9,digital marketing; social media marketing; digital banking; digital commerce,,,,,2.3026
Marketing,marketing,Marketing số,marketing so,1,ueh_repository,UEH/61563,Lack of digital marketing staff at Mobifone Service Company Region 8,29.0,medium,partial_course_tokens_in_title; partial_course_tokens_in_secondary_text; exact_major_in_title,https://digital.lib.ueh.edu.vn/handle/UEH/61563,,,,,,2021,MASTER'S THESES,0,Nguyen Hai Dang,
Marketing,marketing,Marketing số,marketing so,2,ueh_repository,UEH/61844,Brand experience and consumers' social interactive engagement with brand page: An integrated-marketing perspective,14.36,low,partial_course_tokens_in_title; partial_course_tokens_in_secondary_text; exact_major_in_title,https://digital.lib.ueh.edu.vn/handle/UEH/61844,,,,,,2021,INTERNATIONAL PUBLICATIONS,0,Paramita W.; Chan Nhu H.B.; Ngo L.V.; Minh Tran Q.H.; Gregory G.,
Marketing,marketing,Marketing số,marketing so,3,ueh_repository,UEH/63650,Giải pháp hoàn thiện chiến lược marketing mix tại Công ty Bảo hiểm nhân thọ Generali Việt Nam,13.7,low,partial_course_tokens_in_title; partial_course_tokens_in_secondary_text; exact_major_in_title,https://digital.lib.ueh.edu.vn/handle/UEH/63650,,,,,,2022,MASTER'S THESES,0,Trần Thị Kim Thanh,
Marketing,marketing,Nghiên cứu thị trường,nghien cuu thi truong,1,tiki_book,276458529,Nghiên Cứu Trong Marketing,60.78,medium,partial_course_tokens_in_title; exact_course_in_secondary_text; exact_major_in_title,https://tiki.vn/nghien-cuu-trong-marketing-p276458529.html?spid=276458530,112000,0.0,0,8,nghiên cứu thị trường; thiết kế nghiên cứu; viết báo cáo nghiên cứu,,,,,2.1972
Marketing,marketing,Nghiên cứu thị trường,nghien cuu thi truong,2,tiki_book,131246718,Nghiên Cứu Bài Học Vì Cộng Đồng Học Tập - Sách hướng dẫn đổi mới nhà trường bền vững,59.99,medium,partial_course_tokens_in_title; exact_course_in_secondary_text,https://tiki.vn/nghien-cuu-bai-hoc-vi-cong-dong-hoc-tap-sach-huong-dan-doi-moi-nha-truong-ben-vung-p131246718.html?spid=131246719,65000,0.0,0,44,nghiên cứu thị trường,,,,,3.8067
Marketing,marketing,Nghiên cứu thị trường,nghien cuu thi truong,3,tiki_book,77339644,Phân tích kỹ thuật trong thị trường tài chính,54.84,medium,partial_course_tokens_in_title; exact_course_in_secondary_text,https://tiki.vn/phan-tich-ky-thuat-trong-thi-truong-tai-chinh-p77339644.html?spid=84882958,248100,4.8,97,464,nghiên cứu thị trường; phân tích tài chính; phân tích kỹ thuật; phân tích cơ bản,,,,,17.8195
Marketing,marketing,Nghiên cứu thị trường,nghien cuu thi truong,1,ueh_repository,UEH/63924,Nghiên cứu về cảm tính nhà đầu tư trên thị trường chứng khoán Việt Nam,35.17,medium,partial_course_tokens_in_title; partial_course_tokens_in_secondary_text,https://digital.lib.ueh.edu.vn/handle/UEH/63924,,,,,,2022,DISSERTATIONS,0,Đoàn Thị Cẩm Vân,
Marketing,marketing,Nghiên cứu thị trường,nghien cuu thi truong,2,ueh_repository,UEH/61056,Nghiên cứu khả năng ứng dụng phong thủy – bát tự trong dự báo giá chứng khoán và thị trường chứng khoán,35.17,medium,partial_course_tokens_in_title; partial_course_tokens_in_secondary_text,https://digital.lib.ueh.edu.vn/handle/UEH/61056,,,,,,2020,MASTER'S THESES,0,Trương Minh Hiếu,
Marketing,marketing,Nghiên cứu thị trường,nghien cuu thi truong,3,ueh_repository,UEH/62664,Tác động của Marketing xã hội của doanh nghiệp đến các thành phần tài sản thương hiệu: trường hợp sản phẩm sữa tại thị trường Việt Nam,32.29,medium,partial_course_tokens_in_title; partial_course_tokens_in_secondary_text; exact_major_in_title,https://digital.lib.ueh.edu.vn/handle/UEH/62664,,,,,,2021,DISSERTATIONS,0,Nguyễn Anh Tuấn,
Marketing,marketing,Quản trị Marketing,quan tri marketing,1,tiki_book,68554548,Quản Trị Marketing,78.88,high,exact_course_in_title; partial_course_tokens_in_secondary_text; exact_major_in_title,https://tiki.vn/quan-tri-marketing-p68554548.html?spid=160793031,658000,4.6,28,160,quản trị kinh doanh; quản trị logistics; quản trị nhà hàng,,,,,14.7323
Marketing,marketing,Quản trị Marketing,quan tri marketing,2,tiki_book,270441477,Quản trị MARKETING,78.88,high,exact_course_in_title; partial_course_tokens_in_secondary_text; exact_major_in_title,https://tiki.vn/quan-tri-marketing-p270441477.html?spid=270441478,56000,0.0,0,5,quản trị logistics; quản trị khách sạn,,,,,1.7918
Marketing,marketing,Quản trị Marketing,quan tri marketing,3,tiki_book,49180968,Quản Trị Tiếp Thị - Marketing Management 5E,36.22,medium,partial_course_tokens_in_title; partial_course_tokens_in_secondary_text; exact_major_in_title,https://tiki.vn/quan-tri-tiep-thi-marketing-management-5e-p49180968.html?spid=49180969,316800,4.0,4,72,hotel management,,,,,10.7046
Marketing,marketing,Quản trị Marketing,quan tri marketing,1,ueh_repository,UEH/63127,Nghiên cứu ảnh hưởng của nhận định giá trị các hoạt động Marketing nội dung trên Mạng xã hội đến đánh giá trải nghiệm và lòng trung thành thương hiệu của khách hàng,21.44,low,partial_course_tokens_in_title; partial_course_tokens_in_secondary_text; exact_major_in_title,https://digital.lib.ueh.edu.vn/handle/UEH/63127,,,,,,2021,MASTER'S THESES,0,Phan Thắng,
Marketing,marketing,Quản trị Marketing,quan tri marketing,2,ueh_repository,UEH/63172,Giải pháp thu hút khách hàng tiềm năng nhằm gia tăng nguồn thu ngân sách nhà nước tại Cục Hải quan tỉnh Bà Rịa – Vũng Tàu,20.31,low,partial_course_tokens_in_title; exact_course_in_secondary_text,https://digital.lib.ueh.edu.vn/handle/UEH/63172,,,,,,2021,MASTER'S THESES,0,Trương Thị Thanh Huyền,
Marketing,marketing,Quản trị Marketing,quan tri marketing,3,ueh_repository,UEH/63958,"Mối quan hệ giữa liên kết vùng, marketing địa phương, hình ảnh điểm đến và sự hài lòng của doanh nghiệp đầu tư trực tiếp nước ngoài - Trường hợp nghiên cứu tỉnh Long An",20.12,low,partial_course_tokens_in_title; partial_course_tokens_in_secondary_text; exact_major_in_title,https://digital.lib.ueh.edu.vn/handle/UEH/63958,,,,,,2022,DISSERTATIONS,0,Mai Văn Nhiều,
Marketing,marketing,Quản trị thương hiệu,quan tri thuong hieu,1,tiki_book,42531744,Combo Sách : Learn Branding - Xây Dựng Thương Hiệu Tinh Gọn + Quản Trị Thương Hiệu Trực Tuyến,74.5,high,exact_course_in_title,https://tiki.vn/combo-sach-learn-branding-xay-dung-thuong-hieu-tinh-gon-quan-tri-thuong-hieu-truc-tuyen-p42531744.html?spid=121366049,266000,0.0,0,,branding,,,,,0.0
Marketing,marketing,Quản trị thương hiệu,quan tri thuong hieu,2,tiki_book,184226416,Marketing Thương Hiệu (Xây Dựng Thương Hiệu Trong Thị Trường Bán Lẻ Hiện Đại),25.61,low,partial_course_tokens_in_title; partial_course_tokens_in_secondary_text; exact_major_in_title,https://tiki.vn/sach-marketing-thuong-hieu-xay-dung-thuong-hieu-trong-thi-truong-ban-le-hien-dai-p184226416.html?spid=184226417,92600,5.0,8,112,thương hiệu,,,,,13.0232
Marketing,marketing,Quản trị thương hiệu,quan tri thuong hieu,3,tiki_book,49180968,Quản Trị Tiếp Thị - Marketing Management 5E,24.54,low,partial_course_tokens_in_title; partial_course_tokens_in_secondary_text; exact_major_in_title,https://tiki.vn/quan-tri-tiep-thi-marketing-management-5e-p49180968.html?spid=49180969,316800,4.0,4,72,hotel management,,,,,10.7046
Marketing,marketing,Quản trị thương hiệu,quan tri thuong hieu,1,ueh_repository,UEH/62453,Giải pháp nâng cao giá trị thương hiệu Bia Việt của Công ty TNHH Nhà máy Bia Heineken Việt Nam giai đoạn 2021 - 2025,35.65,medium,partial_course_tokens_in_title; partial_course_tokens_in_secondary_text,https://digital.lib.ueh.edu.vn/handle/UEH/62453,,,,,,2021,MASTER'S THESES,0,Trịnh Duy Khương,
Marketing,marketing,Quản trị thương hiệu,quan tri thuong hieu,2,ueh_repository,UEH/63446,Nâng cao giá trị thương hiệu sàn thương mại điện tử Lazada tại Thành phố Hồ Chí Minh ở góc độ người tiêu dùng,35.65,medium,partial_course_tokens_in_title; partial_course_tokens_in_secondary_text,https://digital.lib.ueh.edu.vn/handle/UEH/63446,,,,,,2021,MASTER'S THESES,0,Vương Ngọc Thảo Dung,
Marketing,marketing,Quản trị thương hiệu,quan tri thuong hieu,3,ueh_repository,UEH/61190,Ảnh hưởng của truyền thông đến các thành phần giá trị thương hiệu điện tử tại Việt Nam,35.65,medium,partial_course_tokens_in_title; partial_course_tokens_in_secondary_text,https://digital.lib.ueh.edu.vn/handle/UEH/61190,,,,,,2020,MASTER'S THESES,0,Đỗ Khắc Tồn,
Ngân hàng,ngan hang,Nghiệp vụ ngân hàng thương mại,nghiep vu ngan hang thuong mai,1,tiki_book,531504,Quản Trị Ngân Hàng Thương Mại,52.81,medium,partial_course_tokens_in_title; strong_course_tokens_in_secondary_text; exact_major_in_title,https://tiki.vn/sach-quan-tri-ngan-hang-thuong-mai-p531504.html?spid=89424631,76000,4.8,5,34,ngân hàng; sách ngân hàng; ngân hàng thương mại; nghiệp vụ ngân hàng; tín dụng ngân hàng; quản trị rủi ro ngân hàng; quản trị nhà hàng,,,,,11.043
Ngân hàng,ngan hang,Nghiệp vụ ngân hàng thương mại,nghiep vu ngan hang thuong mai,2,tiki_book,403211,Bài Tập Và Bài Giải Nghiệp Vụ Ngân Hàng Trung Ương,46.25,medium,partial_course_tokens_in_title; partial_course_tokens_in_secondary_text; exact_major_in_title,https://tiki.vn/sach-bai-tap-va-bai-giai-nghiep-vu-ngan-hang-trung-uong-p403211.html?spid=89424670,32000,5.0,5,45,nghiệp vụ ngân hàng,,,,,11.5163
Ngân hàng,ngan hang,Nghiệp vụ ngân hàng thương mại,nghiep vu ngan hang thuong mai,3,tiki_book,402497,Nghiệp Vụ Ngân Hàng Quốc Tế,46.25,medium,partial_course_tokens_in_title; partial_course_tokens_in_secondary_text; exact_major_in_title,https://tiki.vn/sach-nghiep-vu-ngan-hang-quoc-te-p402497.html?spid=89424661,122000,3.0,1,20,nghiệp vụ ngân hàng; tín dụng ngân hàng; nghiệp vụ lễ tân; nghiệp vụ buồng phòng,,,,,7.0842
Ngân hàng,ngan hang,Nghiệp vụ ngân hàng thương mại,nghiep vu ngan hang thuong mai,1,ueh_repository,UEH/61063,Phát triển dịch vụ ngân hàng điện tử trong thời đại cách mạng công nghiệp 4.0 tại Ngân hàng Thương mại Cổ phần Đầu tư và Phát triển Việt Nam,55.49,medium,partial_course_tokens_in_title; strong_course_tokens_in_secondary_text; exact_major_in_title,https://digital.lib.ueh.edu.vn/handle/UEH/61063,,,,,,2020,MASTER'S THESES,0,Nguyễn Tú Quyên,
Ngân hàng,ngan hang,Nghiệp vụ ngân hàng thương mại,nghiep vu ngan hang thuong mai,2,ueh_repository,UEH/63085,Phát triển dịch vụ ngân hàng điện tử tại Ngân hàng Thương mại Cổ phần Sài Gòn Thương Tín,52.67,medium,partial_course_tokens_in_title; strong_course_tokens_in_secondary_text; exact_major_in_title,https://digital.lib.ueh.edu.vn/handle/UEH/63085,,,,,,2021,MASTER'S THESES,0,Nguyễn Trúc Linh,
Ngân hàng,ngan hang,Nghiệp vụ ngân hàng thương mại,nghiep vu ngan hang thuong mai,3,ueh_repository,UEH/63123,Giải pháp hoàn thiện marketing dịch vụ ngân hàng bán lẻ tại Ngân hàng Thương Mại Cổ Phần Công Thương Việt Nam – CN 10 TP. HCM,52.67,medium,partial_course_tokens_in_title; strong_course_tokens_in_secondary_text; exact_major_in_title,https://digital.lib.ueh.edu.vn/handle/UEH/63123,,,,,,2021,MASTER'S THESES,0,Võ Hoàng Quốc,
Ngân hàng,ngan hang,Ngân hàng số,ngan hang so,1,tiki_book,279106463,Ngân hàng số - Nguyễn Quang Lộc - TH189,77.87,high,exact_course_in_title; exact_course_in_secondary_text; exact_major_in_title,https://tiki.vn/ngan-hang-so-nguyen-quang-loc-th189-p279106463.html?spid=279106464,159000,0.0,0,2,ngân hàng; ngân hàng số,,,,,1.0986
Ngân hàng,ngan hang,Ngân hàng số,ngan hang so,2,tiki_book,279259284,Ngân hàng số,77.87,high,exact_course_in_title; exact_course_in_secondary_text; exact_major_in_title,https://tiki.vn/sach-ngan-hang-so-p279259284.html?spid=279259285,150000,0.0,0,1,ngân hàng số; nghiệp vụ ngân hàng; tín dụng ngân hàng,,,,,0.6931
Ngân hàng,ngan hang,Ngân hàng số,ngan hang so,3,tiki_book,279127225,Ngân Hàng Số,77.87,high,exact_course_in_title; exact_course_in_secondary_text; exact_major_in_title,https://tiki.vn/ngan-hang-so-p279127225.html?spid=279127226,179550,0.0,0,,ngân hàng; ngân hàng thương mại; ngân hàng số,,,,,0.0
Ngân hàng,ngan hang,Ngân hàng số,ngan hang so,1,ueh_repository,UEH/63988,Ảnh hưởng của chất lượng dịch vụ ngân hàng số đến sự hài lòng và lòng trung thành của khách hàng đối với ngân hàng trong bối cảnh Covid - 19,75.68,high,exact_course_in_title; exact_course_in_secondary_text; exact_major_in_title,https://digital.lib.ueh.edu.vn/handle/UEH/63988,,,,,,2022,MASTER'S THESES,0,Nguyễn Thị Hồng Diễm,
Ngân hàng,ngan hang,Ngân hàng số,ngan hang so,2,ueh_repository,UEH/62533,Rủi ro an ninh mạng trong hoạt động ngân hàng số: trường hợp Việt Nam,75.68,high,exact_course_in_title; exact_course_in_secondary_text; exact_major_in_title,https://digital.lib.ueh.edu.vn/handle/UEH/62533,,,,,,2021,Book Series,0,TS. Phan Chung Thủy; TS. Phan Thu Hiền; ThS. Huỳnh Ngọc Quang Anh,
Ngân hàng,ngan hang,Ngân hàng số,ngan hang so,3,ueh_repository,UEH/61376,Các yếu tố tác động đến khả năng chấp nhận sử dụng dịch vụ Mobile Banking của các chi nhánh Ngân hàng TMCP Ngoại Thương Việt Nam trên địa bàn tỉnh Đồng Nai,30.56,medium,partial_course_tokens_in_title; partial_course_tokens_in_secondary_text; exact_major_in_title,https://digital.lib.ueh.edu.vn/handle/UEH/61376,,,,,,2021,MASTER'S THESES,0,Huỳnh Xuân Đào,
Ngân hàng,ngan hang,Ngân hàng trung ương,ngan hang trung uong,1,tiki_book,403211,Bài Tập Và Bài Giải Nghiệp Vụ Ngân Hàng Trung Ương,82.04,high,exact_course_in_title; partial_course_tokens_in_secondary_text; exact_major_in_title,https://tiki.vn/sach-bai-tap-va-bai-giai-nghiep-vu-ngan-hang-trung-uong-p403211.html?spid=89424670,32000,5.0,5,45,nghiệp vụ ngân hàng,,,,,11.5163
Ngân hàng,ngan hang,Ngân hàng trung ương,ngan hang trung uong,2,tiki_book,274099558,- Điều Hành Chính Sách Tiền Tệ Của Ngân Hàng Trung Ương,82.04,high,exact_course_in_title; partial_course_tokens_in_secondary_text; exact_major_in_title,https://tiki.vn/sach-dieu-hanh-chinh-sach-tien-te-cua-ngan-hang-trung-uong-p274099558.html?spid=274099559,155000,5.0,2,55,chính sách tiền tệ; sách ngân hàng,,,,,10.6733
Ngân hàng,ngan hang,Ngân hàng trung ương,ngan hang trung uong,3,tiki_book,402463,Ngân Hàng Trung Ương Các Vai Trò Và Nghiệp Vụ,82.04,high,exact_course_in_title; partial_course_tokens_in_secondary_text; exact_major_in_title,https://tiki.vn/sach-ngan-hang-trung-uong-cac-vai-tro-va-nghiep-vu-p402463.html?spid=89424624,132000,3.0,2,24,nghiệp vụ ngân hàng; tín dụng ngân hàng; nghiệp vụ lễ tân,,,,,7.8668
Ngân hàng,ngan hang,Ngân hàng trung ương,ngan hang trung uong,1,ueh_repository,UEH/62489,Ngân hàng 4.0: phối hợp ngân hàng – Fintech trong điều kiện ổn định tài chính quốc gia,32.62,medium,partial_course_tokens_in_title; exact_course_in_secondary_text; exact_major_in_title,https://digital.lib.ueh.edu.vn/handle/UEH/62489,,,,,,2021,Book Series,0,Hoàng Hải Yến; Nguyễn Thị Hồng Nhung; Nguyễn Thị Thùy Dương; Vũ Bích Ngọc; Trần Hoàng Trúc Linh,
Ngân hàng,ngan hang,Ngân hàng trung ương,ngan hang trung uong,2,ueh_repository,UEH/61376,Các yếu tố tác động đến khả năng chấp nhận sử dụng dịch vụ Mobile Banking của các chi nhánh Ngân hàng TMCP Ngoại Thương Việt Nam trên địa bàn tỉnh Đồng Nai,23.26,low,partial_course_tokens_in_title; partial_course_tokens_in_secondary_text; exact_major_in_title,https://digital.lib.ueh.edu.vn/handle/UEH/61376,,,,,,2021,MASTER'S THESES,0,Huỳnh Xuân Đào,
Ngân hàng,ngan hang,Ngân hàng trung ương,ngan hang trung uong,3,ueh_repository,UEH/63926,"Các yếu tố tạo sự gắn kết với tổ chức của nhân viên tại Công ty Cổ phần Dược phẩm Trung ương Codupha, trụ sở Thành phố Hồ Chí Minh",21.1,low,partial_course_tokens_in_title; partial_course_tokens_in_secondary_text,https://digital.lib.ueh.edu.vn/handle/UEH/63926,,,,,,2022,MASTER'S THESES,0,Dương Thanh Phong,
Ngân hàng,ngan hang,Quản trị rủi ro ngân hàng,quan tri rui ro ngan hang,1,tiki_book,135961032,Quản Trị Rủi Ro Tại Các Ngân Hàng Thương Mại Việt Nam Trong Bối Cảnh Hội Nhập Quốc Tế,59.85,medium,partial_course_tokens_in_title; exact_course_in_secondary_text; exact_major_in_title,https://tiki.vn/quan-tri-rui-ro-tai-cac-ngan-hang-thuong-mai-viet-nam-trong-boi-canh-hoi-nhap-quoc-te-p135961032.html?spid=135961033,98000,4.0,2,43,ngân hàng thương mại; quản trị rủi ro ngân hàng,,,,,9.4321
Ngân hàng,ngan hang,Quản trị rủi ro ngân hàng,quan tri rui ro ngan hang,2,tiki_book,277037972,Quản Trị Rủi Ro Tại Các Ngân Hàng Thương Mại Việt Nam Trong Bối Cảnh Hội Nhập Quốc Tế,59.85,medium,partial_course_tokens_in_title; exact_course_in_secondary_text; exact_major_in_title,https://tiki.vn/quan-tri-rui-ro-tai-cac-ngan-hang-thuong-mai-viet-nam-trong-boi-canh-hoi-nhap-quoc-te-p277037972.html?spid=277037973,88112,0.0,0,1,ngân hàng thương mại; quản trị rủi ro ngân hàng,,,,,0.6931
Ngân hàng,ngan hang,Quản trị rủi ro ngân hàng,quan tri rui ro ngan hang,3,tiki_book,47242845,Quản Trị Rủi Ro Pháp Lý Trong Kinh Doanh,47.93,medium,partial_course_tokens_in_title; exact_course_in_secondary_text,https://tiki.vn/quan-tri-rui-ro-phap-ly-trong-kinh-doanh-p47242845.html?spid=47242846,98000,4.5,54,600,quản trị kinh doanh; quản trị rủi ro ngân hàng,,,,,16.9096
Ngân hàng,ngan hang,Quản trị rủi ro ngân hàng,quan tri rui ro ngan hang,1,ueh_repository,UEH/62884,Quản trị rủi ro của ngân hàng thương mại Việt Nam theo Hiệp ước Basel II,51.77,medium,partial_course_tokens_in_title; partial_course_tokens_in_secondary_text; exact_major_in_title,https://digital.lib.ueh.edu.vn/handle/UEH/62884,,,,,,2021,MASTER'S THESES,0,Nguyễn Thị Ngân,
Ngân hàng,ngan hang,Quản trị rủi ro ngân hàng,quan tri rui ro ngan hang,2,ueh_repository,UEH/63895,Quản trị rủi ro tín dụng tại Ngân hàng Nông nghiệp và Phát triển Nông thôn Việt Nam - Chi nhánh Kiên Giang theo chuẩn mực Basel II,42.15,medium,partial_course_tokens_in_title; strong_course_tokens_in_secondary_text; exact_major_in_title,https://digital.lib.ueh.edu.vn/handle/UEH/63895,,,,,,2022,MASTER'S THESES,0,Lương Xuân Trường Giang,
Ngân hàng,ngan hang,Quản trị rủi ro ngân hàng,quan tri rui ro ngan hang,3,ueh_repository,UEH/63753,Quản trị rủi ro cho vay khách hàng cá nhân tại Ngân hàng Thương mại Cổ phần Sài Gòn Thương Tín,39.16,medium,partial_course_tokens_in_title; partial_course_tokens_in_secondary_text; exact_major_in_title,https://digital.lib.ueh.edu.vn/handle/UEH/63753,,,,,,2022,MASTER'S THESES,0,Huỳnh Văn Mun,
Ngân hàng,ngan hang,Thanh toán quốc tế,thanh toan quoc te,1,tiki_book,248861528,Cẩm Nang Thanh Toán Quốc Tế Và Tài Trợ Ngoại Thương - Dành Cho Cao Học Và NCS ( Tái Bản 2023),100.0,high,exact_course_in_title; exact_course_in_secondary_text,https://tiki.vn/cam-nang-thanh-toan-quoc-te-va-tai-tro-ngoai-thuong-danh-cho-cao-hoc-va-ncs-tai-ban-2023-p248861528.html?spid=248861529,595000,5.0,2,6,thanh toán quốc tế,,,,,8.5938
Ngân hàng,ngan hang,Thanh toán quốc tế,thanh toan quoc te,2,tiki_book,276479423,- Giáo Trình Thanh Toán Quốc Tế & Tài Trợ Ngoại Thương,100.0,high,exact_course_in_title; exact_course_in_secondary_text,https://tiki.vn/sach-giao-trinh-thanh-toan-quoc-te-tai-tro-ngoai-thuong-p276479423.html?spid=276479424,215000,0.0,0,17,thanh toán quốc tế,,,,,2.8904
Ngân hàng,ngan hang,Thanh toán quốc tế,thanh toan quoc te,3,tiki_book,276484626,Giáo Trình Thanh Toán Quốc Tế Và Tài Trợ Ngoại Thương Incoterms 2020 UCP600 ISBP 821,100.0,high,exact_course_in_title; exact_course_in_secondary_text,https://tiki.vn/giao-trinh-thanh-toan-quoc-te-va-tai-tro-ngoai-thuong-incoterms-2020-ucp600-isbp-821-p276484626.html?spid=276484627,215000,0.0,0,9,thanh toán quốc tế; incoterms,,,,,2.3026
Ngân hàng,ngan hang,Thanh toán quốc tế,thanh toan quoc te,1,ueh_repository,UEH/62140,Giải pháp nâng cao chất lượng dịch vụ tín dụng tại Ngân hàng Thương mại Cổ phần Quốc tế Việt Nam – chi nhánh Thành Đô,32.39,medium,partial_course_tokens_in_title; partial_course_tokens_in_secondary_text; exact_major_in_title,https://digital.lib.ueh.edu.vn/handle/UEH/62140,,,,,,2021,MASTER'S THESES,0,Phạm Hạnh Nguyên,
Ngân hàng,ngan hang,Thanh toán quốc tế,thanh toan quoc te,2,ueh_repository,UEH/61522,Phát triển thanh toán không dùng tiền mặt tại Ngân hàng thương mại cổ phần Công thương Việt Nam chi nhánh Phú Yên,31.1,medium,partial_course_tokens_in_title; strong_course_tokens_in_secondary_text; exact_major_in_title,https://digital.lib.ueh.edu.vn/handle/UEH/61522,,,,,,2020,MASTER'S THESES,0,Trần Thị Huyền Huyền,
Ngân hàng,ngan hang,Thanh toán quốc tế,thanh toan quoc te,3,ueh_repository,UEH/61423,Quản trị rủi ro tín dụng tại Ngân hàng Thương mại Cổ phần Đầu tư và Phát Triển Việt Nam Chi nhánh Tiền Giang,30.01,medium,exact_course_in_secondary_text; exact_major_in_title,https://digital.lib.ueh.edu.vn/handle/UEH/61423,,,,,,2020,MASTER'S THESES,0,Lương Vũ Quốc Bảo,
Ngân hàng,ngan hang,Tín dụng ngân hàng,tin dung ngan hang,1,tiki_book,533058,Tài Trợ Tín Dụng Ngân Hàng Cho Các Doanh Nghiệp Nhỏ Và Vừa,88.57,high,exact_course_in_title; exact_course_in_secondary_text; exact_major_in_title,https://tiki.vn/sach-tai-tro-tin-dung-ngan-hang-cho-cac-doanh-nghiep-nho-va-vua-p533058.html?spid=89424681,27000,5.0,2,32,sách ngân hàng; tín dụng ngân hàng,,,,,10.1444
Ngân hàng,ngan hang,Tín dụng ngân hàng,tin dung ngan hang,2,tiki_book,403001,Tín Dụng Ngân Hàng,88.57,high,exact_course_in_title; exact_course_in_secondary_text; exact_major_in_title,https://tiki.vn/sach-tin-dung-ngan-hang-p403001.html?spid=89424620,61000,3.7,3,42,nghiệp vụ ngân hàng; tín dụng ngân hàng,,,,,9.5406
Ngân hàng,ngan hang,Tín dụng ngân hàng,tin dung ngan hang,3,tiki_book,263989063,Hợp đồng cho vay trong lĩnh vực tín dụng ngân hàng - Lý luận và thực tiễn áp dụng,88.57,high,exact_course_in_title; exact_course_in_secondary_text; exact_major_in_title,https://tiki.vn/hop-dong-cho-vay-trong-linh-vuc-tin-dung-ngan-hang-ly-luan-va-thuc-tien-ap-dung-p263989063.html?spid=263989064,168000,5.0,1,3,tín dụng ngân hàng,,,,,7.426
Ngân hàng,ngan hang,Tín dụng ngân hàng,tin dung ngan hang,1,ueh_repository,UEH/61699,Giải pháp giảm tình trạng nghỉ việc của nhân viên tín dụng Ngân hàng TMCP Quân đội - chi nhánh Tân Tạo,77.17,high,exact_course_in_title; partial_course_tokens_in_secondary_text; exact_major_in_title,https://digital.lib.ueh.edu.vn/handle/UEH/61699,,,,,,2021,MASTER'S THESES,0,Nguyễn Hồng Hạnh,
Ngân hàng,ngan hang,Tín dụng ngân hàng,tin dung ngan hang,2,ueh_repository,UEH/63596,Các yếu tố ảnh hưởng đến tăng trưởng tín dụng của các Ngân hàng Thương mại Việt Nam,60.58,high,strong_course_tokens_in_title; strong_course_tokens_in_secondary_text; exact_major_in_title,https://digital.lib.ueh.edu.vn/handle/UEH/63596,,,,,,2021,MASTER'S THESES,0,Nguyễn Thị Ngọc Xuyến,
Ngân hàng,ngan hang,Tín dụng ngân hàng,tin dung ngan hang,3,ueh_repository,UEH/61369,Các yếu tố ảnh hưởng đến rủi ro tín dụng trong các Ngân hàng Thương mại Cổ phần Việt Nam,55.17,medium,strong_course_tokens_in_title; partial_course_tokens_in_secondary_text; exact_major_in_title,https://digital.lib.ueh.edu.vn/handle/UEH/61369,,,,,,2020,MASTER'S THESES,0,Võ Kế Long,
Quản lý công,quan ly cong,Chính sách công,chinh sach cong,1,tiki_book,168780451,"Thị Trường, Nhà Nước Và Người Dân: Kinh Tế Học Về Chính Sách Công",100.0,high,exact_course_in_title; partial_course_tokens_in_secondary_text,https://tiki.vn/thi-truong-nha-nuoc-va-nguoi-dan-kinh-te-hoc-ve-chinh-sach-cong-p168780451.html?spid=168780452,257000,5.0,1,24,kinh tế chính trị,,,,,9.2586
Quản lý công,quan ly cong,Chính sách công,chinh sach cong,2,tiki_book,172024968,"Thị Trường, Nhà Nước Và Người Dân - Kinh Tế Học Về Chính Sách Công",100.0,high,exact_course_in_title; partial_course_tokens_in_secondary_text,https://tiki.vn/thi-truong-nha-nuoc-va-nguoi-dan-kinh-te-hoc-ve-chinh-sach-cong-p172024968.html?spid=276778899,268000,0.0,0,3,kinh tế chính trị,,,,,1.3863
Quản lý công,quan ly cong,Chính sách công,chinh sach cong,3,tiki_book,277165601,CFO Quản Trị Tài Chính Công Ty Cổ Phần,78.42,high,strong_course_tokens_in_title; partial_course_tokens_in_secondary_text,https://tiki.vn/cfo-quan-tri-tai-chinh-cong-ty-co-phan-p277165601.html?spid=277165602,546000,5.0,2,54,quản trị tài chính,,,,,10.6553
Quản lý công,quan ly cong,Chính sách công,chinh sach cong,1,ueh_repository,UEH/61534,"Nghiên cứu các yếu tố ảnh hưởng đến sự hài lòng của người dân đối với dịch vụ hành chính công tại Uỷ ban nhân dân phường Tân Quy, Quận 7, Thành phố Hồ Chí Minh",94.79,high,strong_course_tokens_in_title; strong_course_tokens_in_secondary_text,https://digital.lib.ueh.edu.vn/handle/UEH/61534,,,,,,2020,MASTER'S THESES,0,Mạch Xuân Mai Linh,
Quản lý công,quan ly cong,Chính sách công,chinh sach cong,2,ueh_repository,UEH/61332,Nghiên cứu các yếu tố ảnh hưởng đến mức độ hài lòng về hiệu quả quản trị và hành chính công tại tỉnh Tiền Giang,94.68,high,strong_course_tokens_in_title; strong_course_tokens_in_secondary_text,https://digital.lib.ueh.edu.vn/handle/UEH/61332,,,,,,2020,MASTER'S THESES,0,Võ Thị Mai Xuân,
Quản lý công,quan ly cong,Chính sách công,chinh sach cong,3,ueh_repository,UEH/63088,"Đánh giá sự hài lòng của người dân đối với dịch vụ hành chính công trên địa bàn thị xã Tân Uyên, tỉnh Bình Dương",94.42,high,strong_course_tokens_in_title; strong_course_tokens_in_secondary_text,https://digital.lib.ueh.edu.vn/handle/UEH/63088,,,,,,2022,MASTER'S THESES,0,Nguyễn Minh Sang,
Quản lý công,quan ly cong,Luật hành chính,luat hanh chinh,1,tiki_book,279297816,"Tra Cứu Mức Xử Phạt Vi Phạm Hành Chính Về Thuế, Hóa Đơn – Quy Định Mới Về Luật Quản Lý Thuế (V2675T)",22.12,low,partial_course_tokens_in_title; partial_course_tokens_in_secondary_text; major_context_tokens,https://tiki.vn/sach-tra-cuu-muc-xu-phat-vi-pham-hanh-chinh-ve-thue-hoa-don-quy-dinh-moi-ve-luat-quan-ly-thue-v2675t-p279297816.html?spid=279297817,259000,0.0,0,,thuế; luật thuế,,,,,0.0
Quản lý công,quan ly cong,Luật hành chính,luat hanh chinh,2,tiki_book,279343057,"- Tra Cứu Mức Xử Phạt Vi Phạm Hành Chính Về Thuế, Hóa Đơn - Quy Định Mới Về Luật Quản Lý Thuế, Luật Xử Lý Vi Phạm Hành Chính (Hiện Hành)",22.12,low,partial_course_tokens_in_title; partial_course_tokens_in_secondary_text; major_context_tokens,https://tiki.vn/sach-tra-cuu-muc-xu-phat-vi-pham-hanh-chinh-ve-thue-hoa-don-quy-dinh-moi-ve-luat-quan-ly-thue-luat-xu-ly-vi-pham-hanh-chinh-hien-hanh-p279343057.html?spid=279343058,335700,0.0,0,,luật thuế,,,,,0.0
Quản lý công,quan ly cong,Luật hành chính,luat hanh chinh,3,tiki_book,278809094,"Luật Kiểm Toán Nhà Nước - Pháp Lệnh Xử Phạt Vi Phạm Hành Chính Trong Lĩnh Vực Kiểm Toán, Lập Thẩm Định Và Ban Hành Kế Hoạch Kiểm Toán",19.41,low,partial_course_tokens_in_title,https://tiki.vn/luat-kiem-toan-nha-nuoc-phap-lenh-xu-phat-vi-pham-hanh-chinh-trong-linh-vuc-kiem-toan-lap-tham-dinh-va-ban-hanh-ke-hoach-kiem-toan-p278809094.html?spid=278809095,275000,0.0,0,,sách kiểm toán; kiểm toán nội bộ,,,,,0.0
Quản lý công,quan ly cong,Luật hành chính,luat hanh chinh,1,ueh_repository,UEH/62589,"Pháp luật về xử phạt vi phạm hành chính về xử lý nước thải-thực tiễn áp dụng đối với các cơ sở sản xuất, kinh doanh tại thị xã La Gi, tỉnh Bình Thuận",20.8,low,partial_course_tokens_in_title; partial_course_tokens_in_secondary_text,https://digital.lib.ueh.edu.vn/handle/UEH/62589,,,,,,2021,MASTER'S THESES,0,Nguyễn Thị Cẩm Vân,
Quản lý công,quan ly cong,Luật hành chính,luat hanh chinh,2,ueh_repository,UEH/61609,Pháp luật về xử phạt vi phạm hành chính trong lĩnh vực y tế từ thực tiễn tại tỉnh Bình Thuận,20.53,low,partial_course_tokens_in_title; partial_course_tokens_in_secondary_text,https://digital.lib.ueh.edu.vn/handle/UEH/61609,,,,,,2021,MASTER'S THESES,0,Nguyễn Thị Kim Hoa,
Quản lý công,quan ly cong,Luật hành chính,luat hanh chinh,3,ueh_repository,UEH/61243,Pháp luật về hoạt động thanh tra hành chính trong lĩnh vực kinh tế xã hội và thực tiễn tại Bình Dương,18.66,low,partial_course_tokens_in_title; partial_course_tokens_in_secondary_text,https://digital.lib.ueh.edu.vn/handle/UEH/61243,,,,,,2020,MASTER'S THESES,0,Nguyễn Thành Khương Duy,
Quản lý công,quan ly cong,Quản lý hành chính công,quan ly hanh chinh cong,1,tiki_book,187311134,"Tài Liệu Hướng Dẫn Tổ Chức Các Cuộc Họp, Quản Lý Hội Nghị, Hội Thảo Và Chế Độ Họp Trong Hoạt Động Quản Lý, Điều Hành Của Cơ Quan Hành Chính, Doanh Nghiệp",25.32,low,partial_course_tokens_in_title; major_context_tokens,https://tiki.vn/tai-lieu-huong-dan-to-chuc-cac-cuoc-hop-quan-ly-hoi-nghi-hoi-thao-va-che-do-hop-trong-hoat-dong-quan-ly-dieu-hanh-cua-co-quan-hanh-chinh-doanh-nghiep-p187311134.html?spid=214748804,259000,0.0,0,4,trích dẫn tài liệu,,,,,1.6094
Quản lý công,quan ly cong,Quản lý hành chính công,quan ly hanh chinh cong,2,tiki_book,279297816,"Tra Cứu Mức Xử Phạt Vi Phạm Hành Chính Về Thuế, Hóa Đơn – Quy Định Mới Về Luật Quản Lý Thuế (V2675T)",25.32,low,partial_course_tokens_in_title; major_context_tokens,https://tiki.vn/sach-tra-cuu-muc-xu-phat-vi-pham-hanh-chinh-ve-thue-hoa-don-quy-dinh-moi-ve-luat-quan-ly-thue-v2675t-p279297816.html?spid=279297817,259000,0.0,0,,thuế; luật thuế,,,,,0.0
Quản lý công,quan ly cong,Quản lý hành chính công,quan ly hanh chinh cong,3,tiki_book,279343057,"- Tra Cứu Mức Xử Phạt Vi Phạm Hành Chính Về Thuế, Hóa Đơn - Quy Định Mới Về Luật Quản Lý Thuế, Luật Xử Lý Vi Phạm Hành Chính (Hiện Hành)",25.32,low,partial_course_tokens_in_title; major_context_tokens,https://tiki.vn/sach-tra-cuu-muc-xu-phat-vi-pham-hanh-chinh-ve-thue-hoa-don-quy-dinh-moi-ve-luat-quan-ly-thue-luat-xu-ly-vi-pham-hanh-chinh-hien-hanh-p279343057.html?spid=279343058,335700,0.0,0,,luật thuế,,,,,0.0
Quản lý công,quan ly cong,Quản lý hành chính công,quan ly hanh chinh cong,1,ueh_repository,UEH/62794,Thực hiện tiết kiệm chi kinh phí quản lý hành chính tại Sở Tài chính tỉnh Bà Rịa - Vũng Tàu,73.66,high,strong_course_tokens_in_title; strong_course_tokens_in_secondary_text,https://digital.lib.ueh.edu.vn/handle/UEH/62794,,,,,,2021,MASTER'S THESES,0,Nguyễn Thị Hồng Ngọc,
Quản lý công,quan ly cong,Quản lý hành chính công,quan ly hanh chinh cong,2,ueh_repository,UEH/61534,"Nghiên cứu các yếu tố ảnh hưởng đến sự hài lòng của người dân đối với dịch vụ hành chính công tại Uỷ ban nhân dân phường Tân Quy, Quận 7, Thành phố Hồ Chí Minh",45.07,medium,partial_course_tokens_in_title; strong_course_tokens_in_secondary_text,https://digital.lib.ueh.edu.vn/handle/UEH/61534,,,,,,2020,MASTER'S THESES,0,Mạch Xuân Mai Linh,
Quản lý công,quan ly cong,Quản lý hành chính công,quan ly hanh chinh cong,3,ueh_repository,UEH/61332,Nghiên cứu các yếu tố ảnh hưởng đến mức độ hài lòng về hiệu quả quản trị và hành chính công tại tỉnh Tiền Giang,44.14,medium,partial_course_tokens_in_title; strong_course_tokens_in_secondary_text,https://digital.lib.ueh.edu.vn/handle/UEH/61332,,,,,,2020,MASTER'S THESES,0,Võ Thị Mai Xuân,
Quản lý công,quan ly cong,Quản trị dịch vụ công,quan tri dich vu cong,1,tiki_book,207201346,Pháp luật điều chỉnh hoạt động kinh doanh dịch vụ của công ty chứng khoán,26.59,low,partial_course_tokens_in_title,https://tiki.vn/phap-luat-dieu-chinh-hoat-dong-kinh-doanh-dich-vu-cua-cong-ty-chung-khoan-p207201346.html?spid=276756959,132000,0.0,0,3,luật kinh tế; pháp luật kinh doanh,,,,,1.3863
Quản lý công,quan ly cong,Quản trị dịch vụ công,quan tri dich vu cong,2,tiki_book,27979420,Quản Trị Kinh Doanh Dịch Vụ Từ Góc Nhìn Marketing,21.65,low,partial_course_tokens_in_title; partial_course_tokens_in_secondary_text,https://tiki.vn/sach-quan-tri-kinh-doanh-dich-vu-tu-goc-nhin-marketing-p27979420.html?spid=188694242,165000,5.0,2,28,quản trị kinh doanh; sách quản trị kinh doanh,,,,,10.0152
Quản lý công,quan ly cong,Quản trị dịch vụ công,quan tri dich vu cong,3,tiki_book,254139138,"Giáo Trình Kinh Tế Thương Mại - Dịch Vụ Dành Cho Nghành Kinh Tế, Logistics Và Quản Trị Kinh Doanh",19.91,low,partial_course_tokens_in_title; partial_course_tokens_in_secondary_text,https://tiki.vn/giao-trinh-kinh-te-thuong-mai-dich-vu-danh-cho-nghanh-kinh-te-logistics-va-quan-tri-kinh-doanh-p254139138.html?spid=254139139,189000,0.0,0,,kinh tế chính trị,,,,,0.0
Quản lý công,quan ly cong,Quản trị dịch vụ công,quan tri dich vu cong,1,ueh_repository,UEH/61090,Nâng cao chất lượng dịch vụ công nghệ thông tin của Trung tâm Phần mềm Viettel 1 - chi nhánh Tập đoàn Công nghiệp - Viễn thông Quân đội,28.29,medium,partial_course_tokens_in_title; partial_course_tokens_in_secondary_text,https://digital.lib.ueh.edu.vn/handle/UEH/61090,,,,,,2020,MASTER'S THESES,0,Nguyễn Ngọc Tấn Phát,
Quản lý công,quan ly cong,Quản trị dịch vụ công,quan tri dich vu cong,2,ueh_repository,UEH/62471,Giải pháp mở rộng giao dịch chứng từ điện tử với đơn vị quan hệ ngân sách qua dịch vụ công trực tuyến trong kiểm soát chi ngân sách nhà nước qua Kho bạc Nhà nước Lấp Vò – Đồng Tháp,27.86,medium,partial_course_tokens_in_title; partial_course_tokens_in_secondary_text,https://digital.lib.ueh.edu.vn/handle/UEH/62471,,,,,,2021,MASTER'S THESES,0,Lê Huỳnh Thúy An,
Quản lý công,quan ly cong,Quản trị dịch vụ công,quan tri dich vu cong,3,ueh_repository,UEH/62777,Ứng dụng sản xuất tinh gọn vào dịch vụ công lĩnh vực hộ tịch tại Ủy ban nhân dân Quận 1 và giải pháp đề xuất,27.75,medium,partial_course_tokens_in_title; partial_course_tokens_in_secondary_text,https://digital.lib.ueh.edu.vn/handle/UEH/62777,,,,,,2021,MASTER'S THESES,0,Lê Hoàng Thúy Quỳnh,
Quản lý công,quan ly cong,Tài chính công,tai chinh cong,1,tiki_book,277165601,CFO Quản Trị Tài Chính Công Ty Cổ Phần,72.92,high,exact_course_in_title; partial_course_tokens_in_secondary_text,https://tiki.vn/cfo-quan-tri-tai-chinh-cong-ty-co-phan-p277165601.html?spid=277165602,546000,5.0,2,54,quản trị tài chính,,,,,10.6553
Quản lý công,quan ly cong,Tài chính công,tai chinh cong,2,tiki_book,277613359,- CFO Quản Trị Tài Chính Công Ty Cổ Phần,72.92,high,exact_course_in_title; partial_course_tokens_in_secondary_text,https://tiki.vn/sach-cfo-quan-tri-tai-chinh-cong-ty-co-phan-p277613359.html?spid=277613360,780000,0.0,0,1,quản trị tài chính,,,,,0.6931
Quản lý công,quan ly cong,Tài chính công,tai chinh cong,3,tiki_book,277304509,- CFO Quản Trị Tài Chính Công Ty Cổ Phần - NHBook,72.92,high,exact_course_in_title; partial_course_tokens_in_secondary_text,https://tiki.vn/sach-cfo-quan-tri-tai-chinh-cong-ty-co-phan-nhbook-p277304509.html?spid=277304510,780000,0.0,0,1,quản trị tài chính,,,,,0.6931
Quản lý công,quan ly cong,Tài chính công,tai chinh cong,1,ueh_repository,UEH/62646,Các nhân tố ảnh hưởng đến tính minh bạch của thông tin trên báo cáo tài chính của các công ty niêm yết có vốn đầu tư nước ngoài trên Sàn Giao dịch Chứng khoán TP. HCM,44.4,medium,partial_course_tokens_in_title; strong_course_tokens_in_secondary_text,https://digital.lib.ueh.edu.vn/handle/UEH/62646,,,,,,2021,MASTER'S THESES,0,Đoàn Thị Hà,
Quản lý công,quan ly cong,Tài chính công,tai chinh cong,2,ueh_repository,UEH/63351,Ảnh hưởng của đặc điểm doanh nghiệp đến chất lượng báo cáo tài chính của các công ty niêm yết trên thị trường chứng khoán Việt Nam,39.93,medium,partial_course_tokens_in_title; partial_course_tokens_in_secondary_text,https://digital.lib.ueh.edu.vn/handle/UEH/63351,,,,,,2021,MASTER'S THESES,0,Nguyễn Thị Tuyết Nhung,
Quản lý công,quan ly cong,Tài chính công,tai chinh cong,3,ueh_repository,UEH/63538,Các nhân tố ảnh hưởng đến chất lượng thông tin trên báo cáo tài chính của các công ty logistics forwarders trên địa bàn Thành phố Hồ Chí Minh: Xét trên cảm nhận của người đọc BCTC,39.05,medium,partial_course_tokens_in_title; partial_course_tokens_in_secondary_text,https://digital.lib.ueh.edu.vn/handle/UEH/63538,,,,,,2021,MASTER'S THESES,0,Trần Ngọc Huyền,
Quản lý công,quan ly cong,Đạo đức công vụ,dao duc cong vu,1,tiki_book,94851869,"Nghiệp Vụ Dành Cho Kế Toán Kiểm Toán Nội Bộ Chuẩn Mực, Nguyên Tắc Đạo Đức Nghề Nghiệp Và Quy Chế Kiểm Toán Nội Bộ Trong Các Cơ Quan Nhà Nước, Đơn Vị Sự Nghiệp Công Lập Và Doanh Nghiệp",31.04,medium,partial_course_tokens_in_title; partial_course_tokens_in_secondary_text,https://tiki.vn/sach-nghiep-vu-danh-cho-ke-toan-kiem-toan-noi-bo-chuan-muc-nguyen-tac-dao-duc-nghe-nghiep-va-quy-che-kiem-toan-noi-bo-trong-cac-co-quan-nha-nuoc-don-vi-su-nghiep-cong-lap-va-doanh-nghiep-p94851869.html?spid=94851870,291700,5.0,2,18,chuẩn mực kế toán; kiểm toán; sách kiểm toán; kiểm toán nội bộ; kiểm soát nội bộ; nghiệp vụ buồng phòng,,,,,9.5924
Quản lý công,quan ly cong,Đạo đức công vụ,dao duc cong vu,2,tiki_book,270173323,"Xây Dựng Nền Công Vụ Liên Thông, Thống Nhất, Chuyên Nghiệp, Trách Nhiệm, Năng Động Và Thực Tài",20.94,low,partial_course_tokens_in_title; partial_course_tokens_in_secondary_text,https://tiki.vn/xay-dung-nen-cong-vu-lien-thong-thong-nhat-chuyen-nghiep-trach-nhiem-nang-dong-va-thuc-tai-p270173323.html?spid=270173324,180100,5.0,1,1,nghiệp vụ lễ tân; nghiệp vụ buồng phòng,,,,,6.7329
Quản lý công,quan ly cong,Đạo đức công vụ,dao duc cong vu,3,tiki_book,172328140,Đạo đức trong kinh doanh: Nền tảng để phát triển doanh nghiệp bền vững,19.35,low,partial_course_tokens_in_title,https://tiki.vn/dao-duc-trong-kinh-doanh-nen-tang-de-phat-trien-doanh-nghiep-ben-vung-p172328140.html?spid=172328141,89000,5.0,2,14,định giá doanh nghiệp,,,,,9.356
Quản lý công,quan ly cong,Đạo đức công vụ,dao duc cong vu,1,ueh_repository,UEH/63321,Nghiên cứu sự ảnh hưởng của các áp lực công việc đối với hành vi bán hàng phi đạo đức trường hợp ngành bảo hiểm nhân thọ tại Việt Nam,27.91,medium,partial_course_tokens_in_title; partial_course_tokens_in_secondary_text,https://digital.lib.ueh.edu.vn/handle/UEH/63321,,,,,,2022,DISSERTATIONS,0,Nguyễn Thị Hồng,
Quản lý công,quan ly cong,Đạo đức công vụ,dao duc cong vu,2,ueh_repository,UEH/61558,Nghiên cứu sự ảnh hưởng của các áp lực công việc đối với hành vi bán hàng phi đạo đức trường hợp ngành bảo hiểm nhân thọ tại Việt Nam,27.91,medium,partial_course_tokens_in_title; partial_course_tokens_in_secondary_text,https://digital.lib.ueh.edu.vn/handle/UEH/61558,,,,,,2021,DISSERTATIONS,0,Nguyễn Thị Hồng,
Quản lý công,quan ly cong,Đạo đức công vụ,dao duc cong vu,3,ueh_repository,UEH/61149,Áp dụng mô hình tam giác gian lận trong vấn đề đạo đức nghề nghiệp của kiểm toán viên Nhà nước,24.76,low,partial_course_tokens_in_title; partial_course_tokens_in_secondary_text,https://digital.lib.ueh.edu.vn/handle/UEH/61149,,,,,,2020,MASTER'S THESES,0,Phạm Tiến Dũng,
Quản trị Hải quan - Ngoại thương,quan tri hai quan ngoai thuong,Luật hải quan,luat hai quan,1,tiki_book,252989968,"Kinh doanh sành luật (Áp dụng Luật doanh nghiệp năm 2020, sửa đổi, bổ sung năm 2022 và quy định liên quan)(Xuất bản lần thứ hai, có sửa chữa, bổ sung)",13.14,low,partial_course_tokens_in_title; partial_course_tokens_in_secondary_text,https://tiki.vn/kinh-doanh-sanh-luat-ap-dung-luat-doanh-nghiep-nam-2020-sua-doi-bo-sung-nam-2022-va-quy-dinh-lien-quan-xuat-ban-lan-thu-hai-co-sua-chua-bo-sung-p252989968.html?spid=252989969,195000,0.0,0,2,luật doanh nghiệp; pháp luật kinh doanh,,,,,1.0986
Quản trị Hải quan - Ngoại thương,quan tri hai quan ngoai thuong,Luật hải quan,luat hai quan,2,tiki_book,278469942,"Kinh doanh sành luật (ứng dụng Luật doanh nghiệp năm 2020, sửa đổi, bổ sung năm 2022 và quy định liên quan) ( Xuất bản lần thứ hai, có sữa chữa, bổ sung)",13.14,low,partial_course_tokens_in_title; partial_course_tokens_in_secondary_text,https://tiki.vn/kinh-doanh-sanh-luat-ung-dung-luat-doanh-nghiep-nam-2020-sua-doi-bo-sung-nam-2022-va-quy-dinh-lien-quan-xuat-ban-lan-thu-hai-co-sua-chua-bo-sung-p278469942.html?spid=278469943,195000,0.0,0,,pháp luật kinh doanh,,,,,0.0
Quản trị Hải quan - Ngoại thương,quan tri hai quan ngoai thuong,Luật hải quan,luat hai quan,3,tiki_book,259568230,Mối Quan Hệ Độc Hại,13.07,low,partial_course_tokens_in_title; partial_course_tokens_in_secondary_text,https://tiki.vn/moi-quan-he-doc-hai-p259568230.html?spid=259568231,159300,0.0,0,1,hải quan,,,,,0.6931
Quản trị Hải quan - Ngoại thương,quan tri hai quan ngoai thuong,Luật hải quan,luat hai quan,1,ueh_repository,UEH/63172,Giải pháp thu hút khách hàng tiềm năng nhằm gia tăng nguồn thu ngân sách nhà nước tại Cục Hải quan tỉnh Bà Rịa – Vũng Tàu,15.09,low,partial_course_tokens_in_title; partial_course_tokens_in_secondary_text,https://digital.lib.ueh.edu.vn/handle/UEH/63172,,,,,,2021,MASTER'S THESES,0,Trương Thị Thanh Huyền,
Quản trị Hải quan - Ngoại thương,quan tri hai quan ngoai thuong,Luật hải quan,luat hai quan,2,ueh_repository,UEH/62612,Nghiên cứu giải pháp chống chuyển giá từ góc nhìn của cơ quan hải quan,15.08,low,partial_course_tokens_in_title; partial_course_tokens_in_secondary_text,https://digital.lib.ueh.edu.vn/handle/UEH/62612,,,,,,2021,MASTER'S THESES,0,Đặng Thị Phương Linh,
Quản trị Hải quan - Ngoại thương,quan tri hai quan ngoai thuong,Luật hải quan,luat hai quan,3,ueh_repository,UEH/61036,Đánh giá sự hài lòng của công chức hải quan sau khi luân chuyển vị trí việc làm tại Cục Điều tra Chống buôn lậu - Tổng cục Hải quanu - Tổng cục hải quan,13.43,low,partial_course_tokens_in_title; partial_course_tokens_in_secondary_text,https://digital.lib.ueh.edu.vn/handle/UEH/61036,,,,,,2020,MASTER'S THESES,0,Đoàn Thành Trung,
Quản trị Hải quan - Ngoại thương,quan tri hai quan ngoai thuong,Nghiệp vụ hải quan,nghiep vu hai quan,1,tiki_book,271979223,"Nghiệp Vụ Quản Lý Thu Chi Thường Xuyên Giao Tự Chủ và Thực Hiện Mua Sắm Trang Thiết Bị, Bảo Trì, Sửa chữa Cơ Sở Vật Chất Trong Trường Học - V2266T",21.56,low,partial_course_tokens_in_title; partial_course_tokens_in_secondary_text,https://tiki.vn/sach-nghiep-vu-quan-ly-thu-chi-thuong-xuyen-giao-tu-chu-va-thuc-hien-mua-sam-trang-thiet-bi-bao-tri-sua-chua-co-so-vat-chat-trong-truong-hoc-v2266t-p271979223.html?spid=271979224,259000,0.0,0,1,nghiệp vụ lễ tân; nghiệp vụ buồng phòng,,,,,0.6931
Quản trị Hải quan - Ngoại thương,quan tri hai quan ngoai thuong,Nghiệp vụ hải quan,nghiep vu hai quan,2,tiki_book,94851869,"Nghiệp Vụ Dành Cho Kế Toán Kiểm Toán Nội Bộ Chuẩn Mực, Nguyên Tắc Đạo Đức Nghề Nghiệp Và Quy Chế Kiểm Toán Nội Bộ Trong Các Cơ Quan Nhà Nước, Đơn Vị Sự Nghiệp Công Lập Và Doanh Nghiệp",21.35,low,partial_course_tokens_in_title; partial_course_tokens_in_secondary_text,https://tiki.vn/sach-nghiep-vu-danh-cho-ke-toan-kiem-toan-noi-bo-chuan-muc-nguyen-tac-dao-duc-nghe-nghiep-va-quy-che-kiem-toan-noi-bo-trong-cac-co-quan-nha-nuoc-don-vi-su-nghiep-cong-lap-va-doanh-nghiep-p94851869.html?spid=94851870,291700,5.0,2,18,chuẩn mực kế toán; kiểm toán; sách kiểm toán; kiểm toán nội bộ; kiểm soát nội bộ; nghiệp vụ buồng phòng,,,,,9.5924
Quản trị Hải quan - Ngoại thương,quan tri hai quan ngoai thuong,Nghiệp vụ hải quan,nghiep vu hai quan,3,tiki_book,270549601,"Quy Định về Sử Dụng Cờ Đảng Cộng Sản Việt Nam, Cờ Tổ Quốc tại các Cơ Quan Tổ Chức Doanh Nghiệp và Hướng Dẫn Nghiệp Vụ Công Tác Văn Phòng Cấp Ủy Ở Cơ Sở - V2247T",21.35,low,partial_course_tokens_in_title; partial_course_tokens_in_secondary_text,https://tiki.vn/quy-dinh-ve-su-dung-co-dang-cong-san-viet-nam-co-to-quoc-tai-cac-co-quan-to-chuc-doanh-nghiep-va-huong-dan-nghiep-vu-cong-tac-van-phong-cap-uy-o-co-so-v2247t-p270549601.html?spid=270549602,259000,5.0,1,1,nghiệp vụ buồng phòng,,,,,6.7329
Quản trị Hải quan - Ngoại thương,quan tri hai quan ngoai thuong,Nghiệp vụ hải quan,nghiep vu hai quan,1,ueh_repository,UEH/63172,Giải pháp thu hút khách hàng tiềm năng nhằm gia tăng nguồn thu ngân sách nhà nước tại Cục Hải quan tỉnh Bà Rịa – Vũng Tàu,17.42,low,partial_course_tokens_in_title; partial_course_tokens_in_secondary_text,https://digital.lib.ueh.edu.vn/handle/UEH/63172,,,,,,2021,MASTER'S THESES,0,Trương Thị Thanh Huyền,
Quản trị Hải quan - Ngoại thương,quan tri hai quan ngoai thuong,Nghiệp vụ hải quan,nghiep vu hai quan,2,ueh_repository,UEH/62612,Nghiên cứu giải pháp chống chuyển giá từ góc nhìn của cơ quan hải quan,17.41,low,partial_course_tokens_in_title; partial_course_tokens_in_secondary_text,https://digital.lib.ueh.edu.vn/handle/UEH/62612,,,,,,2021,MASTER'S THESES,0,Đặng Thị Phương Linh,
Quản trị Hải quan - Ngoại thương,quan tri hai quan ngoai thuong,Nghiệp vụ hải quan,nghiep vu hai quan,3,ueh_repository,UEH/61127,Khắc phục hạn chế của quy trình nghiệp vụ kiểm soát chi tập trung các khoản chi ngân sách Nhà nước qua Kho bạc Nhà nước tại Bà Rịa - Vũng Tàu,16.13,low,partial_course_tokens_in_title; partial_course_tokens_in_secondary_text,https://digital.lib.ueh.edu.vn/handle/UEH/61127,,,,,,2020,MASTER'S THESES,0,Lê Thị Thanh Thương,
Quản trị Hải quan - Ngoại thương,quan tri hai quan ngoai thuong,Quản lý chuỗi cung ứng toàn cầu,quan ly chuoi cung ung toan cau,1,tiki_book,273744608,Quản lý chuỗi cung ứng thực phẩm và logistics,36.86,medium,partial_course_tokens_in_title; partial_course_tokens_in_secondary_text,https://tiki.vn/sach-quan-ly-chuoi-cung-ung-thuc-pham-va-logistics-p273744608.html?spid=273744609,134000,5.0,17,200,logistics; sách logistics; quản trị logistics; quản trị chuỗi cung ứng,,,,,14.6389
Quản trị Hải quan - Ngoại thương,quan tri hai quan ngoai thuong,Quản lý chuỗi cung ứng toàn cầu,quan ly chuoi cung ung toan cau,2,tiki_book,273725264,- Quản lý chuỗi cung ứng thực phẩm và logistics - TháI Hà Books,36.86,medium,partial_course_tokens_in_title; partial_course_tokens_in_secondary_text,https://tiki.vn/sach-quan-ly-chuoi-cung-ung-thuc-pham-va-logistics-thai-ha-books-p273725264.html?spid=273725265,179000,0.0,0,14,logistics; sách logistics; quản trị logistics; quản trị chuỗi cung ứng,,,,,2.7081
Quản trị Hải quan - Ngoại thương,quan tri hai quan ngoai thuong,Quản lý chuỗi cung ứng toàn cầu,quan ly chuoi cung ung toan cau,3,tiki_book,273905393,"Quản Lý Chuỗi Cung Ứng Thực Phẩm Và Logistics- Cuốn Sách Quản Lý, Lãnh Đạo Hay Tăng Hiệu Quả Công Việc",36.86,medium,partial_course_tokens_in_title; partial_course_tokens_in_secondary_text,https://tiki.vn/quan-ly-chuoi-cung-ung-thuc-pham-va-logistics-cuon-sach-quan-ly-lanh-dao-hay-tang-hieu-qua-cong-viec-p273905393.html?spid=274852180,179000,0.0,0,2,logistics; sách logistics; quản trị logistics; quản trị chuỗi cung ứng,,,,,1.0986
Quản trị Hải quan - Ngoại thương,quan tri hai quan ngoai thuong,Quản lý chuỗi cung ứng toàn cầu,quan ly chuoi cung ung toan cau,1,ueh_repository,UEH/63272,Giải pháp hoàn thiện hoạt động chuỗi cung ứng tại Công ty TNHH Thương mại và Dịch vụ Lâm Thanh,22.13,low,partial_course_tokens_in_title; partial_course_tokens_in_secondary_text,https://digital.lib.ueh.edu.vn/handle/UEH/63272,,,,,,2021,MASTER'S THESES,0,Đỗ Tấn Tài,
Quản trị Hải quan - Ngoại thương,quan tri hai quan ngoai thuong,Quản lý chuỗi cung ứng toàn cầu,quan ly chuoi cung ung toan cau,2,ueh_repository,UEH/62944,Tác động của mức độ sử dụng thông tin kế toán quản trị và sự tích hợp chuỗi cung ứng với sự thúc đẩy của môi trường không chắc chắn lên kết quả hoạt động kinh doanh của doanh nghiệp,21.47,low,partial_course_tokens_in_title; partial_course_tokens_in_secondary_text,https://digital.lib.ueh.edu.vn/handle/UEH/62944,,,,,,2021,MASTER'S THESES,0,Lê Thị Thu Hiếu,
Quản trị Hải quan - Ngoại thương,quan tri hai quan ngoai thuong,Quản lý chuỗi cung ứng toàn cầu,quan ly chuoi cung ung toan cau,3,ueh_repository,UEH/61605,The gap in supply chain management at Golden Sea Company,20.79,low,partial_course_tokens_in_title,https://digital.lib.ueh.edu.vn/handle/UEH/61605,,,,,,2021,MASTER'S THESES,0,Le Thi Thu Thao,
Quản trị Hải quan - Ngoại thương,quan tri hai quan ngoai thuong,Thuế xuất nhập khẩu,thue xuat nhap khau,1,tiki_book,279103684,Biểu Thuế Xuất Khẩu - Nhập Khẩu Năm 2026 (Export Import Tax 2026),41.45,medium,partial_course_tokens_in_title; partial_course_tokens_in_secondary_text,https://tiki.vn/bieu-thue-xuat-khau-nhap-khau-nam-2026-export-import-tax-2026-p279103684.html?spid=279103685,800000,0.0,0,1,tax; xuất nhập khẩu,,,,,0.6931
Quản trị Hải quan - Ngoại thương,quan tri hai quan ngoai thuong,Thuế xuất nhập khẩu,thue xuat nhap khau,2,tiki_book,279336249,"- Luật Thuế Xuất Khẩu, Thuế Nhập Khẩu Năm 2016 (Sửa Đổi, Bổ Sung Năm 2025)",39.88,medium,partial_course_tokens_in_title; exact_course_in_secondary_text,https://tiki.vn/sach-luat-thue-xuat-khau-thue-nhap-khau-nam-2016-sua-doi-bo-sung-nam-2025-p279336249.html?spid=279336250,21200,0.0,0,,luật thuế; xuất nhập khẩu,,,,,0.0
Quản trị Hải quan - Ngoại thương,quan tri hai quan ngoai thuong,Thuế xuất nhập khẩu,thue xuat nhap khau,3,tiki_book,262673805,Cẩm Nang Tra Cứu Những Điểm Mới Về Các Loại Thuế Phải Nộp Đối Với Hàng Hóa Xuất - Nhập Khẩu Và Điều Kiện Thương Mại Quốc Tế Trong Hoạt Động Ngoại Thương - INCOTERMS 2020 - V2056T,28.98,low,partial_course_tokens_in_title; partial_course_tokens_in_secondary_text,https://tiki.vn/sach-cam-nang-tra-cuu-nhung-diem-moi-ve-cac-loai-thue-phai-nop-doi-voi-hang-hoa-xuat-nhap-khau-va-dieu-kien-thuong-mai-quoc-te-trong-hoat-dong-ngoai-thuong-incoterms-2020-v2056t-p262673805.html?spid=262673806,259000,5.0,1,7,xuất nhập khẩu; incoterms,,,,,8.1192
Quản trị Hải quan - Ngoại thương,quan tri hai quan ngoai thuong,Thuế xuất nhập khẩu,thue xuat nhap khau,1,ueh_repository,UEH/63707,Hoàn thiện công tác lập dự toán ngân sách tại Công Ty TNHH Thương Mại Dịch Vụ Xuất Nhập Khẩu Song Kê,20.75,low,partial_course_tokens_in_title; partial_course_tokens_in_secondary_text,https://digital.lib.ueh.edu.vn/handle/UEH/63707,,,,,,2022,MASTER'S THESES,0,Dương Hoàng Nhi,
Quản trị Hải quan - Ngoại thương,quan tri hai quan ngoai thuong,Thuế xuất nhập khẩu,thue xuat nhap khau,2,ueh_repository,UEH/61258,Đo lường sự hài lòng của khách hàng đối với chất lượng dịch vụ vận chuyển container hàng xuất nhập khẩu bằng đường thủy nội địa tại trung tâm dịch vụ Logistics Tân Cảng,17.2,low,partial_course_tokens_in_title; partial_course_tokens_in_secondary_text,https://digital.lib.ueh.edu.vn/handle/UEH/61258,,,,,,2020,MASTER'S THESES,0,Nguyễn Thanh Bình,
Quản trị Hải quan - Ngoại thương,quan tri hai quan ngoai thuong,Thuế xuất nhập khẩu,thue xuat nhap khau,3,ueh_repository,UEH/61613,Ảnh hưởng của hoạt động xuất nhập khẩu đến tăng trưởng kinh tế Việt Nam giai đoạn 2009 - 2020,17.18,low,partial_course_tokens_in_title; partial_course_tokens_in_secondary_text,https://digital.lib.ueh.edu.vn/handle/UEH/61613,,,,,,2021,MASTER'S THESES,0,Nguyễn Thị Hồng Trang,
Quản trị Hải quan - Ngoại thương,quan tri hai quan ngoai thuong,Thương mại quốc tế,thuong mai quoc te,1,tiki_book,447075,Soạn Thảo Và Dịch Hợp Đồng Thương Mại Quốc Tế (Tái Bản),75.9,high,exact_course_in_title; partial_course_tokens_in_secondary_text,https://tiki.vn/sach-soan-thao-va-dich-hop-dong-thuong-mai-quoc-te-tai-ban-p447075.html?spid=153807,264000,4.8,50,546,hợp đồng thương mại,,,,,17.0022
Quản trị Hải quan - Ngoại thương,quan tri hai quan ngoai thuong,Thương mại quốc tế,thuong mai quoc te,2,tiki_book,247311520,Giáo trình Tài trợ thương mại quốc tế,75.9,high,exact_course_in_title; partial_course_tokens_in_secondary_text,https://tiki.vn/giao-trinh-tai-tro-thuong-mai-quoc-te-p247311520.html?spid=247311521,60000,5.0,1,22,hợp đồng thương mại,,,,,9.1752
Quản trị Hải quan - Ngoại thương,quan tri hai quan ngoai thuong,Thương mại quốc tế,thuong mai quoc te,3,tiki_book,243732948,"Giáo trình Tín dụng và thanh toán thương mại quốc tế (Tái bản lần thứ tư, có sửa chữa bổ sung)",75.83,high,exact_course_in_title; partial_course_tokens_in_secondary_text,https://tiki.vn/giao-trinh-tin-dung-va-thanh-toan-thuong-mai-quoc-te-tai-ban-lan-thu-tu-co-sua-chua-bo-sung-p243732948.html?spid=243732949,89000,5.0,1,34,thanh toán quốc tế,,,,,9.5951
Quản trị Hải quan - Ngoại thương,quan tri hai quan ngoai thuong,Thương mại quốc tế,thuong mai quoc te,1,ueh_repository,UEH/63972,Bảo vệ sức khỏe và phát triển thương mại quốc tế qua các tranh luận pháp lý về tính cần thiết và căn cứ khoa học trong biện pháp vệ sinh dịch tễ,84.86,high,exact_course_in_title; exact_course_in_secondary_text,https://digital.lib.ueh.edu.vn/handle/UEH/63972,,,,,,2022,MASTER'S THESES,0,Ngô Quỳnh Giao,
Quản trị Hải quan - Ngoại thương,quan tri hai quan ngoai thuong,Thương mại quốc tế,thuong mai quoc te,2,ueh_repository,UEH/61364,Giao kết và thực hiện hợp đồng kỳ hạn trong thương mại quốc tế,75.91,high,exact_course_in_title; partial_course_tokens_in_secondary_text,https://digital.lib.ueh.edu.vn/handle/UEH/61364,,,,,,2020,MASTER'S THESES,0,Nguyễn Hoàng Minh,
Quản trị Hải quan - Ngoại thương,quan tri hai quan ngoai thuong,Thương mại quốc tế,thuong mai quoc te,3,ueh_repository,UEH/62140,Giải pháp nâng cao chất lượng dịch vụ tín dụng tại Ngân hàng Thương mại Cổ phần Quốc tế Việt Nam – chi nhánh Thành Đô,30.17,medium,partial_course_tokens_in_title; partial_course_tokens_in_secondary_text,https://digital.lib.ueh.edu.vn/handle/UEH/62140,,,,,,2021,MASTER'S THESES,0,Phạm Hạnh Nguyên,
Quản trị Hải quan - Ngoại thương,quan tri hai quan ngoai thuong,Thủ tục xuất nhập khẩu,thu tuc xuat nhap khau,1,tiki_book,279103684,Biểu Thuế Xuất Khẩu - Nhập Khẩu Năm 2026 (Export Import Tax 2026),26.9,low,partial_course_tokens_in_title; partial_course_tokens_in_secondary_text,https://tiki.vn/bieu-thue-xuat-khau-nhap-khau-nam-2026-export-import-tax-2026-p279103684.html?spid=279103685,800000,0.0,0,1,tax; xuất nhập khẩu,,,,,0.6931
Quản trị Hải quan - Ngoại thương,quan tri hai quan ngoai thuong,Thủ tục xuất nhập khẩu,thu tuc xuat nhap khau,2,tiki_book,262673805,Cẩm Nang Tra Cứu Những Điểm Mới Về Các Loại Thuế Phải Nộp Đối Với Hàng Hóa Xuất - Nhập Khẩu Và Điều Kiện Thương Mại Quốc Tế Trong Hoạt Động Ngoại Thương - INCOTERMS 2020 - V2056T,20.57,low,partial_course_tokens_in_title; partial_course_tokens_in_secondary_text,https://tiki.vn/sach-cam-nang-tra-cuu-nhung-diem-moi-ve-cac-loai-thue-phai-nop-doi-voi-hang-hoa-xuat-nhap-khau-va-dieu-kien-thuong-mai-quoc-te-trong-hoat-dong-ngoai-thuong-incoterms-2020-v2056t-p262673805.html?spid=262673806,259000,5.0,1,7,xuất nhập khẩu; incoterms,,,,,8.1192
Quản trị Hải quan - Ngoại thương,quan tri hai quan ngoai thuong,Thủ tục xuất nhập khẩu,thu tuc xuat nhap khau,3,tiki_book,278737256,Giáo trình Kế toán Xuất Nhập Khẩu,20.14,low,partial_course_tokens_in_title; partial_course_tokens_in_secondary_text,https://tiki.vn/sach-giao-trinh-ke-toan-xuat-nhap-khau-p278737256.html?spid=278737257,122000,0.0,0,4,sách kế toán; xuất nhập khẩu,,,,,1.6094
Quản trị Hải quan - Ngoại thương,quan tri hai quan ngoai thuong,Thủ tục xuất nhập khẩu,thu tuc xuat nhap khau,1,ueh_repository,UEH/63707,Hoàn thiện công tác lập dự toán ngân sách tại Công Ty TNHH Thương Mại Dịch Vụ Xuất Nhập Khẩu Song Kê,18.06,low,partial_course_tokens_in_title; partial_course_tokens_in_secondary_text,https://digital.lib.ueh.edu.vn/handle/UEH/63707,,,,,,2022,MASTER'S THESES,0,Dương Hoàng Nhi,
Quản trị Hải quan - Ngoại thương,quan tri hai quan ngoai thuong,Thủ tục xuất nhập khẩu,thu tuc xuat nhap khau,2,ueh_repository,UEH/61258,Đo lường sự hài lòng của khách hàng đối với chất lượng dịch vụ vận chuyển container hàng xuất nhập khẩu bằng đường thủy nội địa tại trung tâm dịch vụ Logistics Tân Cảng,14.97,low,partial_course_tokens_in_title; partial_course_tokens_in_secondary_text,https://digital.lib.ueh.edu.vn/handle/UEH/61258,,,,,,2020,MASTER'S THESES,0,Nguyễn Thanh Bình,
Quản trị Hải quan - Ngoại thương,quan tri hai quan ngoai thuong,Thủ tục xuất nhập khẩu,thu tuc xuat nhap khau,3,ueh_repository,UEH/61613,Ảnh hưởng của hoạt động xuất nhập khẩu đến tăng trưởng kinh tế Việt Nam giai đoạn 2009 - 2020,14.95,low,partial_course_tokens_in_title; partial_course_tokens_in_secondary_text,https://digital.lib.ueh.edu.vn/handle/UEH/61613,,,,,,2021,MASTER'S THESES,0,Nguyễn Thị Hồng Trang,
Quản trị kinh doanh,quan tri kinh doanh,Lãnh đạo và văn hóa tổ chức,lanh dao va van hoa to chuc,1,tiki_book,175553095,Combo 2Q: Lãnh Đạo Và Văn Hóa Doanh Nghiệp + How Management Works - Hiểu Hết Về Quản Lý (Sách Quản Lý/Quản Trị Nhân Lực Thành Công),50.09,medium,strong_course_tokens_in_title,https://tiki.vn/combo-2q-lanh-dao-va-van-hoa-doanh-nghiep-how-management-works-hieu-het-ve-quan-ly-sach-quan-ly-quan-tri-nhan-luc-thanh-cong-p175553095.html?spid=248912429,510000,0.0,0,,operations management; human resource management; project management; supply chain management; tourism management; time management,,,,,0.0
Quản trị kinh doanh,quan tri kinh doanh,Lãnh đạo và văn hóa tổ chức,lanh dao va van hoa to chuc,2,tiki_book,273666427,Trạm Đọc Official | Tinh Hoa Lãnh Đạo,20.99,low,partial_course_tokens_in_title; partial_course_tokens_in_secondary_text,https://tiki.vn/tram-doc-official-tinh-hoa-lanh-dao-p273666427.html?spid=275760346,127000,0.0,0,,lãnh đạo,,,,,0.0
Quản trị kinh doanh,quan tri kinh doanh,Lãnh đạo và văn hóa tổ chức,lanh dao va van hoa to chuc,3,tiki_book,50497053,Combo Sách Quản Trị Kinh Doanh : Độc Tôn Để Trường Tồn + Dám Lãnh Đạo,19.04,low,partial_course_tokens_in_title; exact_major_in_title,https://tiki.vn/combo-sach-quan-tri-kinh-doanh-doc-ton-de-truong-ton-dam-lanh-dao-p50497053.html?spid=193130334,361000,0.0,0,,quản trị kinh doanh; sách quản trị kinh doanh,,,,,0.0
Quản trị kinh doanh,quan tri kinh doanh,Lãnh đạo và văn hóa tổ chức,lanh dao va van hoa to chuc,1,ueh_repository,UEH/61467,"Đánh giá tác động của các yếu tố văn hóa tổ chức đến hành vi chia sẻ tri thức trong cán bộ, công chức khối Dân – Chính – Đảng Thành phố Hồ Chí Minh",33.73,medium,partial_course_tokens_in_title; partial_course_tokens_in_secondary_text,https://digital.lib.ueh.edu.vn/handle/UEH/61467,,,,,,2020,MASTER'S THESES,0,Trương Thị Hoài Nghĩa,
Quản trị kinh doanh,quan tri kinh doanh,Lãnh đạo và văn hóa tổ chức,lanh dao va van hoa to chuc,2,ueh_repository,UEH/62553,"Tác động của văn hóa tổ chức đến động lực phụng sự công của cán bộ, công chức tại Ủy ban nhân dân huyện An Minh, tỉnh Kiên Giang",33.67,medium,partial_course_tokens_in_title; partial_course_tokens_in_secondary_text,https://digital.lib.ueh.edu.vn/handle/UEH/62553,,,,,,2020,MASTER'S THESES,0,Danh Hoài Duy,
Quản trị kinh doanh,quan tri kinh doanh,Lãnh đạo và văn hóa tổ chức,lanh dao va van hoa to chuc,3,ueh_repository,UEH/63158,"Phân tích các yếu tố thuộc văn hóa tổ chức tác động đến sự gắn kết công việc của những người làm công tác thống kê tại huyện Việt Yên, tỉnh Bắc Giang",28.47,medium,partial_course_tokens_in_title; partial_course_tokens_in_secondary_text,https://digital.lib.ueh.edu.vn/handle/UEH/63158,,,,,,2022,MASTER'S THESES,0,Thân Mạnh Giang,
Quản trị kinh doanh,quan tri kinh doanh,Quản trị chiến lược,quan tri chien luoc,1,tiki_book,185044605,Quản trị chiến lược ( Strategic Management),84.07,high,exact_course_in_title; partial_course_tokens_in_secondary_text,https://tiki.vn/quan-tri-chien-luoc-strategic-management-p185044605.html?spid=185044606,349300,5.0,18,242,operations management; human resource management; project management; financial management; management accounting; quản trị logistics; supply chain management; tourism management; hotel management; restaurant management; time management,,,,,14.9097
Quản trị kinh doanh,quan tri kinh doanh,Quản trị chiến lược,quan tri chien luoc,2,tiki_book,203136251,STRATEGIC MANAGEMENT - QUẢN TRỊ CHIẾN LƯỢC (Sách bản quyền Nxb Mc Graw Hill),80.55,high,exact_course_in_title; partial_course_tokens_in_secondary_text,https://tiki.vn/strategic-management-quan-tri-chien-luoc-sach-ban-quyen-nxb-mc-graw-hill-p203136251.html?spid=274843052,499000,0.0,0,2,restaurant management,,,,,1.0986
Quản trị kinh doanh,quan tri kinh doanh,Quản trị chiến lược,quan tri chien luoc,3,tiki_book,402523,Quản Trị Chiến Lược,77.23,high,exact_course_in_title; partial_course_tokens_in_secondary_text,https://tiki.vn/sach-quan-tri-chien-luoc-p402523.html?spid=213515182,82000,0.0,0,3,sách quản trị kinh doanh; quản trị vận hành,,,,,1.3863
Quản trị kinh doanh,quan tri kinh doanh,Quản trị chiến lược,quan tri chien luoc,1,ueh_repository,UEH/62665,Các nhân tố ảnh hưởng đến việc áp dụng kế toán quản trị chiến lược và sự tác động đến thành quả hoạt động tại các doanh nghiệp sản xuất – nghiên cứu ở khu vực Đông Nam Bộ -Việt Nam,82.66,high,exact_course_in_title; exact_course_in_secondary_text,https://digital.lib.ueh.edu.vn/handle/UEH/62665,,,,,,2021,DISSERTATIONS,0,Bùi Thị Trúc Quy,
Quản trị kinh doanh,quan tri kinh doanh,Quản trị chiến lược,quan tri chien luoc,2,ueh_repository,UEH/61442,Tác động của sự tham gia của kế toán vào quá trình ra quyết định chiến lược đến việc vận dụng thông tin kế toán quản trị nhằm nâng cao hiệu quả tài chính cho doanh nghiệp Việt Nam,27.94,medium,partial_course_tokens_in_title; partial_course_tokens_in_secondary_text,https://digital.lib.ueh.edu.vn/handle/UEH/61442,,,,,,2021,MASTER'S THESES,0,Trần Nữ Vân Nhi,
Quản trị kinh doanh,quan tri kinh doanh,Quản trị chiến lược,quan tri chien luoc,3,ueh_repository,UEH/63683,Tác động của môi trường cạnh tranh đến văn hóa tổ chức và chiến lược kinh doanh - Ảnh hưởng đến việc thực hiện kế toán quản trị tại các doanh nghiệp ở Việt Nam,24.92,low,partial_course_tokens_in_title; partial_course_tokens_in_secondary_text,https://digital.lib.ueh.edu.vn/handle/UEH/63683,,,,,,2022,MASTER'S THESES,0,Hứa Ngô Minh Châu,
Quản trị kinh doanh,quan tri kinh doanh,Quản trị học,quan tri hoc,1,tiki_book,187791770,Quản trị học (Tái bản 2022),70.6,high,exact_course_in_title; partial_course_tokens_in_secondary_text,https://tiki.vn/quan-tri-hoc-tai-ban-2022-p187791770.html?spid=187791771,97300,5.0,7,128,quản trị logistics; quản trị du lịch,,,,,12.979
Quản trị kinh doanh,quan tri kinh doanh,Quản trị học,quan tri hoc,2,tiki_book,210163739,Quản trị học (Tái bản 2022),70.6,high,exact_course_in_title; partial_course_tokens_in_secondary_text,https://tiki.vn/quan-tri-hoc-tai-ban-2022-p210163739.html?spid=210163740,139000,5.0,1,8,quản trị logistics; quản trị du lịch,,,,,8.2369
Quản trị kinh doanh,quan tri kinh doanh,Quản trị học,quan tri hoc,3,tiki_book,259482807,Quản trị học,70.6,high,exact_course_in_title; partial_course_tokens_in_secondary_text,https://tiki.vn/quan-tri-hoc-p259482807.html?spid=259482808,139000,0.0,0,5,quản trị vận hành; quản trị dự án; quản trị du lịch; quản trị khách sạn,,,,,1.7918
Quản trị kinh doanh,quan tri kinh doanh,Quản trị học,quan tri hoc,1,ueh_repository,UEH/61393,Tác động của cơ sở hạ tầng quản trị tri thức đến sự hài lòng của người lao động: trường hợp các Giảng viên tại các trường Đại học ở TP.Hồ Chí Minh,18.9,low,partial_course_tokens_in_title; partial_course_tokens_in_secondary_text,https://digital.lib.ueh.edu.vn/handle/UEH/61393,,,,,,2021,MASTER'S THESES,0,Nguyễn Thị Cẩm Nhung,
Quản trị kinh doanh,quan tri kinh doanh,Quản trị học,quan tri hoc,2,ueh_repository,UEH/62498,Pháp luật về quản trị trường đại học tư thục theo mô hình công ty cổ phần và phân tích thực tiễn tại Thành phố Hồ Chí Minh,18.9,low,partial_course_tokens_in_title; partial_course_tokens_in_secondary_text,https://digital.lib.ueh.edu.vn/handle/UEH/62498,,,,,,2021,MASTER'S THESES,0,Lê Đặng Thu Hương,
Quản trị kinh doanh,quan tri kinh doanh,Quản trị học,quan tri hoc,3,ueh_repository,UEH/63913,Quản trị nguồn nhân lực trong chuyển đổi số tại thư viện thông minh Trường Đại học Kinh tế Thành phố Hồ Chí Minh,15.32,low,partial_course_tokens_in_title,https://digital.lib.ueh.edu.vn/handle/UEH/63913,,,,,,2022,Conference Papers,0,Hoang Tuyet Anh,
Quản trị kinh doanh,quan tri kinh doanh,Quản trị nhân sự,quan tri nhan su,1,tiki_book,209379477,Combo 2Q Quản Trị Nhân Sự: Kỹ Năng Quản Lý Nhân Sự Chuyên Nghiệp + Cẩm Nang Quản Lý - Quản Trị Những Thách Thức Trong Quản Lý - Harvard Business Review,86.9,high,exact_course_in_title; exact_course_in_secondary_text,https://tiki.vn/combo-2q-quan-tri-nhan-su-ky-nang-quan-ly-nhan-su-chuyen-nghiep-cam-nang-quan-ly-quan-tri-nhung-thach-thuc-trong-quan-ly-harvard-business-review-p209379477.html?spid=209379478,277000,0.0,0,3,quản trị nhân sự,,,,,1.3863
Quản trị kinh doanh,quan tri kinh doanh,Quản trị nhân sự,quan tri nhan su,2,tiki_book,32802803,Quản Trị Nhân Sự Đúng,86.69,high,exact_course_in_title; exact_course_in_secondary_text,https://tiki.vn/sach-quan-tri-nhan-su-dung-p32802803.html?spid=32802804,215700,4.8,148,1716,quản trị nhân sự,,,,,19.7543
Quản trị kinh doanh,quan tri kinh doanh,Quản trị nhân sự,quan tri nhan su,3,tiki_book,211303680,"Nhân sự là chuyện nhỏ!? - Sách về Quản trị Nhân sự dành cho Nhà quản lý, Lãnh đạo thông thái",86.69,high,exact_course_in_title; exact_course_in_secondary_text,https://tiki.vn/nhan-su-la-chuyen-nho-p211303680.html?spid=211303682,299000,5.0,2,17,quản trị nhân sự,,,,,9.5383
Quản trị kinh doanh,quan tri kinh doanh,Quản trị nhân sự,quan tri nhan su,1,ueh_repository,UEH/62721,Thực trạng ứng dụng ERP vào quản trị nhân sự tại Công ty Tài chính TNHH HD SAISON,69.97,high,exact_course_in_title; partial_course_tokens_in_secondary_text,https://digital.lib.ueh.edu.vn/handle/UEH/62721,,,,,,2021,MASTER'S THESES,0,Tô Minh Phát,
Quản trị kinh doanh,quan tri kinh doanh,Quản trị nhân sự,quan tri nhan su,2,ueh_repository,UEH/63110,Nghiên cứu mối quan hệ giữa áp lực công việc và động lực làm việc đến kết quả công việc của nhân viên: Trường hợp nhân viên kinh doanh làm việc trong các công ty cung cấp dịch vụ E - Logistics trên địa bàn TP.HCM,23.1,low,partial_course_tokens_in_title; exact_course_in_secondary_text,https://digital.lib.ueh.edu.vn/handle/UEH/63110,,,,,,2021,MASTER'S THESES,0,Huỳnh Huyền Ngân,
Quản trị kinh doanh,quan tri kinh doanh,Quản trị nhân sự,quan tri nhan su,3,ueh_repository,UEH/62665,Các nhân tố ảnh hưởng đến việc áp dụng kế toán quản trị chiến lược và sự tác động đến thành quả hoạt động tại các doanh nghiệp sản xuất – nghiên cứu ở khu vực Đông Nam Bộ -Việt Nam,18.09,low,partial_course_tokens_in_title; partial_course_tokens_in_secondary_text,https://digital.lib.ueh.edu.vn/handle/UEH/62665,,,,,,2021,DISSERTATIONS,0,Bùi Thị Trúc Quy,
Quản trị kinh doanh,quan tri kinh doanh,Quản trị tài chính,quan tri tai chinh,1,tiki_book,279371862,- Quản Trị Tài Chính,70.5,high,exact_course_in_title; exact_course_in_secondary_text,https://tiki.vn/sach-quan-tri-tai-chinh-p279371862.html?spid=279371863,450000,0.0,0,,chính sách tài khóa; sách quản trị kinh doanh; sách tài chính; quản trị tài chính,,,,,0.0
Quản trị kinh doanh,quan tri kinh doanh,Quản trị tài chính,quan tri tai chinh,2,tiki_book,191575510,Quản trị tài chính,69.93,high,exact_course_in_title; exact_course_in_secondary_text,https://tiki.vn/quan-tri-tai-chinh-p191575510.html?spid=191575511,315000,4.8,15,215,chính sách tài khóa; tài chính; sách tài chính; quản trị tài chính; phân tích tài chính; báo cáo tài chính,,,,,14.3342
Quản trị kinh doanh,quan tri kinh doanh,Quản trị tài chính,quan tri tai chinh,3,tiki_book,277165601,CFO Quản Trị Tài Chính Công Ty Cổ Phần,69.93,high,exact_course_in_title; exact_course_in_secondary_text,https://tiki.vn/cfo-quan-tri-tai-chinh-cong-ty-co-phan-p277165601.html?spid=277165602,546000,5.0,2,54,quản trị tài chính,,,,,10.6553
Quản trị kinh doanh,quan tri kinh doanh,Quản trị tài chính,quan tri tai chinh,1,ueh_repository,UEH/61516,Ảnh hưởng của hoạt động quản trị tài chính và lợi thế cạnh tranh lên hiệu quả vốn vay trường hợp các tổ chức tín dụng tại Thành Phố Hồ Chí Minh,56.57,medium,exact_course_in_title; partial_course_tokens_in_secondary_text,https://digital.lib.ueh.edu.vn/handle/UEH/61516,,,,,,2020,MASTER'S THESES,0,Nguyễn Quốc Hùng,
Quản trị kinh doanh,quan tri kinh doanh,Quản trị tài chính,quan tri tai chinh,2,ueh_repository,UEH/63733,Nhân tố tác động đến việc triển khai các kỹ thuật kế toán quản trị tại các doanh nghiệp sản xuất nhỏ và vừa ở Việt Nam,25.8,medium,partial_course_tokens_in_title; partial_course_tokens_in_secondary_text,https://digital.lib.ueh.edu.vn/handle/UEH/63733,,,,,,2022,DISSERTATIONS,0,Nguyễn Thị Huyền Trâm,
Quản trị kinh doanh,quan tri kinh doanh,Quản trị tài chính,quan tri tai chinh,3,ueh_repository,UEH/61314,Hoàn thiện hệ thống kế toán quản trị tại công ty CP Tagi Logistics,24.19,low,partial_course_tokens_in_title; partial_course_tokens_in_secondary_text,https://digital.lib.ueh.edu.vn/handle/UEH/61314,,,,,,2020,MASTER'S THESES,0,Nguyễn Kiều Giang,
Quản trị kinh doanh,quan tri kinh doanh,Quản trị vận hành,quan tri van hanh,1,tiki_book,273429543,Quản Trị Vận Hành Và Chuỗi Cung Ứng (Ấn Bản Lần Thứ 16),86.13,high,exact_course_in_title; exact_course_in_secondary_text,https://tiki.vn/quan-tri-van-hanh-va-chuoi-cung-ung-an-ban-lan-thu-16-p273429543.html?spid=273429544,899000,5.0,1,10,quản trị vận hành; chuỗi cung ứng; quản trị chuỗi cung ứng,,,,,8.4376
Quản trị kinh doanh,quan tri kinh doanh,Quản trị vận hành,quan tri van hanh,2,tiki_book,273497623,Quản Trị Vận Hành Và Chuỗi Cung Ứng,86.13,high,exact_course_in_title; exact_course_in_secondary_text,https://tiki.vn/quan-tri-van-hanh-va-chuoi-cung-ung-p273497623.html?spid=273707892,754200,0.0,0,4,quản trị vận hành; chuỗi cung ứng; quản trị chuỗi cung ứng,,,,,1.6094
Quản trị kinh doanh,quan tri kinh doanh,Quản trị vận hành,quan tri van hanh,3,tiki_book,277520424,- Quản Trị Vận Hành Chuỗi Cung Ứng (Ấn Bản Lần Thứ 16) - F. Robert Jacobs Và Richard B. Chase - NXB Tài chính - Minh Đức,86.13,high,exact_course_in_title; exact_course_in_secondary_text,https://tiki.vn/sach-quan-tri-van-hanh-chuoi-cung-ung-an-ban-lan-thu-16-f-robert-jacobs-va-richard-b-chase-nxb-tai-chinh-minh-duc-p277520424.html?spid=277520425,754200,0.0,0,2,quản trị vận hành,,,,,1.0986
Quản trị kinh doanh,quan tri kinh doanh,Quản trị vận hành,quan tri van hanh,1,ueh_repository,UEH/62660,Phân tích chi phí - hiệu quả trong điều trị thoái hóa khớp gối bằng phương pháp tiêm nội khớp Hyaluronic Acid và điều trị dùng thuốc thường quy tại Bệnh viện Vạn Hạnh năm 2019,16.36,low,partial_course_tokens_in_title; partial_course_tokens_in_secondary_text,https://digital.lib.ueh.edu.vn/handle/UEH/62660,,,,,,2021,MASTER'S THESES,0,Nguyễn Xuân Mai,
Quản trị kinh doanh,quan tri kinh doanh,Quản trị vận hành,quan tri van hanh,2,ueh_repository,UEH/63168,Các nhân tố ảnh hưởng đến việc vận dụng kế toán quản trị tại các bệnh viện công lập trên địa bàn Thành phố Hồ Chí Minh,16.11,low,partial_course_tokens_in_title; partial_course_tokens_in_secondary_text,https://digital.lib.ueh.edu.vn/handle/UEH/63168,,,,,,2021,MASTER'S THESES,0,Phan Hoàng Long,
Quản trị kinh doanh,quan tri kinh doanh,Quản trị vận hành,quan tri van hanh,3,ueh_repository,UEH/61332,Nghiên cứu các yếu tố ảnh hưởng đến mức độ hài lòng về hiệu quả quản trị và hành chính công tại tỉnh Tiền Giang,15.45,low,partial_course_tokens_in_title; partial_course_tokens_in_secondary_text,https://digital.lib.ueh.edu.vn/handle/UEH/61332,,,,,,2020,MASTER'S THESES,0,Võ Thị Mai Xuân,
Thị trường chứng khoán,thi truong chung khoan,Pháp luật chứng khoán,phap luat chung khoan,1,tiki_book,207201346,Pháp luật điều chỉnh hoạt động kinh doanh dịch vụ của công ty chứng khoán,26.62,low,partial_course_tokens_in_title; partial_course_tokens_in_secondary_text,https://tiki.vn/phap-luat-dieu-chinh-hoat-dong-kinh-doanh-dich-vu-cua-cong-ty-chung-khoan-p207201346.html?spid=276756959,132000,0.0,0,3,luật kinh tế; pháp luật kinh doanh,,,,,1.3863
Thị trường chứng khoán,thi truong chung khoan,Pháp luật chứng khoán,phap luat chung khoan,2,tiki_book,67241567,Combo Phương Pháp Đầu tư Chứng Khoán: Chiến Lược Đầu Tư Chứng Khoán + 24 Bài Học Sống Còn Để Đầu Tư Thành Công Trên Thị Trường Chứng Khoán,25.11,low,partial_course_tokens_in_title; partial_course_tokens_in_secondary_text; exact_major_in_title,https://tiki.vn/combo-phuong-phap-dau-tu-chung-khoan-chien-luoc-dau-tu-chung-khoan-24-bai-hoc-song-con-de-dau-tu-thanh-cong-tren-thi-truong-chung-khoan-p67241567.html?spid=67241568,254000,0.0,0,2,đầu tư chứng khoán,,,,,1.0986
Thị trường chứng khoán,thi truong chung khoan,Pháp luật chứng khoán,phap luat chung khoan,3,tiki_book,65587899,Thị Trường Chứng Khoán,22.54,low,partial_course_tokens_in_title; partial_course_tokens_in_secondary_text; exact_major_in_title,https://tiki.vn/thi-truong-chung-khoan-p65587899.html?spid=66567443,168000,5.0,17,124,nghiên cứu thị trường; chứng khoán,,,,,14.1639
Thị trường chứng khoán,thi truong chung khoan,Pháp luật chứng khoán,phap luat chung khoan,1,ueh_repository,UEH/62930,Ảnh hưởng của thông tin kế toán trên báo cáo tài chính đến giá cổ phiếu của các công ty niêm yết trên thị trường chứng khoán Thành phố Hồ Chí Minh,18.21,low,partial_course_tokens_in_title; partial_course_tokens_in_secondary_text; exact_major_in_title,https://digital.lib.ueh.edu.vn/handle/UEH/62930,,,,,,2022,MASTER'S THESES,0,Lê Văn Quang,
Thị trường chứng khoán,thi truong chung khoan,Pháp luật chứng khoán,phap luat chung khoan,2,ueh_repository,UEH/63932,"Ảnh hưởng của một số tính cách đến dự định đầu tư cổ phiếu của các nhà đầu tư cá nhân trên thị trường chứng khoán Việt Nam: Vai trò trung gian của nhận thức rủi ro, nhận thức không chắc chắn và kết quả đầu tư",18.21,low,partial_course_tokens_in_title; partial_course_tokens_in_secondary_text; exact_major_in_title,https://digital.lib.ueh.edu.vn/handle/UEH/63932,,,,,,2022,DISSERTATIONS,0,Nguyễn Hữu Thọ,
Thị trường chứng khoán,thi truong chung khoan,Pháp luật chứng khoán,phap luat chung khoan,3,ueh_repository,UEH/61702,Tác động của chính sách cổ tức lên biến động giá cổ phiếu của các công ty niêm yết trên thị trường chứng khoán Việt Nam,18.21,low,partial_course_tokens_in_title; partial_course_tokens_in_secondary_text; exact_major_in_title,https://digital.lib.ueh.edu.vn/handle/UEH/61702,,,,,,2021,MASTER'S THESES,0,Trương Thị Kim Phượng,
Thị trường chứng khoán,thi truong chung khoan,Phân tích chứng khoán cơ bản,phan tich chung khoan co ban,1,tiki_book,208437274,Combo Phân tích chứng khoán+Tâm lý thị trường chứng khoán+Chiến lược đầu tư chứng khoán (3 Cuốn) - Alphabooks,62.73,medium,strong_course_tokens_in_title; partial_course_tokens_in_secondary_text; exact_major_in_title,https://tiki.vn/sach-combo-phan-tich-chung-khoan-tam-ly-thi-truong-chung-khoan-chien-luoc-dau-tu-chung-khoan-3-cuon-alphabooks-p208437274.html?spid=277159676,767000,0.0,0,,chứng khoán; đầu tư chứng khoán,,,,,0.0
Thị trường chứng khoán,thi truong chung khoan,Phân tích chứng khoán cơ bản,phan tich chung khoan co ban,2,tiki_book,1750249,Phân Tích Chứng Khoán,62.65,medium,strong_course_tokens_in_title; strong_course_tokens_in_secondary_text,https://tiki.vn/sach-phan-tich-chung-khoan-p1750249.html?spid=1750251,374200,4.7,607,10456,chứng khoán; phân tích cơ bản,,,,,23.5703
Thị trường chứng khoán,thi truong chung khoan,Phân tích chứng khoán cơ bản,phan tich chung khoan co ban,3,tiki_book,262758475,Phân Tích Chứng Khoán,62.65,medium,strong_course_tokens_in_title; strong_course_tokens_in_secondary_text,https://tiki.vn/phan-tich-chung-khoan-p262758475.html?spid=263032760,399000,0.0,0,2,phân tích tài chính; chứng khoán; phân tích kỹ thuật; phân tích cơ bản,,,,,1.0986
Thị trường chứng khoán,thi truong chung khoan,Phân tích chứng khoán cơ bản,phan tich chung khoan co ban,1,ueh_repository,UEH/61115,Phân tích các yếu tố tác động đến việc định dưới giá của cổ phiếu khi IPO trên thị trường chứng khoán Việt Nam,28.49,medium,partial_course_tokens_in_title; partial_course_tokens_in_secondary_text; exact_major_in_title,https://digital.lib.ueh.edu.vn/handle/UEH/61115,,,,,,2020,MASTER'S THESES,0,Lê Văn Hào,
Thị trường chứng khoán,thi truong chung khoan,Phân tích chứng khoán cơ bản,phan tich chung khoan co ban,2,ueh_repository,UEH/61320,Phân tích ảnh hưởng của thông tin kế toán đến giá cổ phiếu của các công ty niêm yết trên thị trường chứng khoán Việt Nam,26.77,medium,partial_course_tokens_in_title; partial_course_tokens_in_secondary_text; exact_major_in_title,https://digital.lib.ueh.edu.vn/handle/UEH/61320,,,,,,2020,MASTER'S THESES,0,Dương An Thảo,
Thị trường chứng khoán,thi truong chung khoan,Phân tích chứng khoán cơ bản,phan tich chung khoan co ban,3,ueh_repository,UEH/63626,Phân tích phản ứng của thị trường chứng khoán trước thông tin công bố chi trả cổ tức trong đại dịch Covid-19: Bằng chứng thực nghiệm từ thị trường chứng khoán Việt Nam,26.63,medium,partial_course_tokens_in_title; partial_course_tokens_in_secondary_text; exact_major_in_title,https://digital.lib.ueh.edu.vn/handle/UEH/63626,,,,,,2022,MASTER'S THESES,0,Nguyễn Hà Giang,
Thị trường chứng khoán,thi truong chung khoan,Phân tích kỹ thuật,phan tich ky thuat,1,tiki_book,77339644,Phân tích kỹ thuật trong thị trường tài chính,100.0,high,exact_course_in_title; exact_course_in_secondary_text,https://tiki.vn/phan-tich-ky-thuat-trong-thi-truong-tai-chinh-p77339644.html?spid=84882958,248100,4.8,97,464,nghiên cứu thị trường; phân tích tài chính; phân tích kỹ thuật; phân tích cơ bản,,,,,17.8195
Thị trường chứng khoán,thi truong chung khoan,Phân tích kỹ thuật,phan tich ky thuat,2,tiki_book,187622420,The Art and Science of Technical Analysis – Phân tích kỹ thuật: Sự kết hợp giữa KHOA HỌC và NGHỆ THUẬT trong đầu tư chứng khoán - Happy Live,100.0,high,exact_course_in_title; exact_course_in_secondary_text,https://tiki.vn/the-art-and-science-of-technical-analysis-phan-tich-ky-thuat-su-ket-hop-giua-khoa-hoc-va-nghe-thuat-trong-dau-tu-chung-khoan-p187622420.html?spid=187622422,569000,4.8,70,479,financial analysis; phân tích kỹ thuật; technical analysis; fundamental analysis; data analysis,,,,,17.3678
Thị trường chứng khoán,thi truong chung khoan,Phân tích kỹ thuật,phan tich ky thuat,3,tiki_book,13107878,Bộ sách Phân tích kỹ thuật thực chiến đánh bại thị trường,100.0,high,exact_course_in_title; exact_course_in_secondary_text,https://tiki.vn/bo-sach-phan-tich-ky-thuat-thuc-chien-danh-bai-thi-truong-p13107878.html?spid=13107879,1499000,4.8,62,482,nghiên cứu thị trường; phân tích kỹ thuật,,,,,17.1947
Thị trường chứng khoán,thi truong chung khoan,Phân tích kỹ thuật,phan tich ky thuat,1,ueh_repository,UEH/63165,Phân tích hành vi khách hàng trong lĩnh vực bán lẻ với mô hình RFM tiếp cận bằng kỹ thuật học máy không giám sát,34.43,medium,partial_course_tokens_in_title; partial_course_tokens_in_secondary_text,https://digital.lib.ueh.edu.vn/handle/UEH/63165,,,,,,2022,MASTER'S THESES,0,Phan Châu Minh Trường,
Thị trường chứng khoán,thi truong chung khoan,Phân tích kỹ thuật,phan tich ky thuat,2,ueh_repository,UEH/61694,Giải pháp cải thiện môi trường làm việc tại Công ty Cổ phần Đầu tư Xây dựng kỹ thuật Đông Dương (Indochina) đến năm 2025,31.41,medium,partial_course_tokens_in_title; partial_course_tokens_in_secondary_text,https://digital.lib.ueh.edu.vn/handle/UEH/61694,,,,,,2021,MASTER'S THESES,0,Võ Thị Hồng Trang,
Thị trường chứng khoán,thi truong chung khoan,Phân tích kỹ thuật,phan tich ky thuat,3,ueh_repository,UEH/63614,"Tác động của đổi mới, sự hối tiếc và văn hóa đến ý định thanh toán bằng các thiết bị kỹ thuật số của khách hàng tại Tp. Hồ Chí Minh",28.18,medium,partial_course_tokens_in_title; partial_course_tokens_in_secondary_text,https://digital.lib.ueh.edu.vn/handle/UEH/63614,,,,,,2021,MASTER'S THESES,0,Phạm Nguyễn Ngọc Nam,
Thị trường chứng khoán,thi truong chung khoan,Quản lý quỹ đầu tư,quan ly quy dau tu,1,tiki_book,242789587,Thực hành Phân tích Fibonacci - Hướng dẫn Phương pháp Fibonacci từ Nhà Quản Lý Quỹ kiêm Học giả CMT,25.91,low,partial_course_tokens_in_title,https://tiki.vn/thuc-hanh-phan-tich-fibonacci-huong-dan-phuong-phap-fibonacci-tu-nha-quan-ly-quy-kiem-hoc-gia-cmt-p242789587.html?spid=242789588,296000,5.0,15,217,phân tích cơ bản,,,,,14.5434
Thị trường chứng khoán,thi truong chung khoan,Quản lý quỹ đầu tư,quan ly quy dau tu,2,tiki_book,208437274,Combo Phân tích chứng khoán+Tâm lý thị trường chứng khoán+Chiến lược đầu tư chứng khoán (3 Cuốn) - Alphabooks,18.79,low,partial_course_tokens_in_title; partial_course_tokens_in_secondary_text; exact_major_in_title,https://tiki.vn/sach-combo-phan-tich-chung-khoan-tam-ly-thi-truong-chung-khoan-chien-luoc-dau-tu-chung-khoan-3-cuon-alphabooks-p208437274.html?spid=277159676,767000,0.0,0,,chứng khoán; đầu tư chứng khoán,,,,,0.0
Thị trường chứng khoán,thi truong chung khoan,Quản lý quỹ đầu tư,quan ly quy dau tu,3,tiki_book,67241567,Combo Phương Pháp Đầu tư Chứng Khoán: Chiến Lược Đầu Tư Chứng Khoán + 24 Bài Học Sống Còn Để Đầu Tư Thành Công Trên Thị Trường Chứng Khoán,16.32,low,partial_course_tokens_in_title; partial_course_tokens_in_secondary_text; exact_major_in_title,https://tiki.vn/combo-phuong-phap-dau-tu-chung-khoan-chien-luoc-dau-tu-chung-khoan-24-bai-hoc-song-con-de-dau-tu-thanh-cong-tren-thi-truong-chung-khoan-p67241567.html?spid=67241568,254000,0.0,0,2,đầu tư chứng khoán,,,,,1.0986
Thị trường chứng khoán,thi truong chung khoan,Quản lý quỹ đầu tư,quan ly quy dau tu,1,ueh_repository,UEH/63028,Giải pháp phát triển quỹ đầu tư phát triển tỉnh Bà Rịa - Vũng Tàu,30.77,medium,partial_course_tokens_in_title; partial_course_tokens_in_secondary_text,https://digital.lib.ueh.edu.vn/handle/UEH/63028,,,,,,2021,MASTER'S THESES,0,Vũ Thị Hồng Dịu,
Thị trường chứng khoán,thi truong chung khoan,Quản lý quỹ đầu tư,quan ly quy dau tu,2,ueh_repository,UEH/63680,Quản lý vốn ngân sách nhà nước đối với dự án đầu tư xây dựng các tuyến đường sắt đô thị tại Thành phố Hồ Chí Minh,17.49,low,partial_course_tokens_in_title; partial_course_tokens_in_secondary_text,https://digital.lib.ueh.edu.vn/handle/UEH/63680,,,,,,2022,MASTER'S THESES,0,Bùi Bá Thịnh,
Thị trường chứng khoán,thi truong chung khoan,Quản lý quỹ đầu tư,quan ly quy dau tu,3,ueh_repository,UEH/62960,Nâng cao quản trị rủi ro các dự án đầu tư tại Ban quản lý dự án hạ tầng II – Tổng công ty Hạ tầng mạng (VNPT NET),17.41,low,partial_course_tokens_in_title; partial_course_tokens_in_secondary_text,https://digital.lib.ueh.edu.vn/handle/UEH/62960,,,,,,2021,MASTER'S THESES,0,Trần Minh Hậu,
Thị trường chứng khoán,thi truong chung khoan,Thị trường phái sinh,thi truong phai sinh,1,tiki_book,65587899,Thị Trường Chứng Khoán,26.34,low,partial_course_tokens_in_title; partial_course_tokens_in_secondary_text; exact_major_in_title,https://tiki.vn/thi-truong-chung-khoan-p65587899.html?spid=66567443,168000,5.0,17,124,nghiên cứu thị trường; chứng khoán,,,,,14.1639
Thị trường chứng khoán,thi truong chung khoan,Thị trường phái sinh,thi truong phai sinh,2,tiki_book,208907005,Tâm lý thị trường chứng khoán - Bản Quyền,26.34,low,partial_course_tokens_in_title; partial_course_tokens_in_secondary_text; exact_major_in_title,https://tiki.vn/tam-ly-thi-truong-chung-khoan-ban-quyen-p208907005.html?spid=262076788,79000,0.0,0,3,nghiên cứu thị trường; chứng khoán,,,,,1.3863
Thị trường chứng khoán,thi truong chung khoan,Thị trường phái sinh,thi truong phai sinh,3,tiki_book,145550232,Thị Trường Chứng Khoán,26.34,low,partial_course_tokens_in_title; partial_course_tokens_in_secondary_text; exact_major_in_title,https://tiki.vn/sach-thi-truong-chung-khoan-ngut-pgs-ts-le-hoang-nga-p145550232.html?spid=279342218,151200,0.0,0,,nghiên cứu thị trường; chứng khoán,,,,,0.0
Thị trường chứng khoán,thi truong chung khoan,Thị trường phái sinh,thi truong phai sinh,1,ueh_repository,UEH/62149,Tác động của việc triển khai thị trường chứng khoán phái sinh lên độ biến động chỉ số cơ sở VN30 tại Việt Nam,68.78,high,partial_course_tokens_in_title; exact_course_in_secondary_text; exact_major_in_title,https://digital.lib.ueh.edu.vn/handle/UEH/62149,,,,,,2021,MASTER'S THESES,0,Phạm Trọng Nghĩa,
Thị trường chứng khoán,thi truong chung khoan,Thị trường phái sinh,thi truong phai sinh,2,ueh_repository,UEH/61019,Tác động của ngày đáo hạn hợp đồng giao sau chỉ số đến thị trường chứng khoán Việt Nam,28.69,medium,partial_course_tokens_in_title; strong_course_tokens_in_secondary_text; exact_major_in_title,https://digital.lib.ueh.edu.vn/handle/UEH/61019,,,,,,2021,MASTER'S THESES,0,Nguyễn Đỗ Minh Thùy,
Thị trường chứng khoán,thi truong chung khoan,Thị trường phái sinh,thi truong phai sinh,3,ueh_repository,UEH/63924,Nghiên cứu về cảm tính nhà đầu tư trên thị trường chứng khoán Việt Nam,24.49,low,partial_course_tokens_in_title; partial_course_tokens_in_secondary_text; exact_major_in_title,https://digital.lib.ueh.edu.vn/handle/UEH/63924,,,,,,2022,DISSERTATIONS,0,Đoàn Thị Cẩm Vân,
Thị trường chứng khoán,thi truong chung khoan,Đạo đức nghề nghiệp chứng khoán,dao duc nghe nghiep chung khoan,1,tiki_book,94851869,"Nghiệp Vụ Dành Cho Kế Toán Kiểm Toán Nội Bộ Chuẩn Mực, Nguyên Tắc Đạo Đức Nghề Nghiệp Và Quy Chế Kiểm Toán Nội Bộ Trong Các Cơ Quan Nhà Nước, Đơn Vị Sự Nghiệp Công Lập Và Doanh Nghiệp",41.1,medium,strong_course_tokens_in_title; partial_course_tokens_in_secondary_text,https://tiki.vn/sach-nghiep-vu-danh-cho-ke-toan-kiem-toan-noi-bo-chuan-muc-nguyen-tac-dao-duc-nghe-nghiep-va-quy-che-kiem-toan-noi-bo-trong-cac-co-quan-nha-nuoc-don-vi-su-nghiep-cong-lap-va-doanh-nghiep-p94851869.html?spid=94851870,291700,5.0,2,18,chuẩn mực kế toán; kiểm toán; sách kiểm toán; kiểm toán nội bộ; kiểm soát nội bộ; nghiệp vụ buồng phòng,,,,,9.5924
Thị trường chứng khoán,thi truong chung khoan,Đạo đức nghề nghiệp chứng khoán,dao duc nghe nghiep chung khoan,2,tiki_book,533036,Đạo Đức Nghề Nghiệp Của Kiểm Toán Viên Độc Lập,40.39,medium,strong_course_tokens_in_title,https://tiki.vn/sach-dao-duc-nghe-nghiep-cua-kiem-toan-vien-doc-lap-p533036.html?spid=89424691,53000,5.0,1,7,sách kiểm toán,,,,,8.1192
Thị trường chứng khoán,thi truong chung khoan,Đạo đức nghề nghiệp chứng khoán,dao duc nghe nghiep chung khoan,3,tiki_book,65587899,Thị Trường Chứng Khoán,19.59,low,partial_course_tokens_in_title; partial_course_tokens_in_secondary_text; exact_major_in_title,https://tiki.vn/thi-truong-chung-khoan-p65587899.html?spid=66567443,168000,5.0,17,124,nghiên cứu thị trường; chứng khoán,,,,,14.1639
Thị trường chứng khoán,thi truong chung khoan,Đạo đức nghề nghiệp chứng khoán,dao duc nghe nghiep chung khoan,1,ueh_repository,UEH/61149,Áp dụng mô hình tam giác gian lận trong vấn đề đạo đức nghề nghiệp của kiểm toán viên Nhà nước,49.52,medium,partial_course_tokens_in_title; strong_course_tokens_in_secondary_text,https://digital.lib.ueh.edu.vn/handle/UEH/61149,,,,,,2020,MASTER'S THESES,0,Phạm Tiến Dũng,
Thị trường chứng khoán,thi truong chung khoan,Đạo đức nghề nghiệp chứng khoán,dao duc nghe nghiep chung khoan,2,ueh_repository,UEH/61019,Tác động của ngày đáo hạn hợp đồng giao sau chỉ số đến thị trường chứng khoán Việt Nam,19.42,low,partial_course_tokens_in_title; partial_course_tokens_in_secondary_text; exact_major_in_title,https://digital.lib.ueh.edu.vn/handle/UEH/61019,,,,,,2021,MASTER'S THESES,0,Nguyễn Đỗ Minh Thùy,
Thị trường chứng khoán,thi truong chung khoan,Đạo đức nghề nghiệp chứng khoán,dao duc nghe nghiep chung khoan,3,ueh_repository,UEH/62541,Xây dựng thị trường chứng khoán phi tập trung dựa trên công nghệ Blockchain,19.29,low,partial_course_tokens_in_title; partial_course_tokens_in_secondary_text; exact_major_in_title,https://digital.lib.ueh.edu.vn/handle/UEH/62541,,,,,,2021,Book Series,0,TS. Nguyễn Hữu Huân; TS. Ngô Minh Vũ; ThS. Trần Nguyễn Trâm Anh,
Toán tài chính,toan tai chinh,Mô hình tài chính,mo hinh tai chinh,1,tiki_book,278711641,Tài Chính Cá Nhân Căn Bản - Personal Finance 101,21.96,low,partial_course_tokens_in_title; partial_course_tokens_in_secondary_text; major_context_tokens,https://tiki.vn/sach-tai-chinh-ca-nhan-can-ban-personal-finance-101-p278711641.html?spid=278711642,143000,4.5,2,116,finance; corporate finance; tài chính cá nhân; personal finance,,,,,10.9101
Toán tài chính,toan tai chinh,Mô hình tài chính,mo hinh tai chinh,2,tiki_book,273024271,The Finance Book - Tài Chính Doanh Nghiệp,21.96,low,partial_course_tokens_in_title; partial_course_tokens_in_secondary_text; major_context_tokens,https://tiki.vn/the-finance-book-tai-chinh-doanh-nghiep-p273024271.html?spid=273024272,267000,0.0,0,8,finance; tài chính doanh nghiệp; corporate finance; personal finance,,,,,2.1972
Toán tài chính,toan tai chinh,Mô hình tài chính,mo hinh tai chinh,3,tiki_book,278712721,Tài Chính Cá Nhân Căn Bản (Personal Finance 101),21.96,low,partial_course_tokens_in_title; partial_course_tokens_in_secondary_text; major_context_tokens,https://tiki.vn/tai-chinh-ca-nhan-can-ban-personal-finance-101-p278712721.html?spid=278717529,146250,0.0,0,8,finance; corporate finance; tài chính cá nhân; personal finance,,,,,2.1972
Toán tài chính,toan tai chinh,Mô hình tài chính,mo hinh tai chinh,1,ueh_repository,UEH/63535,Phân tích các nhân tố tác động đến hiệu quả chuỗi cung ứng – Nghiên cứu mô hình tại Công ty Cổ phần Acecook Việt Nam,33.79,medium,partial_course_tokens_in_title; partial_course_tokens_in_secondary_text,https://digital.lib.ueh.edu.vn/handle/UEH/63535,,,,,,2021,MASTER'S THESES,0,Nguyễn Thái Khoa,
Toán tài chính,toan tai chinh,Mô hình tài chính,mo hinh tai chinh,2,ueh_repository,UEH/63547,Blockchain và tài chính ngân hàng khả năng ứng dụng tại Việt Nam,28.08,medium,partial_course_tokens_in_title; exact_course_in_secondary_text,https://digital.lib.ueh.edu.vn/handle/UEH/63547,,,,,,2021,MASTER'S THESES,0,Trần Kỳ Duyên,
Toán tài chính,toan tai chinh,Mô hình tài chính,mo hinh tai chinh,3,ueh_repository,UEH/63331,Dự báo kiệt quệ tài chính bằng mô hình và trường hợp tại Công ty cổ phần dược phẩm Med,25.58,medium,partial_course_tokens_in_title; partial_course_tokens_in_secondary_text,https://digital.lib.ueh.edu.vn/handle/UEH/63331,,,,,,2021,MASTER'S THESES,0,Lê Thị Tú Uyên,
Toán tài chính,toan tai chinh,Phương trình vi phân tài chính,phuong trinh vi phan tai chinh,1,tiki_book,279379640,Giáo trình kế toán tài chính 2,16.79,low,partial_course_tokens_in_title; partial_course_tokens_in_secondary_text; exact_major_in_title,https://tiki.vn/giao-trinh-ke-toan-tai-chinh-2-p279379640.html?spid=279379641,337500,0.0,0,,chuẩn mực kế toán; kiểm toán báo cáo tài chính,,,,,0.0
Toán tài chính,toan tai chinh,Phương trình vi phân tài chính,phuong trinh vi phan tai chinh,2,tiki_book,201550433,Giáo trình Kế toán tài chính doanh nghiệp- Phần 1&2,16.73,low,partial_course_tokens_in_title; exact_major_in_title,https://tiki.vn/giao-trinh-ke-toan-tai-chinh-doanh-nghiep-phan-1-2-p201550433.html?spid=201550434,209300,0.0,0,2,chuẩn mực kế toán,,,,,1.0986
Toán tài chính,toan tai chinh,Phương trình vi phân tài chính,phuong trinh vi phan tai chinh,3,tiki_book,190743209,Toán tài chính ứng dụng,15.8,low,partial_course_tokens_in_title; partial_course_tokens_in_secondary_text; exact_major_in_title,https://tiki.vn/toan-tai-chinh-ung-dung-p190743209.html?spid=190743210,266000,5.0,9,59,chính sách tài khóa; tài chính; sách tài chính; phân tích tài chính; kế toán tài chính,,,,,12.5482
Toán tài chính,toan tai chinh,Phương trình vi phân tài chính,phuong trinh vi phan tai chinh,1,ueh_repository,UEH/62673,"Doanh thu, chi phí và kết quả kinh doanh tại Công ty Cổ phần Sản xuất Kinh doanh Sơn Kim – Theo kế toán tài chính và kế toán quản trị",12.81,low,partial_course_tokens_in_title; partial_course_tokens_in_secondary_text; exact_major_in_title,https://digital.lib.ueh.edu.vn/handle/UEH/62673,,,,,,2021,MASTER'S THESES,0,Hồ Thị Khánh An,
Toán tài chính,toan tai chinh,Phương trình vi phân tài chính,phuong trinh vi phan tai chinh,2,ueh_repository,UEH/62557,Nghiên cứu các nhân tố bên trong đơn vị tác động đến trách nhiệm giải trình báo cáo tài chính ngành Kiểm sát nhân dân trên địa bàn Thành phố Hồ Chí Minh,10.12,low,partial_course_tokens_in_title; partial_course_tokens_in_secondary_text,https://digital.lib.ueh.edu.vn/handle/UEH/62557,,,,,,2021,MASTER'S THESES,0,Tăng Thị Mỹ Kiều,
Toán tài chính,toan tai chinh,Phương trình vi phân tài chính,phuong trinh vi phan tai chinh,3,ueh_repository,UEH/62796,"Tác động của năng lực kế toán và vai trò lãnh đạo đến chất lượng báo cáo tài chính, trách nhiệm giải trình và thành quả hoạt động trong các đơn vị công tại Việt Nam",9.94,low,partial_course_tokens_in_title; partial_course_tokens_in_secondary_text,https://digital.lib.ueh.edu.vn/handle/UEH/62796,,,,,,2021,DISSERTATIONS,0,Trần Thị Yến,
Toán tài chính,toan tai chinh,Quản lý rủi ro định lượng,quan ly rui ro dinh luong,1,tiki_book,196280121,HBR Onpoint 2021: Quản Lý Rủi Ro (Tái Bản 2022),39.01,medium,partial_course_tokens_in_title; partial_course_tokens_in_secondary_text,https://tiki.vn/hbr-onpoint-2021-quan-ly-rui-ro-tai-ban-2022-p196280121.html?spid=197410266,215000,4.8,6,92,quản trị rủi ro ngân hàng,,,,,12.2515
Toán tài chính,toan tai chinh,Quản lý rủi ro định lượng,quan ly rui ro dinh luong,2,tiki_book,213857314,HBR Onpoint 2021: Quản Lý Rủi Ro (Tái Bản 2022),39.01,medium,partial_course_tokens_in_title; partial_course_tokens_in_secondary_text,https://tiki.vn/hbr-onpoint-2021-quan-ly-rui-ro-tai-ban-2022-p213857314.html?spid=263591329,215000,0.0,0,4,quản trị rủi ro ngân hàng,,,,,1.6094
Toán tài chính,toan tai chinh,Quản lý rủi ro định lượng,quan ly rui ro dinh luong,3,tiki_book,195649282,HBR Onpoint 2021: Quản Lý Rủi Ro,38.76,medium,partial_course_tokens_in_title; partial_course_tokens_in_secondary_text,https://tiki.vn/sach-hbr-onpoint-2021-quan-ly-rui-ro-p195649282.html?spid=195649289,200900,5.0,2,43,quản trị rủi ro ngân hàng,,,,,10.4321
Toán tài chính,toan tai chinh,Quản lý rủi ro định lượng,quan ly rui ro dinh luong,1,ueh_repository,UEH/63322,Quản lý rủi ro tỷ giá trong hoạt kinh doanh ngoại hối tại Ngân hàng Thương mại Cổ phần Ngoại Thương Việt Nam,43.59,medium,partial_course_tokens_in_title; strong_course_tokens_in_secondary_text,https://digital.lib.ueh.edu.vn/handle/UEH/63322,,,,,,2021,MASTER'S THESES,0,Hồ Thị Quỳnh Trang,
Toán tài chính,toan tai chinh,Quản lý rủi ro định lượng,quan ly rui ro dinh luong,2,ueh_repository,UEH/61027,Hoàn thiện quản lý rủi ro thanh khoản tại ngân hàng thương mại cổ phần ngoại thương Việt Nam,43.59,medium,partial_course_tokens_in_title; strong_course_tokens_in_secondary_text,https://digital.lib.ueh.edu.vn/handle/UEH/61027,,,,,,2020,MASTER'S THESES,0,Phan Thị Quỳnh Như,
Toán tài chính,toan tai chinh,Quản lý rủi ro định lượng,quan ly rui ro dinh luong,3,ueh_repository,UEH/61159,Quản lý rủi ro tác nghiệp đối với hoạt động tín dụng tại Ngân hàng TMCP Công thương Việt Nam chi nhánh Cần Thơ,43.59,medium,partial_course_tokens_in_title; strong_course_tokens_in_secondary_text,https://digital.lib.ueh.edu.vn/handle/UEH/61159,,,,,,2020,MASTER'S THESES,0,Lê Thị Duyên An,
Toán tài chính,toan tai chinh,Toán tài chính ứng dụng,toan tai chinh ung dung,1,tiki_book,190743209,Toán tài chính ứng dụng,93.38,high,exact_course_in_title; partial_course_tokens_in_secondary_text; exact_major_in_title,https://tiki.vn/toan-tai-chinh-ung-dung-p190743209.html?spid=190743210,266000,5.0,9,59,chính sách tài khóa; tài chính; sách tài chính; phân tích tài chính; kế toán tài chính,,,,,12.5482
Toán tài chính,toan tai chinh,Toán tài chính ứng dụng,toan tai chinh ung dung,2,tiki_book,192951014,Toán Tài Chính Ứng Dụng,88.63,high,exact_course_in_title; partial_course_tokens_in_secondary_text; exact_major_in_title,https://tiki.vn/toan-tai-chinh-ung-dung-p192951014.html?spid=209400413,380000,0.0,0,1,chính sách tài khóa; phân tích tài chính,,,,,0.6931
Toán tài chính,toan tai chinh,Toán tài chính ứng dụng,toan tai chinh ung dung,3,tiki_book,197647795,Toán Tài Chính Ứng Dụng - KT,87.43,high,exact_course_in_title; partial_course_tokens_in_secondary_text; exact_major_in_title,https://tiki.vn/toan-tai-chinh-ung-dung_kt-p197647795.html?spid=197647796,380000,5.0,1,5,chính sách tài khóa,,,,,7.8315
Toán tài chính,toan tai chinh,Toán tài chính ứng dụng,toan tai chinh ung dung,1,ueh_repository,UEH/62673,"Doanh thu, chi phí và kết quả kinh doanh tại Công ty Cổ phần Sản xuất Kinh doanh Sơn Kim – Theo kế toán tài chính và kế toán quản trị",25.83,medium,partial_course_tokens_in_title; partial_course_tokens_in_secondary_text; exact_major_in_title,https://digital.lib.ueh.edu.vn/handle/UEH/62673,,,,,,2021,MASTER'S THESES,0,Hồ Thị Khánh An,
Toán tài chính,toan tai chinh,Toán tài chính ứng dụng,toan tai chinh ung dung,2,ueh_repository,UEH/61300,Công tác giám sát lập báo cáo tài chính của Ban kiểm soát và hoàn thiện với định hướng xây dựng Ủy ban kiểm toán tại Tổng công ty Cảng hàng không Việt Nam- CTCP (ACV),20.88,low,partial_course_tokens_in_title; partial_course_tokens_in_secondary_text,https://digital.lib.ueh.edu.vn/handle/UEH/61300,,,,,,2020,MASTER'S THESES,0,Nguyễn Thanh Tâm,
Toán tài chính,toan tai chinh,Toán tài chính ứng dụng,toan tai chinh ung dung,3,ueh_repository,UEH/63148,Các nhân tố ảnh hưởng đến chất lượng thông tin kế toán tại các doanh nghiệp dịch vụ ứng dụng hệ thống hoạch định nguồn lực doanh nghiệp (ERP) trên địa bàn khu vực Đông Nam Bộ,18.46,low,partial_course_tokens_in_title; partial_course_tokens_in_secondary_text,https://digital.lib.ueh.edu.vn/handle/UEH/63148,,,,,,2021,MASTER'S THESES,0,Trần Ngọc Phương Uyên,
Toán tài chính,toan tai chinh,Xác suất và thống kê,xac suat va thong ke,1,tiki_book,270847837,Xác Suất Thống Kê (Dùng cho sinh viên các trường Kỹ Thuật và Công Nghệ),94.0,high,strong_course_tokens_in_title; strong_course_tokens_in_secondary_text,https://tiki.vn/xac-suat-thong-ke-dung-cho-sinh-vien-cac-truong-ky-thuat-va-cong-nghe-tai-ban-lan-thu-tu-nam-2023-p270847837.html?spid=270847838,126000,5.0,2,35,thống kê; xác suất thống kê,,,,,10.2314
Toán tài chính,toan tai chinh,Xác suất và thống kê,xac suat va thong ke,2,tiki_book,270296487,Bài tập xác suất thống kê (Dùng cho đào tạo bác sĩ đa khoa),94.0,high,strong_course_tokens_in_title; strong_course_tokens_in_secondary_text,https://tiki.vn/bai-tap-xac-suat-thong-ke-dung-cho-dao-tao-bac-si-da-khoa-p270296487.html?spid=270296488,23000,0.0,0,19,xác suất thống kê,,,,,2.9957
Toán tài chính,toan tai chinh,Xác suất và thống kê,xac suat va thong ke,3,tiki_book,279235958,Hướng Dẫn Giải Bài Tập Xác Suất Thống Kê,94.0,high,strong_course_tokens_in_title; strong_course_tokens_in_secondary_text,https://tiki.vn/huong-dan-giai-bai-tap-xac-suat-thong-ke-p279235958.html?spid=279235959,60000,0.0,0,3,thống kê; xác suất thống kê,,,,,1.3863
Toán tài chính,toan tai chinh,Xác suất và thống kê,xac suat va thong ke,1,ueh_repository,UEH/63287,Nghiên cứu ứng dụng thống kê Bayes phân tích việc sẵn lòng tham gia bảo hiểm cây cà phê theo chỉ số năng suất của hộ nông dân tỉnh Đắk Lắk,22.9,low,partial_course_tokens_in_title; partial_course_tokens_in_secondary_text,https://digital.lib.ueh.edu.vn/handle/UEH/63287,,,,,,2022,DISSERTATIONS,0,Lê Đình Thắng,
Toán tài chính,toan tai chinh,Xác suất và thống kê,xac suat va thong ke,2,ueh_repository,UEH/61355,Nghiên cứu các nhân tố ảnh hưởng đến ý định sử dụng hệ thống kế toán được tự động hóa tại các trường Đại học công lập trên địa bàn TP.HCM,16.94,low,partial_course_tokens_in_title; partial_course_tokens_in_secondary_text,https://digital.lib.ueh.edu.vn/handle/UEH/61355,,,,,,2020,MASTER'S THESES,0,Thái Thị Thùy Trang,
Toán tài chính,toan tai chinh,Xác suất và thống kê,xac suat va thong ke,3,ueh_repository,UEH/63083,Các nhân tố ảnh hưởng đến sự hài lòng của đối tượng cung cấp thông tin về điều tra thống kê tại Cục thống kê tỉnh Tiền Giang,16.73,low,partial_course_tokens_in_title; partial_course_tokens_in_secondary_text,https://digital.lib.ueh.edu.vn/handle/UEH/63083,,,,,,2021,MASTER'S THESES,0,Nguyễn Duy Thiện,
Toán tài chính,toan tai chinh,Định giá quyền chọn,dinh gia quyen chon,1,tiki_book,277413581,Định Giá Doanh Nghiệp Và Tài Sản - Ứng Dụng Trong Đầu Tư Tài Chính,21.41,low,partial_course_tokens_in_title; partial_course_tokens_in_secondary_text,https://tiki.vn/dinh-gia-doanh-nghiep-va-tai-san-ung-dung-trong-dau-tu-tai-chinh-p277413581.html?spid=277413582,346500,4.0,5,77,tài chính doanh nghiệp; định giá doanh nghiệp,,,,,11.0443
Toán tài chính,toan tai chinh,Định giá quyền chọn,dinh gia quyen chon,2,tiki_book,277613363,- Định Giá Doanh Nghiệp Và Tài Sản - Ứng Dụng Trong Đầu Tư Tài Chính,21.41,low,partial_course_tokens_in_title; partial_course_tokens_in_secondary_text,https://tiki.vn/sach-dinh-gia-doanh-nghiep-va-tai-san-ung-dung-trong-dau-tu-tai-chinh-p277613363.html?spid=277613364,495000,0.0,0,3,tài chính doanh nghiệp; định giá doanh nghiệp,,,,,1.3863
Toán tài chính,toan tai chinh,Định giá quyền chọn,dinh gia quyen chon,3,tiki_book,279336117,- Định Giá Doanh Nghiệp Và Tài Sản - Valuation - Ứng Dụng Trong Đầu Tư Tài Chính,20.95,low,partial_course_tokens_in_title; partial_course_tokens_in_secondary_text,https://tiki.vn/sach-dinh-gia-doanh-nghiep-va-tai-san-valuation-ung-dung-trong-dau-tu-tai-chinh-p279336117.html?spid=279336118,371200,0.0,0,,định giá doanh nghiệp; valuation,,,,,0.0
Toán tài chính,toan tai chinh,Định giá quyền chọn,dinh gia quyen chon,1,ueh_repository,UEH/61660,Nghị định quy định chi tiết một số điều và biện pháp thi hành Luật Sở hữu trí tuệ về quyền tác giả và quyền liên quan,26.06,medium,partial_course_tokens_in_title; partial_course_tokens_in_secondary_text,https://digital.lib.ueh.edu.vn/handle/UEH/61660,,,,,,2018,Legal Documents,0,Unknown,
Toán tài chính,toan tai chinh,Định giá quyền chọn,dinh gia quyen chon,2,ueh_repository,UEH/61349,Định giá Công ty Cổ phần Hóa chất Cơ bản Miền Nam theo phương pháp chiết khấu dòng tiền (DCF),16.9,low,partial_course_tokens_in_title; partial_course_tokens_in_secondary_text,https://digital.lib.ueh.edu.vn/handle/UEH/61349,,,,,,2021,MASTER'S THESES,0,Nguyễn Minh Trí,
Toán tài chính,toan tai chinh,Định giá quyền chọn,dinh gia quyen chon,3,ueh_repository,UEH/62816,Xác định giá trị doanh nghiệp – Định giá cổ phiếu Công ty Cổ phần dược liệu trung ương 2,16.83,low,partial_course_tokens_in_title; partial_course_tokens_in_secondary_text,https://digital.lib.ueh.edu.vn/handle/UEH/62816,,,,,,2021,MASTER'S THESES,0,Nguyễn Tấn Tài,
Tài chính,tai chinh,Phân tích tài chính,phan tich tai chinh,1,tiki_book,91515694,Phân tích tài chính doanh nghiệp Tai bản lần thứ 5 - chỉnh sửa bổ sung năm 2021 (Tái bản 2022),93.94,high,exact_course_in_title; exact_course_in_secondary_text; exact_major_in_title,https://tiki.vn/phan-tich-tai-chinh-doanh-nghiep-tai-ban-lan-thu-5-chinh-sua-bo-sung-nam-2021-tai-ban-2022-p91515694.html?spid=91515695,174300,4.8,135,946,phân tích tài chính,,,,,19.0223
Tài chính,tai chinh,Phân tích tài chính,phan tich tai chinh,2,tiki_book,274843779,Phân Tích Tài Chính: Để Có Một Tương Lai Tài Chính Tươi Sáng,93.94,high,exact_course_in_title; exact_course_in_secondary_text; exact_major_in_title,https://tiki.vn/sach-phan-tich-tai-chinh-de-co-mot-tuong-lai-tai-chinh-tuoi-sang-p274843779.html?spid=274843780,189500,0.0,0,2,sách tài chính; phân tích tài chính,,,,,1.0986
Tài chính,tai chinh,Phân tích tài chính,phan tich tai chinh,3,tiki_book,278610926,- Giáo Trình Phân Tích Tài Chính Doanh Nghiệp,93.94,high,exact_course_in_title; exact_course_in_secondary_text; exact_major_in_title,https://tiki.vn/sach-giao-trinh-phan-tich-tai-chinh-doanh-nghiep-p278610926.html?spid=279339580,113190,0.0,0,1,tài chính doanh nghiệp; phân tích tài chính,,,,,0.6931
Tài chính,tai chinh,Phân tích tài chính,phan tich tai chinh,1,ueh_repository,UEH/62670,Phân tích triển vọng và định giá doanh nghiệp tại tập đoàn Vingroup,29.52,medium,partial_course_tokens_in_title; exact_course_in_secondary_text,https://digital.lib.ueh.edu.vn/handle/UEH/62670,,,,,,2021,MASTER'S THESES,0,Nguyễn Cao Thắng,
Tài chính,tai chinh,Phân tích tài chính,phan tich tai chinh,2,ueh_repository,UEH/63649,Tác động của nhân tố bất định đến mức độ vận dụng tích hợp thước đo tài chính – phi tài chính và sự ảnh hưởng đến hiệu quả hoạt động kinh doanh dưới cách tiếp cận tổng thể – Bằng chứng tại doanh nghiệp sản xuất phía Nam Việt Nam,20.38,low,partial_course_tokens_in_title; partial_course_tokens_in_secondary_text; exact_major_in_title,https://digital.lib.ueh.edu.vn/handle/UEH/63649,,,,,,2022,DISSERTATIONS,0,Lê Hoàng Oanh,
Tài chính,tai chinh,Phân tích tài chính,phan tich tai chinh,3,ueh_repository,UEH/62770,Phát triển thể thao có thành tích cao của tỉnh Bà Rịa Vũng Tàu: vai trò của giải pháp tài chính,19.26,low,partial_course_tokens_in_title; partial_course_tokens_in_secondary_text; exact_major_in_title,https://digital.lib.ueh.edu.vn/handle/UEH/62770,,,,,,2021,MASTER'S THESES,0,Hoàng Thị Bích,
Tài chính,tai chinh,Quản trị vốn lưu động,quan tri von luu dong,1,tiki_book,252401956,PHƯƠNG PHÁP QUẢN TRỊ VỐN TRONG ĐẦU TƯ CHỨNG KHOÁN (Money Management System),27.5,low,partial_course_tokens_in_title; partial_course_tokens_in_secondary_text,https://tiki.vn/phuong-phap-quan-tri-von-trong-dau-tu-chung-khoan-money-management-system-p252401956.html?spid=252401957,348000,4.7,17,172,financial management,,,,,14.1888
Tài chính,tai chinh,Quản trị vốn lưu động,quan tri von luu dong,2,tiki_book,191575510,Quản trị tài chính,14.61,low,partial_course_tokens_in_title; partial_course_tokens_in_secondary_text; exact_major_in_title,https://tiki.vn/quan-tri-tai-chinh-p191575510.html?spid=191575511,315000,4.8,15,215,chính sách tài khóa; tài chính; sách tài chính; quản trị tài chính; phân tích tài chính; báo cáo tài chính,,,,,14.3342
Tài chính,tai chinh,Quản trị vốn lưu động,quan tri von luu dong,3,tiki_book,190751010,Tài chính kế toán dành cho nhà quản trị,14.61,low,partial_course_tokens_in_title; partial_course_tokens_in_secondary_text; exact_major_in_title,https://tiki.vn/tai-chinh-ke-toan-danh-cho-nha-quan-tri-p190751010.html?spid=190751011,196000,4.7,14,127,quản trị tài chính; kế toán tài chính; kế toán quản trị,,,,,13.6141
Tài chính,tai chinh,Quản trị vốn lưu động,quan tri von luu dong,1,ueh_repository,UEH/61101,Giải pháp tài chính trong quản lý vốn lưu động nhằm nâng cao hiệu quả hoạt động tại Công ty Cổ phần QH Plus giai đoạn năm 2020 – 2025,41.14,medium,partial_course_tokens_in_title; partial_course_tokens_in_secondary_text; exact_major_in_title,https://digital.lib.ueh.edu.vn/handle/UEH/61101,,,,,,2021,MASTER'S THESES,0,Bùi Minh Tân,
Tài chính,tai chinh,Quản trị vốn lưu động,quan tri von luu dong,2,ueh_repository,UEH/63745,Quản trị vốn luân chuyển và hiệu quả tài chính trong giai đoạn bình thường và giai đoạn khủng hoảng do dịch bệnh Covid - 19,31.22,medium,partial_course_tokens_in_title; partial_course_tokens_in_secondary_text; exact_major_in_title,https://digital.lib.ueh.edu.vn/handle/UEH/63745,,,,,,2022,MASTER'S THESES,0,Nguyễn Thị Cẩm Tú,
Tài chính,tai chinh,Quản trị vốn lưu động,quan tri von luu dong,3,ueh_repository,UEH/62138,Tác động của việc quản trị vốn luân chuyển đến khả năng sinh lời của các doanh nghiệp nhóm ngành hàng tiêu dùng niêm yết tại Việt Nam,24.13,low,partial_course_tokens_in_title; partial_course_tokens_in_secondary_text,https://digital.lib.ueh.edu.vn/handle/UEH/62138,,,,,,2021,MASTER'S THESES,0,Nguyễn TIến Dũng,
Tài chính,tai chinh,Thị trường tài chính,thi truong tai chinh,1,tiki_book,531592,Thị Trường Tài Chính,96.33,high,exact_course_in_title; strong_course_tokens_in_secondary_text; exact_major_in_title,https://tiki.vn/sach-thi-truong-tai-chinh-p531592.html?spid=89424628,56000,4.6,8,71,chính sách tài khóa; nghiên cứu thị trường; sách tài chính; phân tích tài chính,,,,,12.1725
Tài chính,tai chinh,Thị trường tài chính,thi truong tai chinh,2,tiki_book,77339644,Phân tích kỹ thuật trong thị trường tài chính,89.16,high,exact_course_in_title; partial_course_tokens_in_secondary_text; exact_major_in_title,https://tiki.vn/phan-tich-ky-thuat-trong-thi-truong-tai-chinh-p77339644.html?spid=84882958,248100,4.8,97,464,nghiên cứu thị trường; phân tích tài chính; phân tích kỹ thuật; phân tích cơ bản,,,,,17.8195
Tài chính,tai chinh,Thị trường tài chính,thi truong tai chinh,3,tiki_book,206474611,Người Giải Mã Thị Trường Tài Chính,85.03,high,exact_course_in_title; partial_course_tokens_in_secondary_text; exact_major_in_title,https://tiki.vn/nguoi-giai-ma-thi-truong-tai-chinh-p206474611.html?spid=206474612,206100,4.7,3,83,nghiên cứu thị trường,,,,,11.2103
Tài chính,tai chinh,Thị trường tài chính,thi truong tai chinh,1,ueh_repository,UEH/62540,Ứng dụng công nghệ trí tuệ nhân tạo trong dịch vụ tài chính tại thị trường tài chính Việt Nam,75.58,high,exact_course_in_title; partial_course_tokens_in_secondary_text; exact_major_in_title,https://digital.lib.ueh.edu.vn/handle/UEH/62540,,,,,,2021,Book Series,0,TS. Ngô Minh Vũ; TS. Nguyễn Hữu Huân,
Tài chính,tai chinh,Thị trường tài chính,thi truong tai chinh,2,ueh_repository,UEH/62564,Tác động của cấu trúc vốn và hiệu quả tài chính đến tỷ suất sinh lời cổ phiếu của các công ty trên HOSE,32.55,medium,partial_course_tokens_in_title; exact_course_in_secondary_text; exact_major_in_title,https://digital.lib.ueh.edu.vn/handle/UEH/62564,,,,,,2021,MASTER'S THESES,0,Lê Thị Thu Ngân,
Tài chính,tai chinh,Thị trường tài chính,thi truong tai chinh,3,ueh_repository,UEH/62930,Ảnh hưởng của thông tin kế toán trên báo cáo tài chính đến giá cổ phiếu của các công ty niêm yết trên thị trường chứng khoán Thành phố Hồ Chí Minh,31.29,medium,partial_course_tokens_in_title; partial_course_tokens_in_secondary_text; exact_major_in_title,https://digital.lib.ueh.edu.vn/handle/UEH/62930,,,,,,2022,MASTER'S THESES,0,Lê Văn Quang,
Tài chính,tai chinh,Tài chính doanh nghiệp,tai chinh doanh nghiep,1,tiki_book,273024271,The Finance Book - Tài Chính Doanh Nghiệp,100.0,high,exact_course_in_title; exact_course_in_secondary_text; exact_major_in_title,https://tiki.vn/the-finance-book-tai-chinh-doanh-nghiep-p273024271.html?spid=273024272,267000,0.0,0,8,finance; tài chính doanh nghiệp; corporate finance; personal finance,,,,,2.1972
Tài chính,tai chinh,Tài chính doanh nghiệp,tai chinh doanh nghiep,2,tiki_book,273536991,The Finance Book - Tài Chính Doanh Nghiệp-Cuốn Sách Kinh Doanh Hay,100.0,high,exact_course_in_title; exact_course_in_secondary_text; exact_major_in_title,https://tiki.vn/the-finance-book-tai-chinh-doanh-nghiep-cuon-sach-kinh-doanh-hay-p273536991.html?spid=273536992,270000,0.0,0,1,finance; tài chính doanh nghiệp; corporate finance; personal finance,,,,,0.6931
Tài chính,tai chinh,Tài chính doanh nghiệp,tai chinh doanh nghiep,3,tiki_book,274055794,The Finance Book - Tài Chính Doanh Nghiệp,100.0,high,exact_course_in_title; exact_course_in_secondary_text; exact_major_in_title,https://tiki.vn/the-finance-book-tai-chinh-doanh-nghiep-p274055794.html?spid=276959951,285000,0.0,0,,finance; tài chính doanh nghiệp; corporate finance; personal finance,,,,,0.0
Tài chính,tai chinh,Tài chính doanh nghiệp,tai chinh doanh nghiep,1,ueh_repository,UEH/61442,Tác động của sự tham gia của kế toán vào quá trình ra quyết định chiến lược đến việc vận dụng thông tin kế toán quản trị nhằm nâng cao hiệu quả tài chính cho doanh nghiệp Việt Nam,61.03,high,strong_course_tokens_in_title; strong_course_tokens_in_secondary_text; exact_major_in_title,https://digital.lib.ueh.edu.vn/handle/UEH/61442,,,,,,2021,MASTER'S THESES,0,Trần Nữ Vân Nhi,
Tài chính,tai chinh,Tài chính doanh nghiệp,tai chinh doanh nghiep,2,ueh_repository,UEH/62949,Các nhân tố ảnh hưởng đến chất lượng thông tin báo cáo tài chính của các doanh nghiệp có vốn đầu tư nước ngoài – trường hợp nghiên cứu tại Bình Dương,55.06,medium,strong_course_tokens_in_title; partial_course_tokens_in_secondary_text; exact_major_in_title,https://digital.lib.ueh.edu.vn/handle/UEH/62949,,,,,,2021,MASTER'S THESES,0,Lê Hữu Thanh Tuấn,
Tài chính,tai chinh,Tài chính doanh nghiệp,tai chinh doanh nghiep,3,ueh_repository,UEH/63352,Các nhân tố ảnh hưởng đến chất lượng báo cáo tài chính của các doanh nghiệp ngành hàng tiêu dùng nhanh niêm yết trên thị trường chứng khoán Việt Nam,55.06,medium,strong_course_tokens_in_title; partial_course_tokens_in_secondary_text; exact_major_in_title,https://digital.lib.ueh.edu.vn/handle/UEH/63352,,,,,,2021,MASTER'S THESES,0,Hồ Trần Thị Thanh Thủy,
Tài chính,tai chinh,Tài chính quốc tế,tai chinh quoc te,1,tiki_book,197857892,Tài Chính Quốc Tế,89.39,high,exact_course_in_title; partial_course_tokens_in_secondary_text; exact_major_in_title,https://tiki.vn/tai-chinh-quoc-te-p197857892.html?spid=197857893,48000,0.0,0,15,kinh tế quốc tế; chính sách tài khóa; tài chính; thanh toán quốc tế,,,,,2.7726
Tài chính,tai chinh,Tài chính quốc tế,tai chinh quoc te,2,tiki_book,402682,Tài Chính Quốc Tế,89.39,high,exact_course_in_title; partial_course_tokens_in_secondary_text; exact_major_in_title,https://tiki.vn/sach-tai-chinh-quoc-te-p402682.html?spid=89424656,98000,0.0,0,4,kinh tế quốc tế; chính sách tài khóa; tài chính; sách tài chính; thanh toán quốc tế,,,,,1.6094
Tài chính,tai chinh,Tài chính quốc tế,tai chinh quoc te,3,tiki_book,278711641,Tài Chính Cá Nhân Căn Bản - Personal Finance 101,29.01,low,partial_course_tokens_in_title; partial_course_tokens_in_secondary_text; exact_major_in_title,https://tiki.vn/sach-tai-chinh-ca-nhan-can-ban-personal-finance-101-p278711641.html?spid=278711642,143000,4.5,2,116,finance; corporate finance; tài chính cá nhân; personal finance,,,,,10.9101
Tài chính,tai chinh,Tài chính quốc tế,tai chinh quoc te,1,ueh_repository,UEH/62432,Chuyển đổi báo cáo tài chính từ chuẩn mực kế toán Việt Nam sang chuẩn mực báo cáo tài chính quốc tế - Nghiên cứu tại Công ty Cổ phần Khu công Nnghiệp Nam Tân Uyên,80.45,high,exact_course_in_title; partial_course_tokens_in_secondary_text; exact_major_in_title,https://digital.lib.ueh.edu.vn/handle/UEH/62432,,,,,,2021,MASTER'S THESES,0,Đoàn Thị Kim Thảo,
Tài chính,tai chinh,Tài chính quốc tế,tai chinh quoc te,2,ueh_repository,UEH/62489,Ngân hàng 4.0: phối hợp ngân hàng – Fintech trong điều kiện ổn định tài chính quốc gia,42.46,medium,partial_course_tokens_in_title; partial_course_tokens_in_secondary_text; exact_major_in_title,https://digital.lib.ueh.edu.vn/handle/UEH/62489,,,,,,2021,Book Series,0,Hoàng Hải Yến; Nguyễn Thị Hồng Nhung; Nguyễn Thị Thùy Dương; Vũ Bích Ngọc; Trần Hoàng Trúc Linh,
Tài chính,tai chinh,Tài chính quốc tế,tai chinh quoc te,3,ueh_repository,UEH/61094,"Cơ chế thử nghiệm có kiểm soát đối với hoạt động công nghệ trong lĩnh vực tài chính – ngân hàng, kinh nghiệm quốc tế và một số kiến nghị cho Việt Nam",30.83,medium,partial_course_tokens_in_title; partial_course_tokens_in_secondary_text; exact_major_in_title,https://digital.lib.ueh.edu.vn/handle/UEH/61094,,,,,,2020,MASTER'S THESES,0,Bùi Duy Hưng,
Tài chính,tai chinh,Định giá doanh nghiệp,dinh gia doanh nghiep,1,tiki_book,274411010,Ứng Dụng Phân Tích Báo Cáo Tài Chính Và Định Giá Doanh Nghiệp Trong Thực Tiễn,100.0,high,exact_course_in_title; exact_major_in_title,https://tiki.vn/sach-ung-dung-phan-tich-bao-cao-tai-chinh-va-dinh-gia-doanh-nghiep-trong-thuc-tien-p274411010.html?spid=274411011,145500,4.5,16,324,phân tích tài chính; báo cáo tài chính,,,,,14.5336
Tài chính,tai chinh,Định giá doanh nghiệp,dinh gia doanh nghiep,2,tiki_book,277413581,Định Giá Doanh Nghiệp Và Tài Sản - Ứng Dụng Trong Đầu Tư Tài Chính,100.0,high,exact_course_in_title; exact_course_in_secondary_text; exact_major_in_title,https://tiki.vn/dinh-gia-doanh-nghiep-va-tai-san-ung-dung-trong-dau-tu-tai-chinh-p277413581.html?spid=277413582,346500,4.0,5,77,tài chính doanh nghiệp; định giá doanh nghiệp,,,,,11.0443
Tài chính,tai chinh,Định giá doanh nghiệp,dinh gia doanh nghiep,3,tiki_book,274471130,ỨNG DỤNG PHÂN TÍCH BÁO CÁO TÀI CHÍNH VÀ ĐỊNH GIÁ DOANH NGHIỆP TRONG THỰC TIỄN - Lý Lâm Duy - Thái Hà - Nhà xuất bản Lao Động.,100.0,high,exact_course_in_title; exact_major_in_title,https://tiki.vn/ung-dung-phan-tich-bao-cao-tai-chinh-va-dinh-gia-doanh-nghiep-trong-thuc-tien-ly-lam-duy-thai-ha-nha-xuat-ban-lao-dong-p274471130.html?spid=274471131,170000,5.0,1,8,phân tích tài chính,,,,,8.2369
Tài chính,tai chinh,Định giá doanh nghiệp,dinh gia doanh nghiep,1,ueh_repository,UEH/62670,Phân tích triển vọng và định giá doanh nghiệp tại tập đoàn Vingroup,100.0,high,exact_course_in_title; exact_course_in_secondary_text,https://digital.lib.ueh.edu.vn/handle/UEH/62670,,,,,,2021,MASTER'S THESES,0,Nguyễn Cao Thắng,
Tài chính,tai chinh,Định giá doanh nghiệp,dinh gia doanh nghiep,2,ueh_repository,UEH/61284,Định giá đầu tư trong bối cảnh nền kinh tế chịu ảnh hưởng của dịch Covid-19 - Thực nghiệm tại Tổng Công ty Hàng không Việt Nam,44.03,medium,partial_course_tokens_in_title; exact_course_in_secondary_text,https://digital.lib.ueh.edu.vn/handle/UEH/61284,,,,,,2020,MASTER'S THESES,0,Nguyễn Thị Thùy Dung,
Tài chính,tai chinh,Định giá doanh nghiệp,dinh gia doanh nghiep,3,ueh_repository,UEH/62871,Định giá công ty cổ phần Quốc Tế gốm sứ Việt,43.88,medium,partial_course_tokens_in_title; exact_course_in_secondary_text,https://digital.lib.ueh.edu.vn/handle/UEH/62871,,,,,,2021,MASTER'S THESES,0,Nguyễn Thị Hòa,
Đầu tư tài chính,dau tu tai chinh,Phân tích kỹ thuật,phan tich ky thuat,1,tiki_book,77339644,Phân tích kỹ thuật trong thị trường tài chính,100.0,high,exact_course_in_title; exact_course_in_secondary_text,https://tiki.vn/phan-tich-ky-thuat-trong-thi-truong-tai-chinh-p77339644.html?spid=84882958,248100,4.8,97,464,nghiên cứu thị trường; phân tích tài chính; phân tích kỹ thuật; phân tích cơ bản,,,,,17.8195
Đầu tư tài chính,dau tu tai chinh,Phân tích kỹ thuật,phan tich ky thuat,2,tiki_book,187622420,The Art and Science of Technical Analysis – Phân tích kỹ thuật: Sự kết hợp giữa KHOA HỌC và NGHỆ THUẬT trong đầu tư chứng khoán - Happy Live,100.0,high,exact_course_in_title; exact_course_in_secondary_text,https://tiki.vn/the-art-and-science-of-technical-analysis-phan-tich-ky-thuat-su-ket-hop-giua-khoa-hoc-va-nghe-thuat-trong-dau-tu-chung-khoan-p187622420.html?spid=187622422,569000,4.8,70,479,financial analysis; phân tích kỹ thuật; technical analysis; fundamental analysis; data analysis,,,,,17.3678
Đầu tư tài chính,dau tu tai chinh,Phân tích kỹ thuật,phan tich ky thuat,3,tiki_book,13107878,Bộ sách Phân tích kỹ thuật thực chiến đánh bại thị trường,100.0,high,exact_course_in_title; exact_course_in_secondary_text,https://tiki.vn/bo-sach-phan-tich-ky-thuat-thuc-chien-danh-bai-thi-truong-p13107878.html?spid=13107879,1499000,4.8,62,482,nghiên cứu thị trường; phân tích kỹ thuật,,,,,17.1947
Đầu tư tài chính,dau tu tai chinh,Phân tích kỹ thuật,phan tich ky thuat,1,ueh_repository,UEH/63165,Phân tích hành vi khách hàng trong lĩnh vực bán lẻ với mô hình RFM tiếp cận bằng kỹ thuật học máy không giám sát,34.37,medium,partial_course_tokens_in_title; partial_course_tokens_in_secondary_text,https://digital.lib.ueh.edu.vn/handle/UEH/63165,,,,,,2022,MASTER'S THESES,0,Phan Châu Minh Trường,
Đầu tư tài chính,dau tu tai chinh,Phân tích kỹ thuật,phan tich ky thuat,2,ueh_repository,UEH/61694,Giải pháp cải thiện môi trường làm việc tại Công ty Cổ phần Đầu tư Xây dựng kỹ thuật Đông Dương (Indochina) đến năm 2025,31.76,medium,partial_course_tokens_in_title; partial_course_tokens_in_secondary_text,https://digital.lib.ueh.edu.vn/handle/UEH/61694,,,,,,2021,MASTER'S THESES,0,Võ Thị Hồng Trang,
Đầu tư tài chính,dau tu tai chinh,Phân tích kỹ thuật,phan tich ky thuat,3,ueh_repository,UEH/63614,"Tác động của đổi mới, sự hối tiếc và văn hóa đến ý định thanh toán bằng các thiết bị kỹ thuật số của khách hàng tại Tp. Hồ Chí Minh",28.25,medium,partial_course_tokens_in_title; partial_course_tokens_in_secondary_text,https://digital.lib.ueh.edu.vn/handle/UEH/63614,,,,,,2021,MASTER'S THESES,0,Phạm Nguyễn Ngọc Nam,
Đầu tư tài chính,dau tu tai chinh,Phân tích đầu tư chứng khoán,phan tich dau tu chung khoan,1,tiki_book,279336919,- Kỹ Thuật Phân Tích Đầu Tư Chứng Khoán (Tái Bản 2026),90.7,high,exact_course_in_title; strong_course_tokens_in_secondary_text,https://tiki.vn/sach-ky-thuat-phan-tich-dau-tu-chung-khoan-tai-ban-2026-p279336919.html?spid=279336920,208000,0.0,0,,chứng khoán; đầu tư chứng khoán; phân tích kỹ thuật,,,,,0.0
Đầu tư tài chính,dau tu tai chinh,Phân tích đầu tư chứng khoán,phan tich dau tu chung khoan,2,tiki_book,201679854,Kỹ Thuật Phân Tích Đầu Tư Chứng Khoán,90.57,high,exact_course_in_title; strong_course_tokens_in_secondary_text,https://tiki.vn/sach-ky-thuat-phan-tich-dau-tu-chung-khoan-p201679854.html?spid=201679856,136325,4.7,23,311,chứng khoán; đầu tư chứng khoán; phân tích kỹ thuật,,,,,15.2101
Đầu tư tài chính,dau tu tai chinh,Phân tích đầu tư chứng khoán,phan tich dau tu chung khoan,3,tiki_book,201383130,Kỹ Thuật Phân Tích Đầu Tư Chứng Khoán,90.57,high,exact_course_in_title; strong_course_tokens_in_secondary_text,https://tiki.vn/ky-thuat-phan-tich-dau-tu-chung-khoan-p201383130.html?spid=201383131,164250,5.0,7,57,chứng khoán; đầu tư chứng khoán; phân tích kỹ thuật; phân tích cơ bản,,,,,12.1796
Đầu tư tài chính,dau tu tai chinh,Phân tích đầu tư chứng khoán,phan tich dau tu chung khoan,1,ueh_repository,UEH/62544,Ảnh hưởng của các yếu tố tài chính hành vi suy nghiệm đến hiệu suất đầu tư của nhà đầu tư cá nhân trên thị trường chứng khoán Việt Nam,17.02,low,partial_course_tokens_in_title; partial_course_tokens_in_secondary_text,https://digital.lib.ueh.edu.vn/handle/UEH/62544,,,,,,2021,MASTER'S THESES,0,Hoàng Văn Thương,
Đầu tư tài chính,dau tu tai chinh,Phân tích đầu tư chứng khoán,phan tich dau tu chung khoan,2,ueh_repository,UEH/62646,Các nhân tố ảnh hưởng đến tính minh bạch của thông tin trên báo cáo tài chính của các công ty niêm yết có vốn đầu tư nước ngoài trên Sàn Giao dịch Chứng khoán TP. HCM,17.02,low,partial_course_tokens_in_title; partial_course_tokens_in_secondary_text,https://digital.lib.ueh.edu.vn/handle/UEH/62646,,,,,,2021,MASTER'S THESES,0,Đoàn Thị Hà,
Đầu tư tài chính,dau tu tai chinh,Phân tích đầu tư chứng khoán,phan tich dau tu chung khoan,3,ueh_repository,UEH/63924,Nghiên cứu về cảm tính nhà đầu tư trên thị trường chứng khoán Việt Nam,16.77,low,partial_course_tokens_in_title; partial_course_tokens_in_secondary_text,https://digital.lib.ueh.edu.vn/handle/UEH/63924,,,,,,2022,DISSERTATIONS,0,Đoàn Thị Cẩm Vân,
Đầu tư tài chính,dau tu tai chinh,Quản lý danh mục đầu tư,quan ly danh muc dau tu,1,tiki_book,276290847,Đầu Tư Vào Vàng - Khoản Đầu Tư Tuyệt Đối An Toàn Thiết Yếu Cho Mọi Danh Mục Đầu Tư (Tái Bản 2024),35.66,medium,partial_course_tokens_in_title; partial_course_tokens_in_secondary_text,https://tiki.vn/dau-tu-vao-vang-khoan-dau-tu-tuyet-doi-an-toan-thiet-yeu-cho-moi-danh-muc-dau-tu-tai-ban-2024-p276290847.html?spid=276427763,127000,0.0,0,5,đầu tư,,,,,1.7918
Đầu tư tài chính,dau tu tai chinh,Quản lý danh mục đầu tư,quan ly danh muc dau tu,2,tiki_book,278038695,Combo Đầu Tư Vào Vàng - Khoản Đầu Tư Tuyệt Đối An toàn Thiết Yếu Cho Mọi Danh Mục Đầu Tư + Đồng Tiền Lên Ngôi - Lịch Sử Tài Chính Thế Giới,35.38,medium,partial_course_tokens_in_title; partial_course_tokens_in_secondary_text,https://tiki.vn/combo-dau-tu-vao-vang-khoan-dau-tu-tuyet-doi-an-toan-thiet-yeu-cho-moi-danh-muc-dau-tu-dong-tien-len-ngoi-lich-su-tai-chinh-the-gioi-p278038695.html?spid=278038698,334000,0.0,0,,đầu tư,,,,,0.0
Đầu tư tài chính,dau tu tai chinh,Quản lý danh mục đầu tư,quan ly danh muc dau tu,3,tiki_book,278038703,Combo Đầu Tư Vào Vàng - Khoản Đầu Tư Tuyệt Đối An toàn Thiết Yếu Cho Mọi Danh Mục Đầu Tư + Đồng Tiền Lên Ngôi - Lịch Sử Tài Chính Thế Giới,35.38,medium,partial_course_tokens_in_title; partial_course_tokens_in_secondary_text,https://tiki.vn/combo-dau-tu-vao-vang-khoan-dau-tu-tuyet-doi-an-toan-thiet-yeu-cho-moi-danh-muc-dau-tu-dong-tien-len-ngoi-lich-su-tai-chinh-the-gioi-p278038703.html?spid=278050497,334000,0.0,0,,đầu tư,,,,,0.0
Đầu tư tài chính,dau tu tai chinh,Quản lý danh mục đầu tư,quan ly danh muc dau tu,1,ueh_repository,UEH/61422,Quản trị rủi ro danh mục tín dụng tại Ngân hàng thương mại cổ phần Đầu tư và phát Triển Việt Nam – Chi nhánh Bến Tre,17.43,low,partial_course_tokens_in_title; partial_course_tokens_in_secondary_text,https://digital.lib.ueh.edu.vn/handle/UEH/61422,,,,,,2020,MASTER'S THESES,0,Võ Thanh Tâm,
Đầu tư tài chính,dau tu tai chinh,Quản lý danh mục đầu tư,quan ly danh muc dau tu,2,ueh_repository,UEH/62960,Nâng cao quản trị rủi ro các dự án đầu tư tại Ban quản lý dự án hạ tầng II – Tổng công ty Hạ tầng mạng (VNPT NET),15.55,low,partial_course_tokens_in_title; partial_course_tokens_in_secondary_text,https://digital.lib.ueh.edu.vn/handle/UEH/62960,,,,,,2021,MASTER'S THESES,0,Trần Minh Hậu,
Đầu tư tài chính,dau tu tai chinh,Quản lý danh mục đầu tư,quan ly danh muc dau tu,3,ueh_repository,UEH/63680,Quản lý vốn ngân sách nhà nước đối với dự án đầu tư xây dựng các tuyến đường sắt đô thị tại Thành phố Hồ Chí Minh,15.5,low,partial_course_tokens_in_title; partial_course_tokens_in_secondary_text,https://digital.lib.ueh.edu.vn/handle/UEH/63680,,,,,,2022,MASTER'S THESES,0,Bùi Bá Thịnh,
Đầu tư tài chính,dau tu tai chinh,Thị trường tài chính,thi truong tai chinh,1,tiki_book,531592,Thị Trường Tài Chính,90.95,high,exact_course_in_title; strong_course_tokens_in_secondary_text,https://tiki.vn/sach-thi-truong-tai-chinh-p531592.html?spid=89424628,56000,4.6,8,71,chính sách tài khóa; nghiên cứu thị trường; sách tài chính; phân tích tài chính,,,,,12.1725
Đầu tư tài chính,dau tu tai chinh,Thị trường tài chính,thi truong tai chinh,2,tiki_book,77339644,Phân tích kỹ thuật trong thị trường tài chính,83.78,high,exact_course_in_title; partial_course_tokens_in_secondary_text,https://tiki.vn/phan-tich-ky-thuat-trong-thi-truong-tai-chinh-p77339644.html?spid=84882958,248100,4.8,97,464,nghiên cứu thị trường; phân tích tài chính; phân tích kỹ thuật; phân tích cơ bản,,,,,17.8195
Đầu tư tài chính,dau tu tai chinh,Thị trường tài chính,thi truong tai chinh,3,tiki_book,206474611,Người Giải Mã Thị Trường Tài Chính,80.11,high,exact_course_in_title; partial_course_tokens_in_secondary_text,https://tiki.vn/nguoi-giai-ma-thi-truong-tai-chinh-p206474611.html?spid=206474612,206100,4.7,3,83,nghiên cứu thị trường,,,,,11.2103
Đầu tư tài chính,dau tu tai chinh,Thị trường tài chính,thi truong tai chinh,1,ueh_repository,UEH/62540,Ứng dụng công nghệ trí tuệ nhân tạo trong dịch vụ tài chính tại thị trường tài chính Việt Nam,70.95,high,exact_course_in_title; partial_course_tokens_in_secondary_text,https://digital.lib.ueh.edu.vn/handle/UEH/62540,,,,,,2021,Book Series,0,TS. Ngô Minh Vũ; TS. Nguyễn Hữu Huân,
Đầu tư tài chính,dau tu tai chinh,Thị trường tài chính,thi truong tai chinh,2,ueh_repository,UEH/63433,Ảnh hưởng của chiêm tinh học đến hành vi đầu tư của nhà đầu tư trên thị trường chứng khoán Việt Nam,30.12,medium,partial_course_tokens_in_title; exact_course_in_secondary_text,https://digital.lib.ueh.edu.vn/handle/UEH/63433,,,,,,2021,MASTER'S THESES,0,Hồ Thị Quỳnh Như,
Đầu tư tài chính,dau tu tai chinh,Thị trường tài chính,thi truong tai chinh,3,ueh_repository,UEH/62564,Tác động của cấu trúc vốn và hiệu quả tài chính đến tỷ suất sinh lời cổ phiếu của các công ty trên HOSE,27.92,medium,partial_course_tokens_in_title; exact_course_in_secondary_text,https://digital.lib.ueh.edu.vn/handle/UEH/62564,,,,,,2021,MASTER'S THESES,0,Lê Thị Thu Ngân,
Đầu tư tài chính,dau tu tai chinh,Tài chính hành vi,tai chinh hanh vi,1,tiki_book,279292266,"Hướng Dẫn Chế Độ Kế Toán Hành Chính, Sự Nghiệp Và Lập Báo Cáo Tài Chính Hợp Nhất Của Đơn Vị Kế Toán Cấp Trên (V2683T)",21.51,low,partial_course_tokens_in_title; partial_course_tokens_in_secondary_text,https://tiki.vn/sach-huong-dan-che-do-ke-toan-hanh-chinh-su-nghiep-va-lap-bao-cao-tai-chinh-hop-nhat-cua-don-vi-ke-toan-cap-tren-v2683t-p279292266.html?spid=279292267,315000,0.0,0,,sách kế toán; kế toán tài chính; kiểm toán báo cáo tài chính,,,,,0.0
Đầu tư tài chính,dau tu tai chinh,Tài chính hành vi,tai chinh hanh vi,2,tiki_book,279202007,"Hướng Dẫn Chế Độ Kế Toán Hành Chính, Sự Nghiệp Và Lập Báo Cáo Tài Chính Hợp Nhất Của Đơn Vị Kế Toán Cấp Trên",21.51,low,partial_course_tokens_in_title; partial_course_tokens_in_secondary_text,https://tiki.vn/huong-dan-che-do-ke-toan-hanh-chinh-su-nghiep-va-lap-bao-cao-tai-chinh-hop-nhat-cua-don-vi-ke-toan-cap-tren-p279202007.html?spid=279202008,325000,0.0,0,,kế toán tài chính; kiểm toán báo cáo tài chính,,,,,0.0
Đầu tư tài chính,dau tu tai chinh,Tài chính hành vi,tai chinh hanh vi,3,tiki_book,279344616,"- Hướng Dẫn Chế Độ Kế Toán Hành Chính, Sự Nghiệp Và Lập Báo Cáo Tài Chính Hợp Nhất Của Đơn Vị Kế Toán Cấp Trên",21.51,low,partial_course_tokens_in_title; partial_course_tokens_in_secondary_text,https://tiki.vn/sach-huong-dan-che-do-ke-toan-hanh-chinh-su-nghiep-va-lap-bao-cao-tai-chinh-hop-nhat-cua-don-vi-ke-toan-cap-tren-p279344616.html?spid=279344617,425000,0.0,0,,kiểm toán báo cáo tài chính,,,,,0.0
Đầu tư tài chính,dau tu tai chinh,Tài chính hành vi,tai chinh hanh vi,1,ueh_repository,UEH/62544,Ảnh hưởng của các yếu tố tài chính hành vi suy nghiệm đến hiệu suất đầu tư của nhà đầu tư cá nhân trên thị trường chứng khoán Việt Nam,82.06,high,exact_course_in_title; exact_course_in_secondary_text,https://digital.lib.ueh.edu.vn/handle/UEH/62544,,,,,,2021,MASTER'S THESES,0,Hoàng Văn Thương,
Đầu tư tài chính,dau tu tai chinh,Tài chính hành vi,tai chinh hanh vi,2,ueh_repository,UEH/63604,Nghiên cứu ảnh hưởng của hành vi công dân trong tổ chức (OCB) đến việc thực hiện của công chức tại Sở Tài chính Thành phố Hồ Chí Minh,25.98,medium,partial_course_tokens_in_title; partial_course_tokens_in_secondary_text,https://digital.lib.ueh.edu.vn/handle/UEH/63604,,,,,,2021,MASTER'S THESES,0,Đỗ Trọng Luân,
Đầu tư tài chính,dau tu tai chinh,Tài chính hành vi,tai chinh hanh vi,3,ueh_repository,UEH/62572,Tác động của tình trạng khó khăn về tài chính đến hành vi quản trị lợi nhuận tại các công ty niêm yết trên thị trường chứng khoán Việt Nam,23.22,low,partial_course_tokens_in_title; partial_course_tokens_in_secondary_text,https://digital.lib.ueh.edu.vn/handle/UEH/62572,,,,,,2021,MASTER'S THESES,0,Chu Thị Thanh Tâm,
Đầu tư tài chính,dau tu tai chinh,Định giá tài sản tài chính,dinh gia tai san tai chinh,1,tiki_book,277413581,Định Giá Doanh Nghiệp Và Tài Sản - Ứng Dụng Trong Đầu Tư Tài Chính,33.68,medium,partial_course_tokens_in_title; partial_course_tokens_in_secondary_text; exact_major_in_title,https://tiki.vn/dinh-gia-doanh-nghiep-va-tai-san-ung-dung-trong-dau-tu-tai-chinh-p277413581.html?spid=277413582,346500,4.0,5,77,tài chính doanh nghiệp; định giá doanh nghiệp,,,,,11.0443
Đầu tư tài chính,dau tu tai chinh,Định giá tài sản tài chính,dinh gia tai san tai chinh,2,tiki_book,277613363,- Định Giá Doanh Nghiệp Và Tài Sản - Ứng Dụng Trong Đầu Tư Tài Chính,33.68,medium,partial_course_tokens_in_title; partial_course_tokens_in_secondary_text; exact_major_in_title,https://tiki.vn/sach-dinh-gia-doanh-nghiep-va-tai-san-ung-dung-trong-dau-tu-tai-chinh-p277613363.html?spid=277613364,495000,0.0,0,3,tài chính doanh nghiệp; định giá doanh nghiệp,,,,,1.3863
Đầu tư tài chính,dau tu tai chinh,Định giá tài sản tài chính,dinh gia tai san tai chinh,3,tiki_book,279336117,- Định Giá Doanh Nghiệp Và Tài Sản - Valuation - Ứng Dụng Trong Đầu Tư Tài Chính,31.51,medium,partial_course_tokens_in_title; partial_course_tokens_in_secondary_text; exact_major_in_title,https://tiki.vn/sach-dinh-gia-doanh-nghiep-va-tai-san-valuation-ung-dung-trong-dau-tu-tai-chinh-p279336117.html?spid=279336118,371200,0.0,0,,định giá doanh nghiệp; valuation,,,,,0.0
Đầu tư tài chính,dau tu tai chinh,Định giá tài sản tài chính,dinh gia tai san tai chinh,1,ueh_repository,UEH/61081,Đáp ứng kỳ vọng của nhà đầu tư thông qua hoạt động thuê tài sản tại Công ty Cổ phần Đầu tư Xây dựng Nam Nguyên,21.25,low,partial_course_tokens_in_title; partial_course_tokens_in_secondary_text,https://digital.lib.ueh.edu.vn/handle/UEH/61081,,,,,,2020,MASTER'S THESES,0,Nguyễn Hữu Nhân,
Đầu tư tài chính,dau tu tai chinh,Định giá tài sản tài chính,dinh gia tai san tai chinh,2,ueh_repository,UEH/63300,Pháp luật về kiểm soát tài sản nhà nước khi xác định giá trị doanh nghiệp cổ phần hoá từ thực tiễn Thành Phố Hồ Chí Minh,16.94,low,partial_course_tokens_in_title; partial_course_tokens_in_secondary_text,https://digital.lib.ueh.edu.vn/handle/UEH/63300,,,,,,2021,MASTER'S THESES,0,Nguyễn Thái Hòa,
Đầu tư tài chính,dau tu tai chinh,Định giá tài sản tài chính,dinh gia tai san tai chinh,3,ueh_repository,UEH/61399,Xây dựng và thực nghiệm mô hình phát hiện khả năng gian lận báo cáo tài chính cho nhóm công ty thuộc ngành công nghiệp tại sàn giao dịch chứng khoán Hose & HNX,14.04,low,partial_course_tokens_in_title; partial_course_tokens_in_secondary_text,https://digital.lib.ueh.edu.vn/handle/UEH/61399,,,,,,2020,MASTER'S THESES,0,Võ Đức Quý,
