student_token,student_hash,student_code_masked,student_name_initials,gender,major,major_norm,cohort,privacy_level,contains_raw_pii,contains_debug_masks,mapping_scope,token_version,privacy_transform_version
stu_887e9c399f3eeac2,05344f2de3707d884049b6469bbb68c0409351a47b9d42c3724280b95e02ab08,312310*****,V.B.H.,Nữ,Công nghệ thông tin,cong nghe thong tin,23,restricted,False,True,student_identity,token_v1,privacy_v1
stu_8002dc46fb90561e,4b2f5ebff676c5603f4ea3aaa669b9fa2d87e9333d54c5c3fcde569c03194c66,312510*****,T.Đ.B.,Nam,Công nghệ Tài chính,cong nghe tai chinh,25,restricted,False,True,student_identity,token_v1,privacy_v1
stu_fb18079137a4b08a,1c1f2af68dce1450e3a4f033d67be20609198ac5f055696c81b2085469cc9959,312310*****,Đ.G.A.,Nam,Bảo hiểm,bao hiem,23,restricted,False,True,student_identity,token_v1,privacy_v1
stu_3143d063bc0c83b3,80308515ebfe7eb06ade01222e2db497927fc4e6c7e04e6917c18a3e16b1d654,312310*****,V.Á.Y.,Nữ,Kỹ sư Robot và Trí tuệ nhân tạo,ky su robot va tri tue nhan tao,23,restricted,False,True,student_identity,token_v1,privacy_v1
stu_02de5376ad86d3da,32a09a230de6231562f40dfc085eb1fa620b581107b537b5903b22a159efd179,312310*****,N.T.N.,Nam,Kiểm toán,kiem toan,23,restricted,False,True,student_identity,token_v1,privacy_v1
stu_b2a4d5a2ad69f1ca,6cbf24af62d68513f32ec21c52100a59efe3f669d2d6b1fe66fc0bff99b69926,312310*****,L.Đ.D.,Nam,Đầu tư tài chính,dau tu tai chinh,23,restricted,False,True,student_identity,token_v1,privacy_v1
stu_aaa04038e1f8315f,f49b1dae48d9461052dd5eaca916489babc733577a12299a014aebc6e9e5d9b0,312410*****,T.Á.V.,Nữ,Kinh doanh thương mại,kinh doanh thuong mai,24,restricted,False,True,student_identity,token_v1,privacy_v1
stu_550759eeee5c02ba,19b3ce4e15fd822f4c01a30063126eff615790eb29c14facfe860416405b7240,312410*****,M.T.Y.,Nữ,Công nghệ thông tin,cong nghe thong tin,24,restricted,False,True,student_identity,token_v1,privacy_v1
stu_fcd725610c9b2a50,d77299ffe4a1b82bba7db818ec3bef50a982c78c7bba7e378735cbb658402687,312510*****,V.T.C.,Nam,Hệ thống thông tin quản lý,he thong thong tin quan ly,25,restricted,False,True,student_identity,token_v1,privacy_v1
stu_bdb9043227dffa11,a4c27893ca9bf9238cbdc3d105070779bbd6433fa4c70e730921de53c85121d1,312310*****,D.T.L.,Nữ,Kế toán doanh nghiệp,ke toan doanh nghiep,23,restricted,False,True,student_identity,token_v1,privacy_v1
stu_c747f8b792b3c0af,d15ab9b36b260a2d8110c41736d7bc762bc7cb8985959ee837d956556aff9e6d,312410*****,L.L.L.,Nữ,Kinh tế,kinh te,24,restricted,False,True,student_identity,token_v1,privacy_v1
stu_8fa20898ef36abaf,5a09e03382cf8cc935ae98b7a01385a6283f9bfa4e745ce672386017a6752a87,312510*****,D.Đ.N.,Nam,Toán tài chính,toan tai chinh,25,restricted,False,True,student_identity,token_v1,privacy_v1
stu_399000cc602cd2be,f71bec6d6dc61f7ff66ccfc07776d3ad4c4d9bdce42cb6bebaa908819daf2872,312310*****,T.B.C.,Nữ,Kỹ sư Robot và Trí tuệ nhân tạo,ky su robot va tri tue nhan tao,23,restricted,False,True,student_identity,token_v1,privacy_v1
stu_2fee7db7a4cd14f8,35531f95cb8551f106ad5cbb3434d3bb5846bcc1fa2fa6f5b07035b507db8793,312410*****,P.G.Q.,Nam,Kinh doanh quốc tế,kinh doanh quoc te,24,restricted,False,True,student_identity,token_v1,privacy_v1
stu_f75df1873ec97e1a,a17e0de7ae2a7ab81d24547eb81ead65aa1961c9aaeddba7869a78b281d57ac4,312510*****,D.N.N.,Nữ,Kế toán công,ke toan cong,25,restricted,False,True,student_identity,token_v1,privacy_v1
stu_0ee124865609bac3,7be3c4df8eba413a85223027c11726768e75f73eaec6a080bc1f03cd1c0cb2d4,312310*****,T.P.Y.,Nữ,Công nghệ và đổi mới sáng tạo,cong nghe va doi moi sang tao,23,restricted,False,True,student_identity,token_v1,privacy_v1
stu_4d327d1a18d72ad2,fd2d04ebf86ab3128c4bb02e3782df9fd0621e9526c85438fd4842c942211c20,312410*****,Đ.A.C.,Nam,Logistics và Quản lý chuỗi cung ứng,logistics va quan ly chuoi cung ung,24,restricted,False,True,student_identity,token_v1,privacy_v1
stu_d21801ce7cb245fb,ce4ca90da0debd7d66ce6efda37c977aba7f6183722abb626e00f294bb3e71e0,312310*****,N.G.C.,Nam,Công nghệ logistics tích hợp chứng chỉ FIATA,cong nghe logistics tich hop chung chi fiata,23,restricted,False,True,student_identity,token_v1,privacy_v1
stu_1544cc717c52abcd,132da081b6ea7b1c6f3b880dd89cd18830cbf34061746c702ddaf8b82e68c503,312410*****,Đ.K.V.,Nữ,Kinh tế đầu tư,kinh te dau tu,24,restricted,False,True,student_identity,token_v1,privacy_v1
stu_ae2aa6a0ca0eaff2,814acf355697e4d3da21747d5e2b382a345c024487fcf86c34f9e8c37a07919b,312510*****,L.T.Q.,Nam,An toàn thông tin,an toan thong tin,25,restricted,False,True,student_identity,token_v1,privacy_v1
stu_40e56c6bfa80ce91,48f95814b0369dbeb230c678dd8d7a8647ebcda6a2792fbdd2c197c5e2363b25,312410*****,D.V.N.,Nam,Công nghệ thông tin,cong nghe thong tin,24,restricted,False,True,student_identity,token_v1,privacy_v1
stu_d5ba479c05a98973,b64b84ccbe54eb50f8fa01d4e1c0709735067891f9a9d5a2e06322b825fba830,312310*****,Đ.H.T.,Nam,Tài chính,tai chinh,23,restricted,False,True,student_identity,token_v1,privacy_v1
stu_abdbc3f355f511db,819633673ae9450a25c015d7025b0c607d00242710e93da45d3320fbd2cd4102,312310*****,L.H.A.,Nam,Hệ thống thông tin quản lý,he thong thong tin quan ly,23,restricted,False,True,student_identity,token_v1,privacy_v1
stu_14a2214b5f29e2cb,bd40cc123cc6ee51283b112574b0f86d56c6401d3aafc8b7ee4b373c51a71656,312410*****,Đ.T.M.,Nam,Kinh doanh quốc tế,kinh doanh quoc te,24,restricted,False,True,student_identity,token_v1,privacy_v1
stu_c0fc956c756ffa5a,c7be0379a8a782fde326d022d15da36578f39458e7a9e8e413374dece2d1b9a4,312310*****,L.A.C.,Nam,Công nghệ logistics tích hợp chứng chỉ FIATA,cong nghe logistics tich hop chung chi fiata,23,restricted,False,True,student_identity,token_v1,privacy_v1
stu_0d9b771e82d698b9,53833d267ece3eee7ab149cdb99e317d1fc027a1f9bf7ec4aa786f7ba5995e60,312310*****,L.N.N.,Nữ,Toán tài chính,toan tai chinh,23,restricted,False,True,student_identity,token_v1,privacy_v1
stu_3a0a2a342c042246,36f1a9a0b8957e8e3167f36af83877e92ad43a29da6ac18d5d72165f52477b3a,312510*****,L.Q.P.,Nam,Thị trường chứng khoán,thi truong chung khoan,25,restricted,False,True,student_identity,token_v1,privacy_v1
stu_89ddf60bec0a5c4c,955071997fdd70ce0532a9e2611ee2e8900d068182d0aa68c65eb975760ffac2,312510*****,D.H.T.,Nữ,Logistics và Quản lý chuỗi cung ứng,logistics va quan ly chuoi cung ung,25,restricted,False,True,student_identity,token_v1,privacy_v1
stu_67629aaf94f94480,65812d68bb498039b1f94895792868be675c9510b63a16c7ca17e1820b9f99ea,312310*****,B.V.N.,Nam,Công nghệ thông tin,cong nghe thong tin,23,restricted,False,True,student_identity,token_v1,privacy_v1
stu_0f87b5a46095ca9f,6ba84be91e949b19fc44b6de913c067dec4aec39f61d39bda5bcd611c90378ae,312310*****,N.H.B.,Nam,Kỹ sư Robot và Trí tuệ nhân tạo,ky su robot va tri tue nhan tao,23,restricted,False,True,student_identity,token_v1,privacy_v1
stu_41d42081a789c438,84f60032636ff291047ddeee5f37bfb90afd33bf2de5358e1e943b187538b0b4,312310*****,L.H.M.,Nữ,Kế toán doanh nghiệp,ke toan doanh nghiep,23,restricted,False,True,student_identity,token_v1,privacy_v1
stu_48a6cab7b08790cf,d47143c963bb201364ac46cade32b80e19e927c9af340e1bee31f851ac64246c,312510*****,L.M.N.,Nam,Kiểm toán,kiem toan,25,restricted,False,True,student_identity,token_v1,privacy_v1
stu_c462dea10b96752a,8dda13e9b1c805b3a8db95704bef79fc726f73cb1cb3f24c6042d06e1d708e8c,312310*****,P.T.H.,Nữ,Quản trị kinh doanh,quan tri kinh doanh,23,restricted,False,True,student_identity,token_v1,privacy_v1
stu_fc15cd156440be1d,8d1dd7f047c74f3bcf18619c446ea5f71dc373353f70418394f19d846bc84610,312410*****,D.T.H.,Nữ,Marketing,marketing,24,restricted,False,True,student_identity,token_v1,privacy_v1
stu_eb65a7f6dd885ba7,39e7addc89a04dadabfcc2636707e329706fddf70777b7a79f44f8c221a49ad0,312410*****,P.B.L.,Nữ,Công nghệ logistics tích hợp chứng chỉ FIATA,cong nghe logistics tich hop chung chi fiata,24,restricted,False,True,student_identity,token_v1,privacy_v1
stu_70af06fe596d9956,f0b4726731ca9b91ce6861ab4531132d8ffd1714b1d501f5d2b96577cf66b1d7,312510*****,N.M.N.,Nam,Hệ thống thông tin quản lý,he thong thong tin quan ly,25,restricted,False,True,student_identity,token_v1,privacy_v1
stu_68b38709381cba76,35e6ff60b23a6e1d4a4d272b93eb21172e662a9804db0de948cebbe30065a204,312310*****,L.T.C.,Nữ,Quản lý công,quan ly cong,23,restricted,False,True,student_identity,token_v1,privacy_v1
stu_73b521b41050c893,80f6cc13d652c8d1dd9e8c4032104b48ba6b682254f0d96ace0ec149cc4ae081,312310*****,H.Đ.Đ.,Nam,Toán tài chính,toan tai chinh,23,restricted,False,True,student_identity,token_v1,privacy_v1
stu_d644bb6c0ddc2c5a,1406e22e475bc36dcd4e0f6936beb4f1e6c3a0634889d37dc3af38a8d7ea6720,312310*****,H.Đ.A.,Nam,Quản trị kinh doanh,quan tri kinh doanh,23,restricted,False,True,student_identity,token_v1,privacy_v1
stu_71ec0237158d65ef,87423003e46461e0284dd2ca4977dab17c033e173a4283e1a489c1c6587b81c9,312410*****,N.H.T.,Nữ,Kinh tế đầu tư,kinh te dau tu,24,restricted,False,True,student_identity,token_v1,privacy_v1
stu_a7fd41c423c6593e,9a900a31c38103918bab2c8da4db49513f41a279027b56639bff84131a111bd8,312310*****,T.G.K.,Nam,Đầu tư tài chính,dau tu tai chinh,23,restricted,False,True,student_identity,token_v1,privacy_v1
stu_c73dbbfa154440cc,c272d5e917c0bfebdc45f3864e57218e8ee80c714abbe82aa2fc8f6b1955d2de,312510*****,T.G.Đ.,Nam,Công nghệ logistics tích hợp chứng chỉ FIATA,cong nghe logistics tich hop chung chi fiata,25,restricted,False,True,student_identity,token_v1,privacy_v1
stu_47ad33a13976e96f,2f9ca77013458039c69aa8be15d29762cd76674611211e7e2f043634b5ba714b,312510*****,Đ.H.K.,Nam,Tài chính,tai chinh,25,restricted,False,True,student_identity,token_v1,privacy_v1
stu_7955531364faf834,9768850661655ce52aa7fa3bbb1a674864fd46d5bd98c36a8a09243100485649,312510*****,H.H.N.,Nam,Công nghệ Marketing,cong nghe marketing,25,restricted,False,True,student_identity,token_v1,privacy_v1
stu_da3d330c4b2179b3,467b20840c70173dd06a11524a5943af5e15c1d752c25c2ab4682e4304d0adbe,312510*****,M.H.T.,Nam,Khoa học dữ liệu,khoa hoc du lieu,25,restricted,False,True,student_identity,token_v1,privacy_v1
stu_f624443562757701,85a0372a08198adc6a73a0059a1e7c6e8d90116c5386bac0b283e3082cb34a9d,312410*****,B.Q.N.,Nam,Thị trường chứng khoán,thi truong chung khoan,24,restricted,False,True,student_identity,token_v1,privacy_v1
stu_dca5f52571f57745,4e51573515c53bfcd97a2f5cc323775d941c45f0828430f512b9b7846a419a42,312310*****,D.T.D.,Nữ,Logistics và Quản lý chuỗi cung ứng,logistics va quan ly chuoi cung ung,23,restricted,False,True,student_identity,token_v1,privacy_v1
stu_b57aeaa978c6f849,5a112153058863d4a2fa74b575381bc641dcceb528f0af4e5a85514eab8dd9a5,312410*****,L.H.L.,Nam,An toàn thông tin,an toan thong tin,24,restricted,False,True,student_identity,token_v1,privacy_v1
stu_c0f66cfd0c7df69a,57f5f45e978c2cf1065f1f4715d1f90943128e32ee7fb93a813fb005eaa63f77,312410*****,L.B.Q.,Nữ,Tài chính,tai chinh,24,restricted,False,True,student_identity,token_v1,privacy_v1
stu_6de98d9bcddd06dd,c5de05a89616d1eff9ecc2d458ada32ba76a312a2073de8ccf991c6922ddad99,312310*****,M.H.A.,Nữ,Kiến trúc và thiết kế đô thị thông minh,kien truc va thiet ke do thi thong minh,23,restricted,False,True,student_identity,token_v1,privacy_v1
stu_a6eeaa75e01af5fe,e89bd62a70b0cc814f3429ef9e964f24f2545f666d61eb0df2f3aa1ca7b5a0a5,312410*****,H.T.D.,Nam,Kỹ sư Robot và Trí tuệ nhân tạo,ky su robot va tri tue nhan tao,24,restricted,False,True,student_identity,token_v1,privacy_v1
stu_fadb504f23c5008a,9c6c1295672013681693a470ccac33c68bdad1468375e66ccc4cf0e9c70ce9d4,312510*****,V.T.T.,Nam,Công nghệ Tài chính,cong nghe tai chinh,25,restricted,False,True,student_identity,token_v1,privacy_v1
stu_93cbda17b248ec9f,741a2e1c64dbb2a5bf02c6f14254d4a8bbfa89edefe35c43267b67d6775293a3,312510*****,V.H.Đ.,Nam,Kế toán công,ke toan cong,25,restricted,False,True,student_identity,token_v1,privacy_v1
stu_87b56f0ed100fd98,0d5b9ac1244274f852759b525c7085745796251305da44bd522d2d7cb8875d9b,312310*****,V.T.A.,Nữ,Khoa học máy tính,khoa hoc may tinh,23,restricted,False,True,student_identity,token_v1,privacy_v1
stu_4cceb31835dd2db1,37481d53afede03e8143fb7569c536d4db8289f7bd4a4d2ca026da270b5bd31c,312310*****,H.Á.V.,Nữ,Kinh doanh số,kinh doanh so,23,restricted,False,True,student_identity,token_v1,privacy_v1
stu_16485a0c04d6c325,55f2e923a7a0adf1cd9e68bc511f3da4e3eb9290a9d0b9e4b2c7f64b445a9205,312510*****,L.M.K.,Nam,Marketing,marketing,25,restricted,False,True,student_identity,token_v1,privacy_v1
stu_e774f206902bb21b,c65b9c879026adf05722cb471a78e15985a8441fc8625958968db5b7f728f31e,312410*****,N.M.B.,Nam,Bất động sản,bat dong san,24,restricted,False,True,student_identity,token_v1,privacy_v1
stu_5887f48a213e4cef,fcb7ecf6b14e9ecb9832582fb7a36aee8397c5794d99230088ab34c34c3b916c,312410*****,P.B.H.,Nữ,Kinh doanh nông nghiệp,kinh doanh nong nghiep,24,restricted,False,True,student_identity,token_v1,privacy_v1
stu_539c9ead59666c8b,197279339053cbb48d5a757cd16fcd4260f1bf57b53d533f5620651f0febdf0b,312510*****,V.M.K.,Nam,Kinh doanh thương mại,kinh doanh thuong mai,25,restricted,False,True,student_identity,token_v1,privacy_v1
stu_dee177f8b3103963,4f641b3256d0802fff5dbc67fa74c31081fa361d2cb618dcb610e58d2ec3af7b,312310*****,N.B.N.,Nữ,Luật kinh doanh quốc tế,luat kinh doanh quoc te,23,restricted,False,True,student_identity,token_v1,privacy_v1
stu_b252e6eda740f4d6,4f66fab0794eb90c631705499fce6ed4fea103aae5f98c1a23d61514b00e5709,312510*****,T.Á.M.,Nữ,Hệ thống hoạch định nguồn lực doanh nghiệp,he thong hoach dinh nguon luc doanh nghiep,25,restricted,False,True,student_identity,token_v1,privacy_v1
stu_18a257a0d4f303e2,7bc2f303cc06e3f74eb813706664483ee19518b9821562d8fa103966b92e2e21,312410*****,V.B.A.,Nữ,Hệ thống thông tin quản lý,he thong thong tin quan ly,24,restricted,False,True,student_identity,token_v1,privacy_v1
stu_4b50c06cd7668c0a,377eecd293b30a36364c4ecdcde93ef04008ea53962eebfb3c354f56be4266e6,312410*****,L.K.Q.,Nữ,Hệ thống thông tin quản lý,he thong thong tin quan ly,24,restricted,False,True,student_identity,token_v1,privacy_v1
stu_919cbef6cdbec713,8a50354390ffe46b9ce77fe682d1ba52bf349cb649e02f061c3bb956c393c35b,312410*****,N.T.N.,Nữ,Tài chính,tai chinh,24,restricted,False,True,student_identity,token_v1,privacy_v1
stu_bdd50244ec3f81af,4c1b49a2a7a94626b0301f37e438f8b32215e7b398e97ae92966dd0f0fb1d252,312510*****,P.G.T.,Nam,Hệ thống thông tin kinh doanh,he thong thong tin kinh doanh,25,restricted,False,True,student_identity,token_v1,privacy_v1
stu_898f21493bad2a29,f2a82ec1f45dadaba9bd37f72a526e98975670907c2dfdf6fbab4b2a0b2d198e,312510*****,M.H.H.,Nữ,Kinh doanh thương mại,kinh doanh thuong mai,25,restricted,False,True,student_identity,token_v1,privacy_v1
stu_3ca51dc178923e3f,f046c31719c908d6b907b9d799933d45d1e29f95ae035bb6a7cd704a4f00a03b,312510*****,T.P.A.,Nữ,Kinh tế đầu tư,kinh te dau tu,25,restricted,False,True,student_identity,token_v1,privacy_v1
stu_78a9213310e28b33,55f1889cd73073e6d3aef82ac82570079ba5cd21f5653c0247eed42cd570467e,312510*****,Đ.Đ.C.,Nam,Thị trường chứng khoán,thi truong chung khoan,25,restricted,False,True,student_identity,token_v1,privacy_v1
stu_44566c5a371efb7f,3d6a96713a2e10e0f411cd647e17138544edb4be3abecd338c0381b74bb485ef,312510*****,Đ.H.P.,Nam,Kinh doanh số,kinh doanh so,25,restricted,False,True,student_identity,token_v1,privacy_v1
stu_aed6ff16e34f032a,a178bf807c7c56abd5422c2c6b80719761799c35554e5641a8d522b35748aaa1,312410*****,L.N.L.,Nữ,Luật kinh doanh quốc tế,luat kinh doanh quoc te,24,restricted,False,True,student_identity,token_v1,privacy_v1
stu_8b16fa1a6a991ef3,804003623d8d6c0ad539af3b2503f3d3f241340a8c91ce982b387e2ae3192ca6,312510*****,M.G.P.,Nam,Luật kinh doanh quốc tế,luat kinh doanh quoc te,25,restricted,False,True,student_identity,token_v1,privacy_v1
stu_ec4ff1443cbb698e,53057b31b29ca465c1d010f123a245119bdbfd0cb644d8c969b4e94ae6df9f4d,312510*****,Đ.B.T.,Nữ,Logistics và Quản lý chuỗi cung ứng,logistics va quan ly chuoi cung ung,25,restricted,False,True,student_identity,token_v1,privacy_v1
stu_d901f32db22afdb3,af074d71b21869dd7b80d22ae55985b3c86bc762dc0d49aa895f2ab1372839f0,312410*****,P.H.T.,Nữ,Kinh doanh quốc tế,kinh doanh quoc te,24,restricted,False,True,student_identity,token_v1,privacy_v1
stu_5d98bc9300d96405,797db738cab4fb5e47b699b1cacaaa79da7d184305bfed588e9b3a47c1fcd99f,312510*****,Đ.L.P.,Nữ,Hệ thống hoạch định nguồn lực doanh nghiệp,he thong hoach dinh nguon luc doanh nghiep,25,restricted,False,True,student_identity,token_v1,privacy_v1
stu_8ec7011c54371f04,cf49809206f59d828cd536dae5caa4a6cf7ca5d79af85b32c1bf9a771966df43,312310*****,V.B.H.,Nữ,Công nghệ nghệ thuật - ArtTech,cong nghe nghe thuat arttech,23,restricted,False,True,student_identity,token_v1,privacy_v1
stu_3e8f6495d070a90d,08536a6ce711a241077ff74fe25ca135039511a81a2f3796f1411555cac3b9f4,312310*****,M.T.T.,Nữ,Bảo hiểm,bao hiem,23,restricted,False,True,student_identity,token_v1,privacy_v1
stu_d502f1f67298edff,2bde836ea3d8592e7af7018469b06ebc9eff6f1d09eb50f9eb4f23fd6b5eacb3,312510*****,H.A.T.,Nam,Luật kinh doanh quốc tế,luat kinh doanh quoc te,25,restricted,False,True,student_identity,token_v1,privacy_v1
stu_b569e8107fa2e36b,c6fb55c578739bbb3b5b297caf948bf788a26c1d6b06f216b70b98ebb59e1007,312310*****,P.Đ.M.,Nam,Khoa học dữ liệu,khoa hoc du lieu,23,restricted,False,True,student_identity,token_v1,privacy_v1
stu_f13f07879a3f2d27,de27d5a0c64d1d172c79bdfae458a266e65bcd2f848eda56623ac20fedb36205,312510*****,T.H.M.,Nữ,Hệ thống thông tin kinh doanh,he thong thong tin kinh doanh,25,restricted,False,True,student_identity,token_v1,privacy_v1
stu_f4d70133fa21fc23,e742bb65e4f1f20294edc2099f37692bc97bac1623922f59f88ef67d97942b13,312410*****,Đ.H.Ý.,Nữ,Công nghệ thông tin,cong nghe thong tin,24,restricted,False,True,student_identity,token_v1,privacy_v1
stu_714af2f2cd6470ba,b35c93e2bacd8ed47bf8a8517440ec16d9e34d9caf7ce190d8c1d78e3e5565a8,312410*****,L.Á.L.,Nữ,Kinh doanh quốc tế,kinh doanh quoc te,24,restricted,False,True,student_identity,token_v1,privacy_v1
stu_85c455a589d71e0b,de840176c4685cb4fd3fe18b1a71090496a8859500af1028c47476334be90085,312410*****,V.H.Đ.,Nam,Quản trị kinh doanh,quan tri kinh doanh,24,restricted,False,True,student_identity,token_v1,privacy_v1
stu_3e8f8ec2dc1d80e5,ea043ad35ba31280fc02c1be9f49b8f0d389ad0da306bcb848e652c75220a072,312410*****,Đ.Q.N.,Nam,Khoa học dữ liệu,khoa hoc du lieu,24,restricted,False,True,student_identity,token_v1,privacy_v1
stu_1429b0960f8cd975,c9e554a57185362788fca530dd707b44d03bbf178830457e4bebfb6ce5b9f453,312410*****,H.M.M.,Nam,Kinh doanh số,kinh doanh so,24,restricted,False,True,student_identity,token_v1,privacy_v1
stu_05da437cf43c2858,f7d641a2cb1b08382f08bfa064f04b0045ae84b07c2567a3e9b1e01242968166,312510*****,L.Đ.T.,Nam,Kinh tế đầu tư,kinh te dau tu,25,restricted,False,True,student_identity,token_v1,privacy_v1
stu_647a18f6c01fd9d2,e656af120c97fd746d8a20ee20cae4bad6f4b03335188cf2ccc047105ff6e7ad,312510*****,T.B.T.,Nữ,Kinh doanh số,kinh doanh so,25,restricted,False,True,student_identity,token_v1,privacy_v1
stu_a76e2e6dc9fdaeb9,7141dc3bef6dcb289463c077aaca41759a5399676fbe9c0231dd00a4f1e62a4f,312510*****,T.Đ.Đ.,Nam,Kinh tế đầu tư,kinh te dau tu,25,restricted,False,True,student_identity,token_v1,privacy_v1
stu_74a8bc4ca2015a0a,4982280ce9a6945ce80cf8308a051c4dec8d18c6ad1902d9847c5ae282984620,312410*****,N.H.V.,Nữ,An toàn thông tin,an toan thong tin,24,restricted,False,True,student_identity,token_v1,privacy_v1
stu_41c7c29563e4378d,bd4a4ef04f802d41a6c25bf947324c0e97417b44c4de5f69c9b947f12f8e5280,312410*****,N.Á.A.,Nữ,Kế toán doanh nghiệp,ke toan doanh nghiep,24,restricted,False,True,student_identity,token_v1,privacy_v1
stu_8bb5e27d07db492c,f431a1938e8df52da8ee8774dca3de41d707ec4caa31bd76b5d2fa04a13a3bed,312410*****,H.Á.H.,Nữ,Kinh tế đầu tư,kinh te dau tu,24,restricted,False,True,student_identity,token_v1,privacy_v1
stu_ba7714cf47cb4d4a,eb1580a66b5842c0e4ce685d35a742836cca088038600787056a37d4f9601f22,312310*****,L.Đ.H.,Nam,Toán tài chính,toan tai chinh,23,restricted,False,True,student_identity,token_v1,privacy_v1
stu_69fef6cdcb0042e9,8f4b16ff0f731ea3430f39614475487e36f431d782551757dc1e096779b21460,312310*****,H.T.L.,Nữ,Quản lý công,quan ly cong,23,restricted,False,True,student_identity,token_v1,privacy_v1
stu_985f0eb5ea04df19,2f08f525061b0c2824bca67d58b6b0484fe047ba39f8a6ef8cd0d28b1619f963,312410*****,V.P.N.,Nữ,Quản lý công,quan ly cong,24,restricted,False,True,student_identity,token_v1,privacy_v1
stu_74c59540811a0f08,4a1d990ab68336a13308d650c9b12e91e00bffa1439fc0550ca246493b7bc30f,312410*****,Đ.Q.C.,Nam,Công nghệ nghệ thuật - ArtTech,cong nghe nghe thuat arttech,24,restricted,False,True,student_identity,token_v1,privacy_v1
stu_de0fd61722a8566d,0260a563d74f9e9a6e557b8b46bb81c8fb1c71cb8ceae137a795eff666a62c4d,312310*****,N.G.H.,Nam,Bất động sản,bat dong san,23,restricted,False,True,student_identity,token_v1,privacy_v1
stu_63ccb41d7fe6f101,1ea87401cd3fd728d40af1ccb7024f38cdcf0f40eb5eff6cf95e88b29a15e8f5,312310*****,T.Q.V.,Nam,Khoa học dữ liệu,khoa hoc du lieu,23,restricted,False,True,student_identity,token_v1,privacy_v1
stu_a73be1f345f848bf,89ab542e32bd40d99c8f74e4bedef81080c5ae070b00beb1cfd0b188542dd8f4,312410*****,H.T.D.,Nam,Khoa học máy tính,khoa hoc may tinh,24,restricted,False,True,student_identity,token_v1,privacy_v1
stu_8982601284a118e4,72e3cc4727a9f0d800ee46ba7fa9a4313d42f638c73d90dcba662b2a4d0b589f,312410*****,H.B.D.,Nữ,Bảo hiểm,bao hiem,24,restricted,False,True,student_identity,token_v1,privacy_v1
stu_c54382bd7fd058c6,7d19a7842b7c49e310b7caffa00e9e5c3cc42fb8deaab93a5d669d6c9b7ef1a2,312310*****,M.T.Y.,Nữ,Khoa học dữ liệu,khoa hoc du lieu,23,restricted,False,True,student_identity,token_v1,privacy_v1
stu_97169004b2c7d045,b2f37729c8a13e77df3b07b6055dd2de620a60add3ca032cb69a8f2f44ff9931,312410*****,Đ.T.U.,Nữ,Bất động sản,bat dong san,24,restricted,False,True,student_identity,token_v1,privacy_v1
stu_9b0f0d502c09bf82,5cd72410a3262b8fd8a7ad6b4b0e08ededa74525fa3f68f5fed99615634f0e44,312310*****,P.P.Q.,Nữ,Kinh doanh số,kinh doanh so,23,restricted,False,True,student_identity,token_v1,privacy_v1
stu_3f668a0ef4a6a5a6,adf06e26939b1535d3fa6cf2f3353299c0c83fbf022976199118354ab2d840a6,312510*****,H.H.N.,Nữ,Quản lý công,quan ly cong,25,restricted,False,True,student_identity,token_v1,privacy_v1
stu_83331326e0553917,3c1f9a711336e00f92f957ab95f8dbbd858879d833d41f978973ee2abf91a4ef,312410*****,T.K.P.,Nữ,Toán tài chính,toan tai chinh,24,restricted,False,True,student_identity,token_v1,privacy_v1
stu_adfe58f0589eef17,2f502c66170560c0f6770068ef94956b936230122d0489d698167cf5f356daf1,312310*****,V.Á.Y.,Nữ,Khoa học dữ liệu,khoa hoc du lieu,23,restricted,False,True,student_identity,token_v1,privacy_v1
stu_c312e3fd4d3e00fe,4098d28bce376603fc827d68db9f885524ebdf7ed848b05d62f2a93a36c3beca,312410*****,B.N.T.,Nữ,Kinh tế đầu tư,kinh te dau tu,24,restricted,False,True,student_identity,token_v1,privacy_v1
stu_c9f3f909caf2f0f9,cd82ff8f2ef7da75bd2c20c0cc21746dc8fefb8bd7bb8e91b881321d3922bfb1,312410*****,V.L.N.,Nữ,Kế toán công,ke toan cong,24,restricted,False,True,student_identity,token_v1,privacy_v1
stu_d13ef315ee118878,2134dd166b80014feb07919da25ba3752b11f4245fbb7e754c40159cd95a1076,312310*****,L.Q.T.,Nam,Kỹ sư Robot và Trí tuệ nhân tạo,ky su robot va tri tue nhan tao,23,restricted,False,True,student_identity,token_v1,privacy_v1
stu_4b48c226e5699d97,4d2b367856516b02f5401be65ec5f6f3730c886b8c6de7ebcf556fc77fa94a88,312510*****,L.A.V.,Nam,Quản trị Hải quan - Ngoại thương,quan tri hai quan ngoai thuong,25,restricted,False,True,student_identity,token_v1,privacy_v1
stu_825e6dcafb3113cf,06be77b1012ce33491eb42a40761651e7191b52caeeeed5ff43107a920577752,312310*****,H.Q.P.,Nam,Bảo hiểm,bao hiem,23,restricted,False,True,student_identity,token_v1,privacy_v1
stu_dc5079031f5fe63b,076e2449d4b99cf9a053d831d1bfc813094465580ff577566b5883e34405b2c0,312410*****,N.H.P.,Nữ,Kinh tế,kinh te,24,restricted,False,True,student_identity,token_v1,privacy_v1
stu_80d134d11973800f,c1cfd84120a7c2a39cf2a63d8202d21b65bae26aee37c0cd268ddc2ebf53049b,312510*****,Đ.K.M.,Nữ,Kinh doanh thương mại,kinh doanh thuong mai,25,restricted,False,True,student_identity,token_v1,privacy_v1
stu_a8def983920db2d5,353990e27393381b26923180739b211015940dc65dd729a188cc220ef14975a1,312510*****,P.H.L.,Nữ,Công nghệ thông tin,cong nghe thong tin,25,restricted,False,True,student_identity,token_v1,privacy_v1
stu_23b2b6f67b92cc3b,8bb4370b5b84deba0c86db7b0a6aae34f993920e8841b35bff0f03de43aad972,312310*****,V.L.U.,Nữ,Hệ thống thông tin quản lý,he thong thong tin quan ly,23,restricted,False,True,student_identity,token_v1,privacy_v1
stu_82e6fa20cb34c3a6,ef4381a47c20de4d4a9f52b8313459a6f57d9df8b4748136f3c078152a2d6962,312310*****,V.T.L.,Nữ,Kiến trúc và thiết kế đô thị thông minh,kien truc va thiet ke do thi thong minh,23,restricted,False,True,student_identity,token_v1,privacy_v1
stu_8aa7e65d901d828c,5209f6ba96d312bd356092f2b69eaa81a406aa4a8886fa54b020d73aa51622e5,312310*****,V.V.B.,Nam,Kinh doanh nông nghiệp,kinh doanh nong nghiep,23,restricted,False,True,student_identity,token_v1,privacy_v1
stu_63847810d89d88ef,ccfb1c3604e1baa6755b1b05e3e3135771c18f0aba0239aac2607e9a58fcab4c,312410*****,L.H.A.,Nam,Kỹ sư Robot và Trí tuệ nhân tạo,ky su robot va tri tue nhan tao,24,restricted,False,True,student_identity,token_v1,privacy_v1
stu_bade3665369e993f,656c228d747068a79460050807b622a24cea2b527a7d365973d8c2023be4e52a,312410*****,B.N.C.,Nữ,Kiến trúc và thiết kế đô thị thông minh,kien truc va thiet ke do thi thong minh,24,restricted,False,True,student_identity,token_v1,privacy_v1
stu_3b59bcef76fdfbbb,48a1affe39cfcb7a914f4fd87af3a222d735a73db13ddb499d7b7668c7a83caa,312410*****,H.A.C.,Nam,Khoa học máy tính,khoa hoc may tinh,24,restricted,False,True,student_identity,token_v1,privacy_v1
stu_713a640969915378,47dcd7beed34d4ca194defac926e301dc519ec89a299b89eae8732381a36daba,312310*****,L.B.H.,Nữ,Công nghệ logistics tích hợp chứng chỉ FIATA,cong nghe logistics tich hop chung chi fiata,23,restricted,False,True,student_identity,token_v1,privacy_v1
stu_dc0c0f1c0290d7f3,b85c9e1df42fdbd2f3b2e0402cb860ba4de29717c13cef8dd2e9fa2f6a74a763,312410*****,Đ.Đ.V.,Nam,Kỹ sư Robot và Trí tuệ nhân tạo,ky su robot va tri tue nhan tao,24,restricted,False,True,student_identity,token_v1,privacy_v1
stu_db83bc62f5ab68c7,943c9c41538ff96cca147e2e58d1c6d46c02ff6c5b80945ef96e3da32783f61f,312410*****,Đ.L.Ý.,Nữ,Ngân hàng,ngan hang,24,restricted,False,True,student_identity,token_v1,privacy_v1
stu_9347710c06d78486,f32077432eadea7444077e900a7bd4283128a9c8d84cb745cb037fb75c5531bb,312510*****,P.Q.N.,Nam,Công nghệ logistics tích hợp chứng chỉ FIATA,cong nghe logistics tich hop chung chi fiata,25,restricted,False,True,student_identity,token_v1,privacy_v1
stu_6faf7a0e0e1a98d0,3ed5716d43144ebf26b6c088c44a9d1a7646d925cf555cebcbaf7da11f05be5a,312310*****,L.H.K.,Nam,Công nghệ nghệ thuật - ArtTech,cong nghe nghe thuat arttech,23,restricted,False,True,student_identity,token_v1,privacy_v1
stu_28b73b3981fa27c5,82446f50e2fdf038df6616e62e38bf1ef1dd3cb98924c04634a3787971197dc1,312410*****,Đ.T.M.,Nữ,An toàn thông tin,an toan thong tin,24,restricted,False,True,student_identity,token_v1,privacy_v1
stu_246eb88ed0025b22,b807c6d23eb49d9564a285077e97fc118dbadd2546b8b81b36c67fee65640d31,312510*****,L.B.N.,Nữ,Kiến trúc và thiết kế đô thị thông minh,kien truc va thiet ke do thi thong minh,25,restricted,False,True,student_identity,token_v1,privacy_v1
stu_5c40145878fe2e4e,50a2983ca2bbccb57d403aba46c0fd17bc36b13667cc18925bbca85a7d5cc983,312410*****,H.T.H.,Nam,Hệ thống thông tin quản lý,he thong thong tin quan ly,24,restricted,False,True,student_identity,token_v1,privacy_v1
stu_af7894c2b7461080,db9c3093467b6234f9d78ab70bc9824be93744da317a99bcd8c304ff6bd338ae,312310*****,M.L.N.,Nữ,Công nghệ Marketing,cong nghe marketing,23,restricted,False,True,student_identity,token_v1,privacy_v1
stu_780c94c7377e342f,0a73dfea3d47b0a95b8a90245db977af54af7dd46bdc83b8692e2a5e89463b0d,312310*****,H.K.U.,Nữ,Ngân hàng,ngan hang,23,restricted,False,True,student_identity,token_v1,privacy_v1
stu_5bafb2dcf7a07b3d,70dc0cd200248d62212a6c58cc8404a96d9276363fc7e8967aaad7bbff30c7ea,312410*****,M.V.T.,Nam,Toán tài chính,toan tai chinh,24,restricted,False,True,student_identity,token_v1,privacy_v1
stu_91c51e1adf88c5cb,ce1bb7e122402037aa7c05473a6703f7e36778fbd59d2bf58abf63ab339b2119,312510*****,L.Q.N.,Nam,Kinh doanh quốc tế,kinh doanh quoc te,25,restricted,False,True,student_identity,token_v1,privacy_v1
stu_b39e2a17b8166b12,6675ef70cf6e55ec8545c45e19ecd3b7be8d7a87ff564552f7d682cfdb50d9cf,312510*****,H.A.H.,Nam,Bảo hiểm,bao hiem,25,restricted,False,True,student_identity,token_v1,privacy_v1
stu_29f0ebcc99d2ed36,c7f1a61b88bb457a7003f2cf24701cfda5f4db633275a0ce59910a5605a95a4d,312410*****,L.T.T.,Nữ,Ngân hàng,ngan hang,24,restricted,False,True,student_identity,token_v1,privacy_v1
stu_58f6d376850ca7d2,525f814753f4d067d8c08a6356157a70b7e135ac6531765ded3514451db83dcf,312410*****,P.N.P.,Nữ,Kinh doanh thương mại,kinh doanh thuong mai,24,restricted,False,True,student_identity,token_v1,privacy_v1
stu_5a809e7d898377a4,db632f940d04f8e9b6a9f2284d38f8d9bebe95a84ab0c96fe97f8a586d125f9d,312510*****,H.H.C.,Nữ,Luật kinh doanh quốc tế,luat kinh doanh quoc te,25,restricted,False,True,student_identity,token_v1,privacy_v1
stu_b8b80d6a2bcb8aba,89f42a7ae9d5a3c52675769bc1294f15e621363db2cfe324c7bcba13f72de05c,312310*****,B.T.T.,Nữ,Quản lý công,quan ly cong,23,restricted,False,True,student_identity,token_v1,privacy_v1
stu_46d29508e536df13,64549c0329bf6a05dc340a516ba3e512cd042d6c41e84d90ae49162eb6716814,312310*****,N.T.L.,Nữ,Tài chính,tai chinh,23,restricted,False,True,student_identity,token_v1,privacy_v1
stu_f7cbe8c684e88e39,25ab7194944311a69c25910b531918b3f4c098aad72be63195dd0b3c3cc1b578,312410*****,D.T.L.,Nữ,Thị trường chứng khoán,thi truong chung khoan,24,restricted,False,True,student_identity,token_v1,privacy_v1
stu_295f81bd4ca4b0e4,ad9337b49d3fb4def96f56b46b5512c8994ea98d6708e8e24f3486c546e2c6c1,312510*****,D.Á.H.,Nữ,Kiểm toán,kiem toan,25,restricted,False,True,student_identity,token_v1,privacy_v1
stu_c4b06ab1d032a2d5,fd738d199fd380b786fae7c6b282e4b726b6baeef8b75823d433402f2fbea384,312510*****,H.T.K.,Nam,Bảo hiểm,bao hiem,25,restricted,False,True,student_identity,token_v1,privacy_v1
stu_f84baaa5a90412f7,4ea06483756cb0bf8e15534b47c5bed6cb5fbad56eb8caf96656e09d2e9449f2,312510*****,V.H.V.,Nam,An toàn thông tin,an toan thong tin,25,restricted,False,True,student_identity,token_v1,privacy_v1
stu_1bcea43a27ed85b1,0d94ff31ff837e57aee08f99c91e50639abc6df5c5b2cfb633039d8dca194dfa,312510*****,Đ.H.N.,Nữ,Công nghệ thông tin,cong nghe thong tin,25,restricted,False,True,student_identity,token_v1,privacy_v1
stu_7db18a9fab219953,66e9fa46bc5a5c3d3beb3b69f26244347b89c516f8cc4585eeec7d54787226dc,312410*****,D.H.H.,Nam,Luật kinh doanh quốc tế,luat kinh doanh quoc te,24,restricted,False,True,student_identity,token_v1,privacy_v1
stu_bec549dd4828e421,98662288778052ca21525c3833296fccf89f1bfaa51736ffdc554f1928a77b7c,312310*****,L.T.T.,Nam,Kinh tế đầu tư,kinh te dau tu,23,restricted,False,True,student_identity,token_v1,privacy_v1
stu_1a5e1e5f965179dc,01b36bdaee68080114200c03420427d09b45639647e2c72e7639a0ae9c5e1ea1,312510*****,Đ.T.N.,Nam,Kinh doanh số,kinh doanh so,25,restricted,False,True,student_identity,token_v1,privacy_v1
stu_a2c592e0262dd5b4,a3ac6157add305df53a18e4894da11550acd7641621de2212ee9d6aab6773ae9,312310*****,Đ.T.V.,Nữ,Quản trị Hải quan - Ngoại thương,quan tri hai quan ngoai thuong,23,restricted,False,True,student_identity,token_v1,privacy_v1
stu_5ed59b4ae54b551e,c196c028236795957cdce66d675e03dd92247c41dd0b9c8c780c52f7639aadb1,312410*****,P.B.Y.,Nữ,Toán tài chính,toan tai chinh,24,restricted,False,True,student_identity,token_v1,privacy_v1
stu_d7eba5121bd93cd3,13d1d62c275b83990a35373545fd4e5a4c16aeaecfd4e3b57910c1b9193b1f36,312310*****,B.A.T.,Nam,Kinh tế đầu tư,kinh te dau tu,23,restricted,False,True,student_identity,token_v1,privacy_v1
stu_d16e84418d2230dd,8014009cb8ec7878907e24689723afe4c622f0e831af2546cb18b510ca803f05,312510*****,L.V.H.,Nam,Kinh tế đầu tư,kinh te dau tu,25,restricted,False,True,student_identity,token_v1,privacy_v1
stu_c61744f9015ca6a3,8691bf64bc620843ecc08a8b29ea40e8eae2fe33e3200f3629fadfc6d4a808d1,312510*****,D.H.H.,Nam,Tài chính,tai chinh,25,restricted,False,True,student_identity,token_v1,privacy_v1
stu_c407842cd02c1e1c,c3d737276be9bff367fddefa82854b241c58375b428658ddfa0897cc9ed75ee6,312310*****,N.M.C.,Nam,Quản lý công,quan ly cong,23,restricted,False,True,student_identity,token_v1,privacy_v1
stu_b436c8642227020c,6e339759bc443f8ab2620aed4f8de0735eef5e2de6365907d106752382ebc60c,312410*****,L.T.V.,Nữ,Quản trị kinh doanh,quan tri kinh doanh,24,restricted,False,True,student_identity,token_v1,privacy_v1
stu_20fd8bf593f72bec,5fdc488887222eada9fe76a559c68ca2b3802bde40bb8e50e313a31b48534d32,312410*****,L.T.Ý.,Nữ,Kinh tế đầu tư,kinh te dau tu,24,restricted,False,True,student_identity,token_v1,privacy_v1
stu_0817ceee1c6da9c6,f0febce1c523e1431061d2253239fa755ad117ac3c35741a243780e9d7a87d5d,312310*****,V.T.T.,Nữ,Công nghệ Marketing,cong nghe marketing,23,restricted,False,True,student_identity,token_v1,privacy_v1
stu_e7252d50e0d27219,79570787ec7317e193a19d2d1161062a54c47f90621ef9f16109b36a5122e4e7,312510*****,D.M.P.,Nam,Công nghệ Tài chính,cong nghe tai chinh,25,restricted,False,True,student_identity,token_v1,privacy_v1
stu_0e00d85616c25a5a,97352def43c9df2a6081bf91725e2cab68d66459bbecd6b485d88cbe8106b9e8,312310*****,Đ.T.S.,Nam,Bảo hiểm,bao hiem,23,restricted,False,True,student_identity,token_v1,privacy_v1
stu_027a60d511f604c1,3a568551ee68c5f86e5581ba12cba026eb0cf1baa3195e96d53081544734ac0b,312310*****,T.N.L.,Nữ,Marketing,marketing,23,restricted,False,True,student_identity,token_v1,privacy_v1
stu_33060cb59c9fd53d,7e8104a01148ab3c8ad2baf4d2154ac264b0c2dc8ca7f92172ee3972c5077aa3,312310*****,M.B.T.,Nữ,Hệ thống thông tin kinh doanh,he thong thong tin kinh doanh,23,restricted,False,True,student_identity,token_v1,privacy_v1
stu_305cc284e0d4b1a2,ec80938ee2194181ce7cb28c0bcd643b5f71993a0a62c5679ed30d74403af819,312310*****,D.K.A.,Nữ,Đầu tư tài chính,dau tu tai chinh,23,restricted,False,True,student_identity,token_v1,privacy_v1
stu_cc6ea6a144696d9f,c5df6119e434998d81c00e16b3d37067faa2b620fa39568a4944980ba0d85717,312410*****,L.A.S.,Nam,Quản lý công,quan ly cong,24,restricted,False,True,student_identity,token_v1,privacy_v1
stu_f7bbe7d46573e193,307144fd340454cca64870d47a778dbddd4c5047169f31d08e4273ea6b0ca2dd,312510*****,D.K.L.,Nữ,Kinh doanh nông nghiệp,kinh doanh nong nghiep,25,restricted,False,True,student_identity,token_v1,privacy_v1
stu_f3ad546e670cf458,8e63153fe4b3f80caddf4031ddaff1f8a0a222f09c5a4a7725d47fc3e80f5971,312410*****,H.G.S.,Nam,Kinh tế đầu tư,kinh te dau tu,24,restricted,False,True,student_identity,token_v1,privacy_v1
stu_742d246d3763b665,3cc609b1121a6adab8e3e24fa510833601586cdf213bd48884a926e489a87d8c,312510*****,H.T.A.,Nam,Kiến trúc và thiết kế đô thị thông minh,kien truc va thiet ke do thi thong minh,25,restricted,False,True,student_identity,token_v1,privacy_v1
stu_c491274f2294b552,0530701b5a48af7d8b0df6439fff5f97d789bd93927b8dc6362972dde79f0962,312510*****,Đ.B.Ý.,Nữ,Công nghệ logistics tích hợp chứng chỉ FIATA,cong nghe logistics tich hop chung chi fiata,25,restricted,False,True,student_identity,token_v1,privacy_v1
stu_cecf62a81f190238,8486e2121731db555fc38376f9922201221dd118e718f6f5d3f6c4b9b806e06c,312310*****,M.T.H.,Nam,Kinh doanh thương mại,kinh doanh thuong mai,23,restricted,False,True,student_identity,token_v1,privacy_v1
stu_060ad304a6ae052b,fd5540bdbf216889cb0874b7b3ab0e0b715c55c571f3942b00ed23660023c60b,312510*****,Đ.A.B.,Nam,Công nghệ Tài chính,cong nghe tai chinh,25,restricted,False,True,student_identity,token_v1,privacy_v1
stu_02f66bddf02e4b1e,3125762ac72cc3de67b8ea06debf27300db5ff2262c8787761a77473e42e514d,312510*****,Đ.T.T.,Nam,Kinh tế,kinh te,25,restricted,False,True,student_identity,token_v1,privacy_v1
stu_789ef5580430c465,a6b8f1927d9046eee594fd0122f6155d684e957063cb36e90867edafe7b4f808,312310*****,Đ.H.N.,Nữ,Hệ thống thông tin kinh doanh,he thong thong tin kinh doanh,23,restricted,False,True,student_identity,token_v1,privacy_v1
stu_fe39d5df54c3d085,bf63009901641c4ffd38a79885f295fdef94171db6247c2dcfd6ac423add13db,312410*****,B.T.T.,Nữ,Hệ thống hoạch định nguồn lực doanh nghiệp,he thong hoach dinh nguon luc doanh nghiep,24,restricted,False,True,student_identity,token_v1,privacy_v1
stu_37ce7a43ca9f780a,669267d74c5428a065eb267a4303f6c6aa9b1ee29bfed5f90c4592db829540b3,312310*****,H.H.S.,Nam,Công nghệ Marketing,cong nghe marketing,23,restricted,False,True,student_identity,token_v1,privacy_v1
stu_2ca0a66b1ee9b1af,69de1ab6d315f381479d704a021f853dca9b027730f13ae29730ea26ab56eabf,312410*****,L.T.T.,Nữ,Công nghệ nghệ thuật - ArtTech,cong nghe nghe thuat arttech,24,restricted,False,True,student_identity,token_v1,privacy_v1
stu_c8c9c1c4a35ac747,63bc28c26264d85c2bc18e81531afa1e0afe00134dd7ee90c38956978fc2bf40,312510*****,T.P.Q.,Nữ,Kinh tế,kinh te,25,restricted,False,True,student_identity,token_v1,privacy_v1
stu_fa9a0fec6ef3683c,e2508bd0c5a0b5d94c7f824932f3a05883644097420f4cae2d9cba348d5ae0bb,312510*****,N.L.V.,Nữ,Công nghệ Tài chính,cong nghe tai chinh,25,restricted,False,True,student_identity,token_v1,privacy_v1
stu_bd072d1c22789329,7d2af6008a5a6eddfed2e0025ce12c84847dbf7c232fbd423bfd2d28aabb2776,312510*****,D.T.T.,Nam,Kinh doanh quốc tế,kinh doanh quoc te,25,restricted,False,True,student_identity,token_v1,privacy_v1
stu_5c2a456eb8eacac3,8b58c5f9ce48a76d93853033142bb1bd6ac3afd7cf931312ce8531af77eaad05,312310*****,Đ.A.D.,Nam,Công nghệ thông tin,cong nghe thong tin,23,restricted,False,True,student_identity,token_v1,privacy_v1
stu_92f7e95dfbdf94a0,a1cb16c3536a7232e379def4bc1da97d95815caad1749ee7739aa572bdcd5138,312310*****,H.A.S.,Nam,Công nghệ Tài chính,cong nghe tai chinh,23,restricted,False,True,student_identity,token_v1,privacy_v1
stu_eabdcf4a66373d8b,19274c7474615fbc53eaa4d690140de4319e8f2b42e8a329b0fb16a2f6eb6a2d,312410*****,N.H.Đ.,Nam,Toán tài chính,toan tai chinh,24,restricted,False,True,student_identity,token_v1,privacy_v1
stu_1cc8a7f8bcd8de69,ce762ebf9aeac396666cbf924c74154637ca643c070f9f0657384a3261c5ba21,312410*****,P.Á.T.,Nữ,Luật kinh doanh quốc tế,luat kinh doanh quoc te,24,restricted,False,True,student_identity,token_v1,privacy_v1
stu_d78b7410566102fd,f7f1b80e5a249cbf66001ea1fae6c137f64ea3e5c8e1e63a1588bc1a553f5915,312410*****,L.T.C.,Nữ,Khoa học dữ liệu,khoa hoc du lieu,24,restricted,False,True,student_identity,token_v1,privacy_v1
stu_63af9247d9272771,81d4eafee3a6b9ff88f9c3ff6a25073b37c0e4ce9b244f71f93c98778f2923a4,312410*****,D.H.L.,Nam,Logistics và Quản lý chuỗi cung ứng,logistics va quan ly chuoi cung ung,24,restricted,False,True,student_identity,token_v1,privacy_v1
stu_f18955e51dd75c03,bd675aa34c090ad44315aaaa0d660456f8d01066a5002bc35eabcfc23dc520cd,312310*****,H.G.L.,Nam,Bảo hiểm,bao hiem,23,restricted,False,True,student_identity,token_v1,privacy_v1
stu_19c895a7311478bc,f164a6af052d97e5151de99c1b2db9ed9aee76da76e4147d3e8fc7cddba65271,312510*****,V.T.H.,Nam,Công nghệ Marketing,cong nghe marketing,25,restricted,False,True,student_identity,token_v1,privacy_v1
stu_ba907c5d62971a0c,bf3cb36a14f9a7bcd0c3d88110a8fd644145317e0a8e27504cc92af98dc1a769,312410*****,L.T.K.,Nam,An toàn thông tin,an toan thong tin,24,restricted,False,True,student_identity,token_v1,privacy_v1
stu_43ebe85526275d67,78eb080f737a87e183cd153f8deb2c92611af938dab8c2bc6370942ef4aeccd5,312510*****,N.T.M.,Nam,Công nghệ thông tin,cong nghe thong tin,25,restricted,False,True,student_identity,token_v1,privacy_v1
stu_388648f5006d1309,82e5f04c309c1bce493b7804748ed21307c58fc0cd70096e583d7984559a72a3,312310*****,T.N.T.,Nữ,Kinh doanh quốc tế,kinh doanh quoc te,23,restricted,False,True,student_identity,token_v1,privacy_v1
stu_e9d6cdebcd33fb61,86b31e44dee765c41d131123a0b7e5a7c583d70b851f6846804972138a132cbc,312310*****,L.A.S.,Nam,Thị trường chứng khoán,thi truong chung khoan,23,restricted,False,True,student_identity,token_v1,privacy_v1
stu_0fe0b9071ba45471,a25c5a101e9415c0e6aad30f4a1968f420fb733034f753979bd23f48cf02111a,312510*****,Đ.B.Ý.,Nữ,Tài chính,tai chinh,25,restricted,False,True,student_identity,token_v1,privacy_v1
stu_2f62ac7b5e365969,265405d1f269c37cf34fbcef2378b2be8bf0927de977346109f56157e667fbbd,312510*****,D.T.C.,Nữ,Bất động sản,bat dong san,25,restricted,False,True,student_identity,token_v1,privacy_v1
stu_786f4c7d5e3c8924,3fd4e7041391ede28d44758e4ca44ed3c14b235bc756f0fc89a0f560fcb90b27,312410*****,L.A.C.,Nam,Quản trị kinh doanh,quan tri kinh doanh,24,restricted,False,True,student_identity,token_v1,privacy_v1
stu_db6be35040e9561d,820f755268ea79fba17e9ec38d937a4a1540d7e48fe753a00bda4b760c5fd216,312410*****,L.M.N.,Nam,Công nghệ nghệ thuật - ArtTech,cong nghe nghe thuat arttech,24,restricted,False,True,student_identity,token_v1,privacy_v1
stu_9db76958a691e486,c03372996573c444445a38b3df828c427949501040ed9e2b05536f54616ba912,312510*****,M.H.N.,Nữ,Kỹ sư Robot và Trí tuệ nhân tạo,ky su robot va tri tue nhan tao,25,restricted,False,True,student_identity,token_v1,privacy_v1
stu_c6e62ef21a2805fe,e8da6c55baab261e64cd37ead0bf928f6aeb00c5887faf304eeef028dde1e9d6,312510*****,P.T.V.,Nữ,Quản lý công,quan ly cong,25,restricted,False,True,student_identity,token_v1,privacy_v1
stu_9523385c851ccbc0,1bb4ba87654abb68c22e68b4746b3fab10faa49373e2ab5fd63f99b6cd67a07c,312410*****,N.T.V.,Nam,Kế toán công,ke toan cong,24,restricted,False,True,student_identity,token_v1,privacy_v1
stu_d120b9a8b4873a82,ca38f680a6e6eea53c98d5a83f03a5d1f677f51bab5b0926be65124eb09f410e,312410*****,B.Đ.Q.,Nam,Logistics và Quản lý chuỗi cung ứng,logistics va quan ly chuoi cung ung,24,restricted,False,True,student_identity,token_v1,privacy_v1
stu_5af2e469f822e4d0,b114e532cf6a27fc57c32aa18a2d45d21f58118c71181ddae4cd30eabbc5fbdf,312410*****,L.T.D.,Nữ,Khoa học máy tính,khoa hoc may tinh,24,restricted,False,True,student_identity,token_v1,privacy_v1
stu_ffbdd70a94e369fe,68912b2f1b70560525520c32efd5c8816b54d20622bdfcac1acd9524953a6d76,312410*****,H.H.C.,Nữ,Công nghệ nghệ thuật - ArtTech,cong nghe nghe thuat arttech,24,restricted,False,True,student_identity,token_v1,privacy_v1
stu_7aab8097a70fc723,6ba97c91827814785548d274be766c90433ee21cacf5717240f8e84ba00fd900,312510*****,N.T.T.,Nam,Kỹ sư Robot và Trí tuệ nhân tạo,ky su robot va tri tue nhan tao,25,restricted,False,True,student_identity,token_v1,privacy_v1
stu_53bf470b0bea7b87,9d11cd8cced2fff1b766bc1338512cfc68dd102312a5bc1391e4bb0100fa3393,312410*****,Đ.T.Y.,Nữ,Công nghệ logistics tích hợp chứng chỉ FIATA,cong nghe logistics tich hop chung chi fiata,24,restricted,False,True,student_identity,token_v1,privacy_v1
stu_4c79993e3122bbe3,4458bbdc972e88979999bb57f332fecc181a847789b2c13c43380b7bf7164771,312310*****,V.T.Q.,Nữ,Tài chính,tai chinh,23,restricted,False,True,student_identity,token_v1,privacy_v1
stu_cb40e24d081fc8c9,7780827cb7816ac92d207cca47d7b8ec2a2ce751ba096e0473cb89a4e3aaa93f,312410*****,T.B.T.,Nữ,Kỹ sư Robot và Trí tuệ nhân tạo,ky su robot va tri tue nhan tao,24,restricted,False,True,student_identity,token_v1,privacy_v1
stu_e339a40583e2a9cc,c3479e04ecf4ac625ef04922cc09d70c9f996ed2cc0708fec7f668518353021c,312510*****,M.T.A.,Nam,Kỹ sư Robot và Trí tuệ nhân tạo,ky su robot va tri tue nhan tao,25,restricted,False,True,student_identity,token_v1,privacy_v1
stu_47dd110f13387632,b228816e17d2f7e4d7692c967369f70381283583f1f47342e738a7db9434d0a7,312410*****,B.T.A.,Nữ,Hệ thống thông tin kinh doanh,he thong thong tin kinh doanh,24,restricted,False,True,student_identity,token_v1,privacy_v1
stu_b1050945f673b2f5,dcd0f0ff1252c95b9b0810def7a49e0aad6475faddf55c5ef8a313fec421fbc4,312310*****,L.N.A.,Nữ,Hệ thống thông tin kinh doanh,he thong thong tin kinh doanh,23,restricted,False,True,student_identity,token_v1,privacy_v1
stu_0d37322b5f6f26d6,f83c67c33602ad5ce283b05d62c7d83b97527966058bfe1a6af0bfe37d163bc1,312510*****,H.Đ.V.,Nam,Công nghệ nghệ thuật - ArtTech,cong nghe nghe thuat arttech,25,restricted,False,True,student_identity,token_v1,privacy_v1
stu_c968e934e231ec10,6f77b14a7f25ed808e5d338651cd19eb3c9adccbe6ca9ea2fef6d4ece692eb00,312310*****,B.L.Ý.,Nữ,Kinh doanh số,kinh doanh so,23,restricted,False,True,student_identity,token_v1,privacy_v1
stu_19539ea9df9d9226,af7719fb1680df207583901160cf176a7f943c20a1fef850458ca14672dc0759,312310*****,M.V.C.,Nam,Công nghệ nghệ thuật - ArtTech,cong nghe nghe thuat arttech,23,restricted,False,True,student_identity,token_v1,privacy_v1
stu_2bcd42fec3640125,beb6f352ff75d31396eeff74f0b51995e2524dd97b350225f9181f821d72e4b8,312410*****,L.L.T.,Nữ,Kiểm toán,kiem toan,24,restricted,False,True,student_identity,token_v1,privacy_v1
stu_b5e63149d9b40b91,7354aac31aec9424ab565d2017c6caad543a00e916ef4f90cdb6b74af94259cb,312410*****,Đ.Đ.D.,Nam,Luật kinh doanh quốc tế,luat kinh doanh quoc te,24,restricted,False,True,student_identity,token_v1,privacy_v1
stu_6145fcbc0bc23320,5ce2be1fefa52c2d49db8922cc49f96579f4f4ea73710123aa07f4699a26c78b,312510*****,Đ.K.C.,Nữ,Kiến trúc và thiết kế đô thị thông minh,kien truc va thiet ke do thi thong minh,25,restricted,False,True,student_identity,token_v1,privacy_v1
stu_7ea626ee8fb150ff,3e0befda47c7c672b5fb10d688f9dd4e66f879a9c11a12a3eb7b2de0ca9da028,312410*****,N.Q.P.,Nam,Kế toán doanh nghiệp,ke toan doanh nghiep,24,restricted,False,True,student_identity,token_v1,privacy_v1
stu_c732da2c5e5bcec4,07bd82f63fe4ba4b064409d5bf700d8b724d2d765387480b177df4846bf0b6e3,312310*****,B.T.A.,Nữ,Kế toán công,ke toan cong,23,restricted,False,True,student_identity,token_v1,privacy_v1
stu_75038dfb3e21c054,5917365ad9542e24ab4d4c8a1b38e261066b5b2f4ce7c7ef1c0253d64d7429cf,312510*****,H.Đ.K.,Nam,Quản trị Hải quan - Ngoại thương,quan tri hai quan ngoai thuong,25,restricted,False,True,student_identity,token_v1,privacy_v1
stu_fcfcbd8a874397e0,4d0b0170b363ecb0316a9cf3e1ee41baeefca5a44dce356bcc741881541360a8,312510*****,L.P.C.,Nữ,Kế toán doanh nghiệp,ke toan doanh nghiep,25,restricted,False,True,student_identity,token_v1,privacy_v1
stu_ee86262c37516cee,21e00568340705029d52c9b1b63bfa9f28f0d498116c0e3cd6874705e1b2055c,312310*****,B.G.T.,Nam,Marketing,marketing,23,restricted,False,True,student_identity,token_v1,privacy_v1
stu_471f45083baab524,ae876b0f5bd8972bc4b83b9d200bcff8dee9fbb007d740127dc53815011c6789,312510*****,Đ.T.T.,Nữ,Logistics và Quản lý chuỗi cung ứng,logistics va quan ly chuoi cung ung,25,restricted,False,True,student_identity,token_v1,privacy_v1
stu_1ec8944082eff024,5ebeff6201143c0939a681110e29de918a587f07f13b0c0313948424cd3dd3bd,312410*****,Đ.T.T.,Nữ,Bảo hiểm,bao hiem,24,restricted,False,True,student_identity,token_v1,privacy_v1
stu_538095b7d63ba344,5f21fcdb4c25ea9dd1add4d45ffb0e8cadb4bd23d6522e34b6f0454a85f56e58,312310*****,Đ.T.T.,Nữ,Công nghệ Tài chính,cong nghe tai chinh,23,restricted,False,True,student_identity,token_v1,privacy_v1
stu_4b04384c45dce9c8,589399a54312e9e27a1623d32868b151a4c858bf8d0b33383c27d6ec73095c01,312510*****,B.M.C.,Nam,Kinh doanh nông nghiệp,kinh doanh nong nghiep,25,restricted,False,True,student_identity,token_v1,privacy_v1
stu_6878e6acd0e46bad,e99e5aee1d21330992a9fe832cb4b272a2338f54c00f80fefb050ed73ca9f8ea,312510*****,Đ.T.H.,Nam,Tài chính,tai chinh,25,restricted,False,True,student_identity,token_v1,privacy_v1
stu_7600178446dcd677,319927b4d4f85576006354148e28040aced622e86c733182cb6102d6cd6a94a2,312310*****,P.N.Ý.,Nữ,Khoa học dữ liệu,khoa hoc du lieu,23,restricted,False,True,student_identity,token_v1,privacy_v1
stu_925206c59f9455e4,4d44c62eee94aaa114d7d7f29fa30bde9e8019929a018031b1b3491f22d5c353,312510*****,L.A.N.,Nam,Đầu tư tài chính,dau tu tai chinh,25,restricted,False,True,student_identity,token_v1,privacy_v1
stu_1be432057dc25de6,1c5ca04ab49642f5c47637cdd0142891ea7db1d63baa4b68ccde7bbe1fc884b6,312510*****,B.N.T.,Nữ,Ngân hàng,ngan hang,25,restricted,False,True,student_identity,token_v1,privacy_v1
stu_06eb9bac0e9731f3,3f2b688242a7986d04068ba19b877255cb9c4657f0a2c8eb5aaa5b7f7aefaff3,312410*****,V.L.C.,Nữ,Công nghệ Marketing,cong nghe marketing,24,restricted,False,True,student_identity,token_v1,privacy_v1
stu_f57f59704887f3c4,79d6de422b73f5d9c22bcbcbf50498ab152c3813a1469d633d55b9749e622e80,312510*****,D.Á.C.,Nữ,Kinh doanh thương mại,kinh doanh thuong mai,25,restricted,False,True,student_identity,token_v1,privacy_v1
stu_a52e9ed295ee4860,e327975e3b3c3178fa8d49bf0f9b53bca03ca790b7b6dfba75673e7435117ee2,312410*****,L.G.T.,Nam,Công nghệ logistics tích hợp chứng chỉ FIATA,cong nghe logistics tich hop chung chi fiata,24,restricted,False,True,student_identity,token_v1,privacy_v1
stu_77262be7b74a56de,f6aa1fda3c5748112b9cfdb8641348877631ef1bee5e0f48d6b35590205de779,312410*****,D.G.L.,Nam,Tài chính,tai chinh,24,restricted,False,True,student_identity,token_v1,privacy_v1
stu_4aa1376d970dcdfe,41db9df9304d2e810b58823111bced30f0896305ff4c4684263281e549d88e5f,312510*****,T.A.D.,Nam,Kinh doanh quốc tế,kinh doanh quoc te,25,restricted,False,True,student_identity,token_v1,privacy_v1
stu_5813fc0d6b7846ad,6c7a92cb7ab8d6e5d88d2b802a4ba4d2e301463171d7bf93f6159aa5089d9855,312510*****,T.Q.V.,Nam,Kinh doanh số,kinh doanh so,25,restricted,False,True,student_identity,token_v1,privacy_v1
stu_d343f60b5e9a587c,4cb1a9fd58111736c1e695d1e9f87c7186aaf95a7b5145078a3cb317d80e4c1f,312510*****,Đ.T.P.,Nam,Ngân hàng,ngan hang,25,restricted,False,True,student_identity,token_v1,privacy_v1
stu_4de5a01e01a1e588,c7facd26de5c87f09676883a9fef08b07707bd52f7ad3fb7f80fa46c4c9e0aab,312410*****,B.H.Q.,Nam,Kinh tế đầu tư,kinh te dau tu,24,restricted,False,True,student_identity,token_v1,privacy_v1
stu_6dbaaa85d8eaf400,3f5c9296417db0209fef73f0245450bcbf46583266e28ab5b83a7fd61e2a8316,312510*****,Đ.K.Ý.,Nữ,Công nghệ Tài chính,cong nghe tai chinh,25,restricted,False,True,student_identity,token_v1,privacy_v1
stu_38d8d2986504c8e3,63a4144c28407557290408b7cb75b6f9dec9e6e39d421d5e9d204ad4ef75badf,312410*****,Đ.T.T.,Nam,Đầu tư tài chính,dau tu tai chinh,24,restricted,False,True,student_identity,token_v1,privacy_v1
stu_89bc7ab2efdc288d,a1ec107918f8b904ca6d2335f07a84f362c348623825450bd05b17b34d0b9f25,312510*****,Đ.H.T.,Nam,Công nghệ và đổi mới sáng tạo,cong nghe va doi moi sang tao,25,restricted,False,True,student_identity,token_v1,privacy_v1
stu_b7d9e349e9e9d438,63e323ddc5e8b28b6d8c3e123650e6ee67853511acc4635b91f02b6552feed85,312310*****,N.H.S.,Nam,Kinh doanh số,kinh doanh so,23,restricted,False,True,student_identity,token_v1,privacy_v1
stu_8666d4e116e10700,2391b02013adf05c317ba04a7e76adc20d74a3dd088c0b9fdfc9f8ac2832dee9,312410*****,P.T.Đ.,Nam,Bảo hiểm,bao hiem,24,restricted,False,True,student_identity,token_v1,privacy_v1
stu_43c2722afc5c439e,bec527810bf00010e94da70865f8909e9cb9dc80986dc3f9a95c8b24f9ad3a18,312310*****,L.T.D.,Nam,Hệ thống thông tin quản lý,he thong thong tin quan ly,23,restricted,False,True,student_identity,token_v1,privacy_v1
stu_639313e2ecd8a805,ecc4a3b6be538007c6f1e8b8bc3c06024851d1b206fd9d134706e9b74547b1d4,312510*****,B.G.H.,Nam,Tài chính,tai chinh,25,restricted,False,True,student_identity,token_v1,privacy_v1
stu_4906e72164bca1eb,fd9d173ddaa3247e363a2f7dfdd95ecd4d659e7113240b09bb4eb398d5352fea,312310*****,M.M.V.,Nam,Kinh tế đầu tư,kinh te dau tu,23,restricted,False,True,student_identity,token_v1,privacy_v1
stu_4b61c4b83e9c89f6,f34f471a4e5b3aa3ceec4e86e64b19567d4f34b2a7040eab1c6e25c57c3d4c0a,312410*****,D.G.P.,Nam,Bất động sản,bat dong san,24,restricted,False,True,student_identity,token_v1,privacy_v1
stu_639bbfd88ea8de00,9d8494b734a07f49348c845683cc3782d51a336375b36276e9e82fdba536d774,312310*****,Đ.A.L.,Nam,Ngân hàng,ngan hang,23,restricted,False,True,student_identity,token_v1,privacy_v1
stu_fe5818ed5bc6bbb1,0eeab7606ff00b50eb247abcf4688de9f17cdfb97e25028344db19f1a2292fb0,312510*****,D.K.T.,Nữ,Kinh tế,kinh te,25,restricted,False,True,student_identity,token_v1,privacy_v1
stu_5606e7b72e37a7ab,fe35f605200460b9a89ed29236c554c8d3216d21e0e0caf5364e8c80f6c9fcc2,312510*****,P.G.H.,Nam,Tài chính,tai chinh,25,restricted,False,True,student_identity,token_v1,privacy_v1
stu_e6e0ddd77906ffb5,823081d43e53f66b98e864ad2877819d8cc0407f441e416f54328c8c979cbdcd,312310*****,Đ.H.H.,Nữ,Khoa học máy tính,khoa hoc may tinh,23,restricted,False,True,student_identity,token_v1,privacy_v1
stu_78c63b31582d3db1,dd948baa402d547bad1f016287f08ba13be7dac1747e6286bc91383df1bc834e,312310*****,H.T.V.,Nam,Thị trường chứng khoán,thi truong chung khoan,23,restricted,False,True,student_identity,token_v1,privacy_v1
stu_bd71e27247c5defe,2c824bac4731617b276a28a5e9d88540d2efafb6c7ada3cffc3463c9dfc6ec8e,312310*****,V.A.S.,Nam,Tài chính,tai chinh,23,restricted,False,True,student_identity,token_v1,privacy_v1
stu_a0d57a1573287b53,847628ab834840a38add6bcde84912a5ce39339e196ecd95450d6c8bbab2520d,312410*****,Đ.T.M.,Nữ,Bảo hiểm,bao hiem,24,restricted,False,True,student_identity,token_v1,privacy_v1
stu_f219c388dc429f57,90b50ad67a418f706f3fd4bb8b239219aa48c4a65c43fe6aaaebce2a336cf6dd,312310*****,N.T.D.,Nam,Kinh tế đầu tư,kinh te dau tu,23,restricted,False,True,student_identity,token_v1,privacy_v1
stu_6f0746ecfe979a0f,810eb9e2e64509ccf3d9c06cb24a7ebde1d8942b24a96be5b0f27506500d0def,312310*****,Đ.A.H.,Nam,Kinh doanh số,kinh doanh so,23,restricted,False,True,student_identity,token_v1,privacy_v1
stu_2347159e3dc2afc5,11934d20f635b82f0c9a20e1ddfb943602cd42441705e91a62c4b826be3a16d2,312410*****,L.V.N.,Nam,Quản trị kinh doanh,quan tri kinh doanh,24,restricted,False,True,student_identity,token_v1,privacy_v1
stu_be08ddb9e356bc1c,032cfe719978292ffce094169d73efea546d2ac1fe8b9105660d60c46997979e,312310*****,P.K.M.,Nữ,Kế toán công,ke toan cong,23,restricted,False,True,student_identity,token_v1,privacy_v1
stu_f5dce06b385d973f,5c402c42576c7d285c743faa13e9220f8fa50def16efadb5a8af431fdd314440,312310*****,N.G.V.,Nam,Kinh doanh nông nghiệp,kinh doanh nong nghiep,23,restricted,False,True,student_identity,token_v1,privacy_v1
stu_a46a50b668410acb,f501e829b6a85d0d6c5a63c8debbd36fe8943a9a13747b9a08b561a3b479fa95,312310*****,Đ.G.M.,Nam,Công nghệ Marketing,cong nghe marketing,23,restricted,False,True,student_identity,token_v1,privacy_v1
stu_2f5af7f83ad89825,c15d4eb25f4341c4c170692656fae023fa6388810150912e0a1a01780d72f420,312410*****,M.T.M.,Nam,Đầu tư tài chính,dau tu tai chinh,24,restricted,False,True,student_identity,token_v1,privacy_v1
stu_8478fbd6cf98e090,4ae50cb20a90762fcc5a72f4e0b07185d9dd19417287c0db2c425409569fc988,312310*****,Đ.T.C.,Nam,Luật kinh doanh quốc tế,luat kinh doanh quoc te,23,restricted,False,True,student_identity,token_v1,privacy_v1
stu_22d65a5f2cd7bb5f,47b46f78b444e58ea9b59d24de6e51d660ee7c83a1a1e09ded67fc94f1e478f7,312510*****,H.A.B.,Nam,Thị trường chứng khoán,thi truong chung khoan,25,restricted,False,True,student_identity,token_v1,privacy_v1
stu_474cac777d90c318,8f4d2b7963bcd8ae1798f0aa128678297c1987e22354dff4008dd2ddf3865842,312410*****,Đ.H.S.,Nam,Kinh tế đầu tư,kinh te dau tu,24,restricted,False,True,student_identity,token_v1,privacy_v1
stu_45aba3ed83d5f325,21cc0dad5ab49be95e88f5b7cff3c8eaa2e549e1743ccf2084907ed865e9a03e,312510*****,T.T.H.,Nam,Khoa học dữ liệu,khoa hoc du lieu,25,restricted,False,True,student_identity,token_v1,privacy_v1
stu_17f7e7a7730dfbfb,0a507058037228f6869b8af7fd8465533de2dd3517379a833dd62842eba4f236,312410*****,H.Á.T.,Nữ,Bất động sản,bat dong san,24,restricted,False,True,student_identity,token_v1,privacy_v1
stu_ae0e1285a9bde6bc,6611dae7225a46b5df5082d1cf807645f37904211470a610c226e7624c1fe830,312310*****,T.K.L.,Nữ,Hệ thống thông tin kinh doanh,he thong thong tin kinh doanh,23,restricted,False,True,student_identity,token_v1,privacy_v1
stu_882923a434d8ed6f,0502ba14d93744494131ca299e3009e97520ce5f85101a7c1c5967e0b862a065,312310*****,Đ.H.T.,Nữ,Bất động sản,bat dong san,23,restricted,False,True,student_identity,token_v1,privacy_v1
stu_b4a65fe352147ab0,2b8b2d3e0bed170d7079b5467fc90e45c1adaba58e663c51f0abf57b5d044e4f,312410*****,P.T.S.,Nam,Toán tài chính,toan tai chinh,24,restricted,False,True,student_identity,token_v1,privacy_v1
stu_76ba5c63eaf8a0e9,ee6e9be579c8cc4651fb4412c6d36ec63c4f7eab86d174982398dc5a909639a8,312510*****,P.T.T.,Nữ,Công nghệ logistics tích hợp chứng chỉ FIATA,cong nghe logistics tich hop chung chi fiata,25,restricted,False,True,student_identity,token_v1,privacy_v1
stu_c62a176b0bce9b1d,39e217fe949fdff449c7e39f94cc9b57354e066885543b50191df41337840c4a,312510*****,B.N.T.,Nữ,Logistics và Quản lý chuỗi cung ứng,logistics va quan ly chuoi cung ung,25,restricted,False,True,student_identity,token_v1,privacy_v1
stu_a678a714257f0bd0,cefdedcd6b1e039c64fe16d77a7144a6f1b01ebe2dedaab8bdcb8a8eed8f5fc5,312410*****,L.P.D.,Nữ,Quản trị Hải quan - Ngoại thương,quan tri hai quan ngoai thuong,24,restricted,False,True,student_identity,token_v1,privacy_v1
stu_52f96fd3b574acdc,96491934110d8cae7615a941b3759f1b4731c519fae8b9583af3168f626b19ac,312510*****,B.T.D.,Nữ,Marketing,marketing,25,restricted,False,True,student_identity,token_v1,privacy_v1
stu_5a76c5181a1d1a36,b17572b5978e7d19df007443ac0fa238f5bf3e19890f0d7101759bdc5291cc36,312510*****,D.L.T.,Nữ,Kinh doanh quốc tế,kinh doanh quoc te,25,restricted,False,True,student_identity,token_v1,privacy_v1
stu_588e8f56121670e8,ff206eb06d0905cd1865471b99e23e96af0ffa3d1bdd4a2dff0a5567097783bd,312510*****,D.T.Q.,Nữ,Hệ thống hoạch định nguồn lực doanh nghiệp,he thong hoach dinh nguon luc doanh nghiep,25,restricted,False,True,student_identity,token_v1,privacy_v1
stu_7f1eda3fab6aca2c,325686768155e1f271fdb38d7fad54e6473f06ed4391563980ae34c6618a2b2b,312410*****,L.Đ.S.,Nam,Marketing,marketing,24,restricted,False,True,student_identity,token_v1,privacy_v1
stu_6bf398f52d351c00,e13142ce1cf6239d25bbeb52313335deeee6fd624d98783c1cb10d52215b71e1,312510*****,N.M.T.,Nam,Tài chính,tai chinh,25,restricted,False,True,student_identity,token_v1,privacy_v1
stu_874baca17ee1990a,2243965ac0398a96f079de19d00a66eb6ee30408a24aacbae5e091ef85f2c87e,312310*****,V.T.S.,Nam,Ngân hàng,ngan hang,23,restricted,False,True,student_identity,token_v1,privacy_v1
stu_46abe212b94f5cb8,85b588cd73b35a69d0ac57ca258ced914544031ab87f59bc31d8c4ca18c90f68,312510*****,D.T.S.,Nam,Kinh tế đầu tư,kinh te dau tu,25,restricted,False,True,student_identity,token_v1,privacy_v1
stu_705b7debfb64982a,00bd6976d115846bc0bd8b0c8c2d669a9640e5ac031cdc3c23fcd2dfb880f078,312310*****,Đ.T.T.,Nam,Ngân hàng,ngan hang,23,restricted,False,True,student_identity,token_v1,privacy_v1
stu_e9fb69440685d6a5,df979b3efbd7f8925315f5d1974fb4c3bfc83c2f0244a6dcf5e0bb52d4923d8f,312510*****,P.V.K.,Nam,Kinh doanh quốc tế,kinh doanh quoc te,25,restricted,False,True,student_identity,token_v1,privacy_v1
stu_4660fb9c42299b6a,0590c5a9eae6853ba6c115779c83cdbf98f25ad686304edf45dde7c0b16f729d,312510*****,V.T.V.,Nam,Quản trị Hải quan - Ngoại thương,quan tri hai quan ngoai thuong,25,restricted,False,True,student_identity,token_v1,privacy_v1
stu_6a99225648561d1b,b52c6ddb7bcc10673478ac478b3c86054dbb1d8499b5ede917a447978f46e64a,312510*****,P.T.H.,Nữ,Kế toán công,ke toan cong,25,restricted,False,True,student_identity,token_v1,privacy_v1
stu_b3547d2c64b8e8a6,0136729a52e1777bedb88e0dbb94333fc7c425c76e2a874ccd39c8b7f0f2b237,312410*****,L.T.Q.,Nữ,Công nghệ Marketing,cong nghe marketing,24,restricted,False,True,student_identity,token_v1,privacy_v1
stu_0fc6384a21efec35,c26dc5e3749cefa23a8fc1f90286763b047e73a359a4affc00773e5c23879edb,312510*****,Đ.N.L.,Nữ,Công nghệ Marketing,cong nghe marketing,25,restricted,False,True,student_identity,token_v1,privacy_v1
stu_04e570c58fe84a64,638508b187ca617ab54febfc4b48d3e70f646bf14fad080f44b3251a58727cd9,312510*****,P.M.M.,Nam,Kinh tế,kinh te,25,restricted,False,True,student_identity,token_v1,privacy_v1
stu_50d65c1ef3e6f77c,f9c1a1aac59dabc76a316e35a817935e7ced32731d507d280eefd6109f9f9b5c,312310*****,D.H.H.,Nữ,Quản trị Hải quan - Ngoại thương,quan tri hai quan ngoai thuong,23,restricted,False,True,student_identity,token_v1,privacy_v1
stu_031b4075586cc07c,0dbb590869e698b35967d9925a4f0ca8b65652b7eb964b8c3e308c84d668d74c,312310*****,L.H.T.,Nữ,Công nghệ nghệ thuật - ArtTech,cong nghe nghe thuat arttech,23,restricted,False,True,student_identity,token_v1,privacy_v1
stu_b733ec7a914e6de7,0aade4ddb2d7de0c3fea14b750ee0ce868be9c3c0f032c19fa747c79fde81b5f,312510*****,B.H.V.,Nam,Luật kinh doanh quốc tế,luat kinh doanh quoc te,25,restricted,False,True,student_identity,token_v1,privacy_v1
stu_774610d3082053b9,fd060cf2a80bfcf16eb71e07a4d170495d3f40b57c43beb19d169339f0aa0412,312510*****,H.H.Y.,Nữ,Quản lý công,quan ly cong,25,restricted,False,True,student_identity,token_v1,privacy_v1
stu_ed5f4604f2e31853,96e906e556034569ade6be1224bedd9739e410a9b2a1d3a42f18ecc08fe1efe3,312310*****,P.H.H.,Nam,Hệ thống thông tin kinh doanh,he thong thong tin kinh doanh,23,restricted,False,True,student_identity,token_v1,privacy_v1
stu_8d2ebdfc111c32ff,d98b3b5937407b7e504b542521283dd6a2e0c0bfe951e58c7a462664dbd36942,312310*****,V.T.U.,Nữ,Kinh doanh nông nghiệp,kinh doanh nong nghiep,23,restricted,False,True,student_identity,token_v1,privacy_v1
stu_abb4af5e564ad3b9,6d203694db91a2429d2f4292abea043bb04e295a65b0798edae9c0cab69aaffc,312310*****,L.T.H.,Nam,Kiến trúc và thiết kế đô thị thông minh,kien truc va thiet ke do thi thong minh,23,restricted,False,True,student_identity,token_v1,privacy_v1
stu_f220eccf43e21d18,92b75e7bb52642bde227e975c98f6b4bf181a9a601afc972fb94150f8f88f0e0,312510*****,Đ.M.N.,Nam,Kinh doanh nông nghiệp,kinh doanh nong nghiep,25,restricted,False,True,student_identity,token_v1,privacy_v1
stu_d1a471485031f25a,1e6e0f5fb0460e4155a935ba9d3dbe2f3e2aac7d63f9aa452a04864f697f89ec,312310*****,T.T.A.,Nữ,Đầu tư tài chính,dau tu tai chinh,23,restricted,False,True,student_identity,token_v1,privacy_v1
stu_e0e758a34d59751b,69d084f4c1da8fe51bd9e25538c2d40f4ac83d74fc7004b05c9029f6a206f8c1,312310*****,P.L.T.,Nữ,Công nghệ nghệ thuật - ArtTech,cong nghe nghe thuat arttech,23,restricted,False,True,student_identity,token_v1,privacy_v1
stu_22fa4f5e0e32d7f7,bdf8dc1433df2f7d23695f32ae86860e83ad56a6646d6bc93fb4db1490240770,312410*****,Đ.Á.M.,Nữ,Bảo hiểm,bao hiem,24,restricted,False,True,student_identity,token_v1,privacy_v1
stu_ab9274e608d0249c,65e6608e013ced080b1c1cc6db8ec18aed7cc3262b7e7b1c885036ec8edd91bf,312410*****,T.M.V.,Nam,Logistics và Quản lý chuỗi cung ứng,logistics va quan ly chuoi cung ung,24,restricted,False,True,student_identity,token_v1,privacy_v1
stu_b5377c5ece055154,0e502391e085ad6b681446024be170d7695b9c836f351b3ed4bab6943c7bab21,312410*****,B.G.H.,Nam,Luật kinh doanh quốc tế,luat kinh doanh quoc te,24,restricted,False,True,student_identity,token_v1,privacy_v1
stu_03f136b11e2297c4,9026122da2685e71a6d1b9f1a92864d46e1d43192621a9491abb5ccc3843bf45,312510*****,H.N.Q.,Nữ,Kinh doanh quốc tế,kinh doanh quoc te,25,restricted,False,True,student_identity,token_v1,privacy_v1
stu_636901d990de1c10,df53a973136c85c14419992b6002f2e12fc9e1650e925a2e3383ffb7615ed65b,312510*****,V.Á.H.,Nữ,Tài chính,tai chinh,25,restricted,False,True,student_identity,token_v1,privacy_v1
stu_ddbce9164079939f,224673e239995462747e8dfbb8723c1e2c826fafa623ab4facff09877742da5d,312410*****,P.V.P.,Nam,Kiểm toán,kiem toan,24,restricted,False,True,student_identity,token_v1,privacy_v1
stu_6e5967910832e68d,15593c085d4be19f7271c7d16effc1df8851e27b1c8769bcd2da3ef2848b4ca9,312510*****,H.T.N.,Nam,Kinh tế đầu tư,kinh te dau tu,25,restricted,False,True,student_identity,token_v1,privacy_v1
stu_871db46ab874de75,19e7bd3df11284293c4388d98f3f28b2b78bf290fd18889112a7d5205211f702,312310*****,Đ.Á.T.,Nữ,Kinh doanh quốc tế,kinh doanh quoc te,23,restricted,False,True,student_identity,token_v1,privacy_v1
stu_5e5794d07a39856d,df4f002fc3f0e2073d9d378d479fc624a29e1bced3bc5904f2b787275b00c26d,312410*****,H.H.V.,Nam,Kinh doanh nông nghiệp,kinh doanh nong nghiep,24,restricted,False,True,student_identity,token_v1,privacy_v1
stu_3e76dde060d026e9,4cc775ffb21c2acd3fc10171b169a50fd77d542c041f663072ef8a26f0058d77,312310*****,T.T.N.,Nữ,Khoa học dữ liệu,khoa hoc du lieu,23,restricted,False,True,student_identity,token_v1,privacy_v1
stu_a0d539664d76c2f6,93f1b8e27dc6ff2ad3cce081c7b094aab4aa235000d59155191d6973d3196c74,312510*****,Đ.H.A.,Nữ,Quản trị Hải quan - Ngoại thương,quan tri hai quan ngoai thuong,25,restricted,False,True,student_identity,token_v1,privacy_v1
stu_1e691af7fce002ab,56fe20112cfbd2470ae356af06f7e0000612386436f3fe9da6159812f21cd76c,312410*****,Đ.P.Q.,Nữ,Công nghệ Tài chính,cong nghe tai chinh,24,restricted,False,True,student_identity,token_v1,privacy_v1
stu_f9a01bfb6c064bae,cf040e090e9872d4e1968657c02da7711aaf9ce80924607b70eee47dec8821fb,312410*****,Đ.H.P.,Nam,Bất động sản,bat dong san,24,restricted,False,True,student_identity,token_v1,privacy_v1
stu_1e4cd9c6deb9a318,e53dd3a22d553ebe16dbdbccabaf47a3296b10a8ef7598cf5da8f7a33d8bf1fb,312410*****,L.K.Ý.,Nữ,Công nghệ Marketing,cong nghe marketing,24,restricted,False,True,student_identity,token_v1,privacy_v1
stu_7c185f26d8ab08eb,137c29a8b404a312dac668f5ba014b23db9b27a1a3e32fed371abc70d985a8fc,312310*****,Đ.T.V.,Nữ,Công nghệ thông tin,cong nghe thong tin,23,restricted,False,True,student_identity,token_v1,privacy_v1
stu_8595af75bdb1ce89,e12bea6461d29fdd065f6ff15c70b924a822f023bba70d2c2a602f2b5e348c2a,312310*****,Đ.T.C.,Nữ,Kinh tế,kinh te,23,restricted,False,True,student_identity,token_v1,privacy_v1
stu_a8aac8e07195c07c,e7393654d1fd1048644d3de4c9c6ef29fe68311120ec6259f02a6f616d793665,312310*****,L.H.T.,Nữ,Bất động sản,bat dong san,23,restricted,False,True,student_identity,token_v1,privacy_v1
stu_5fb3737251046105,ac508c06ac61d40b6962558a78d7e8a1f8b9e2575d801d6827a3f45c49b8973e,312510*****,B.G.Q.,Nam,Đầu tư tài chính,dau tu tai chinh,25,restricted,False,True,student_identity,token_v1,privacy_v1
stu_e6232037ac4c4c4a,baba736e5deb83f716acff32eaf4e3b399ff853c898504d780b4aa848bd2c83f,312410*****,T.T.U.,Nữ,Hệ thống hoạch định nguồn lực doanh nghiệp,he thong hoach dinh nguon luc doanh nghiep,24,restricted,False,True,student_identity,token_v1,privacy_v1
stu_660413382ee3a678,eb12ae0ed05a558b6b03b555fe0bd4e0f4084cf5db0be79c4e87e373e9f49e5f,312510*****,L.T.Q.,Nữ,Tài chính,tai chinh,25,restricted,False,True,student_identity,token_v1,privacy_v1
stu_60475164fa4b7050,dc047d49c28b8a00d8b8b0b5dbd3d52a206cf981046889e2bfee0092cd2e15d0,312510*****,T.K.A.,Nữ,Kinh doanh số,kinh doanh so,25,restricted,False,True,student_identity,token_v1,privacy_v1
stu_a1c4bbd15896e4e1,fdb7cbccd405dcc2aba3527d40898b122fee2e235160d0115a597b898062c686,312410*****,T.G.Đ.,Nam,Quản trị kinh doanh,quan tri kinh doanh,24,restricted,False,True,student_identity,token_v1,privacy_v1
stu_c80561137661cb52,2fbede02862a4cce06d0d15f9161436fe92ce893ed694089db72fff5b04860a4,312510*****,H.B.C.,Nữ,Hệ thống hoạch định nguồn lực doanh nghiệp,he thong hoach dinh nguon luc doanh nghiep,25,restricted,False,True,student_identity,token_v1,privacy_v1
stu_97a092a922052db6,88d44c3d638e1cc9ba0567a9bc76ff27ba63f4afddc5492b180e52ae4cd945f7,312310*****,B.P.H.,Nữ,Công nghệ thông tin,cong nghe thong tin,23,restricted,False,True,student_identity,token_v1,privacy_v1
stu_7b35d231b2b7df04,858bc687aa29581682a7bde25857c346452698e2db502bc49d2729691dfc1b3d,312510*****,Đ.L.T.,Nữ,Luật kinh doanh quốc tế,luat kinh doanh quoc te,25,restricted,False,True,student_identity,token_v1,privacy_v1
stu_a354f4dc59e82a9b,045688d137927aaf7c27d162456c5b293c8c1d9a33709a1db5c622a137261d87,312510*****,L.T.Đ.,Nam,Công nghệ logistics tích hợp chứng chỉ FIATA,cong nghe logistics tich hop chung chi fiata,25,restricted,False,True,student_identity,token_v1,privacy_v1
stu_eb2efffbb868c4ef,5f448702c2d9dd121fb26110df088860e5fdd85df12b2a61417d0754f0439480,312410*****,D.H.Q.,Nam,Thị trường chứng khoán,thi truong chung khoan,24,restricted,False,True,student_identity,token_v1,privacy_v1
stu_b7b0058244f0878b,4fd61c3a30f621070c1ba0a02e12eaa8c97f85d5de07330c3fa45bf3ba4771df,312410*****,M.Á.L.,Nữ,Toán tài chính,toan tai chinh,24,restricted,False,True,student_identity,token_v1,privacy_v1
stu_e13ad9c85358eb87,9a57298d4980a075c0bb93d3f435e703793f48d4c478a08a66d7a0a14e537050,312410*****,V.K.N.,Nữ,Khoa học dữ liệu,khoa hoc du lieu,24,restricted,False,True,student_identity,token_v1,privacy_v1
stu_e8c6d85e5e46e1d2,8919176104731ca3f95628ea081e488a28e3250e935b54f241bc7653b09d91ed,312510*****,B.Á.Q.,Nữ,Kế toán công,ke toan cong,25,restricted,False,True,student_identity,token_v1,privacy_v1
stu_56f33cf43b332e73,581fce0afe14a3360481d1aa4a25dc5ed6c32dab7279ac8cb922999ca50a8284,312510*****,P.L.V.,Nữ,Kỹ sư Robot và Trí tuệ nhân tạo,ky su robot va tri tue nhan tao,25,restricted,False,True,student_identity,token_v1,privacy_v1
stu_2bb8de4ce7d1c81e,780b45e30c99c5cfe7145f42c1ce9edee8c7bc00e6dca8ef086071dc9a843b48,312410*****,Đ.V.P.,Nam,Kinh tế đầu tư,kinh te dau tu,24,restricted,False,True,student_identity,token_v1,privacy_v1
stu_d06f9bd5f63d28ad,872df748246af3f7cba031a51207f907a5c055ca47c2edb38e427ded6780a61c,312410*****,L.B.L.,Nữ,Công nghệ nghệ thuật - ArtTech,cong nghe nghe thuat arttech,24,restricted,False,True,student_identity,token_v1,privacy_v1
stu_b03f4abee4351467,63e35f72868aeba4b78cc98b3dd157df47dc9b26a7c13dae273f238d19683c91,312410*****,H.T.Ý.,Nữ,Toán tài chính,toan tai chinh,24,restricted,False,True,student_identity,token_v1,privacy_v1
stu_f59896438059dddd,951b16f6dd1ab7ce9d4c3abb23d793840baec1eb5f155dbc717e74ac470eb473,312310*****,V.V.D.,Nam,Khoa học dữ liệu,khoa hoc du lieu,23,restricted,False,True,student_identity,token_v1,privacy_v1
stu_99bde5e69dc0eae0,8c5cd6af0b71ace25a6bc3d36a678db8e858c2a49e2e2d36202198df32b76578,312410*****,P.N.A.,Nữ,Luật kinh doanh quốc tế,luat kinh doanh quoc te,24,restricted,False,True,student_identity,token_v1,privacy_v1
stu_427912e6d21f197f,93f7e852c95b0dfbc8191369851633f621f5d7ba81607a5fb58c4b38e96bd2cc,312310*****,L.B.N.,Nữ,Kỹ sư Robot và Trí tuệ nhân tạo,ky su robot va tri tue nhan tao,23,restricted,False,True,student_identity,token_v1,privacy_v1
stu_1d3cb208c78463d9,1054b6a5920b4378cbbf5b354997c2641788a96bd016af66b35f3099e617ecf3,312410*****,L.G.M.,Nam,Kinh doanh quốc tế,kinh doanh quoc te,24,restricted,False,True,student_identity,token_v1,privacy_v1
stu_dd3f2c41748ee0e0,9f4c2d9f7c1e9d3c21bbb664949848ab9994fbe8b2ec27e0420f2caef5a87e65,312510*****,H.Đ.K.,Nam,Toán tài chính,toan tai chinh,25,restricted,False,True,student_identity,token_v1,privacy_v1
stu_6ad760d3b737ea00,3eb9ee7f9d3543ade1349e018fe21f00856fe4f7448d63ebc1e417df8a910d08,312410*****,Đ.V.A.,Nam,Bất động sản,bat dong san,24,restricted,False,True,student_identity,token_v1,privacy_v1
stu_c3aa3dcb79ffabcc,32b1bfd593fb7c6589e2027d1650e295cb096c44d67b628c506e0b6e895d880c,312510*****,B.T.V.,Nam,Kinh doanh nông nghiệp,kinh doanh nong nghiep,25,restricted,False,True,student_identity,token_v1,privacy_v1
stu_76631bc58720ad7f,ad791acd1ed234fd31acccdff0169bef4c4a0103ab700beca8862fc496bf22f8,312510*****,Đ.A.N.,Nam,Toán tài chính,toan tai chinh,25,restricted,False,True,student_identity,token_v1,privacy_v1
stu_1b107ecd15aba66e,a7414c863085d4ea90ad882112084aa8254f2eb6a3b5b81831b7c75c830188e0,312310*****,D.T.K.,Nam,Hệ thống thông tin quản lý,he thong thong tin quan ly,23,restricted,False,True,student_identity,token_v1,privacy_v1
stu_b22c38567cd35b46,c08e01b69505b61fc1765157e9038479e8fb91cf393787a783a4fa561f2deff6,312510*****,T.B.L.,Nữ,An toàn thông tin,an toan thong tin,25,restricted,False,True,student_identity,token_v1,privacy_v1
stu_bfe6cffe52f28c8b,7efef8dd3a0bafd3d7c343e49b612e83e599810a6e2953a667b593039ceeb66f,312410*****,L.P.H.,Nữ,Logistics và Quản lý chuỗi cung ứng,logistics va quan ly chuoi cung ung,24,restricted,False,True,student_identity,token_v1,privacy_v1
stu_dd6d2f883999af5d,2247d39ec310861e5e61696beb9ed3a79654627895ea1a543bc1c3130ae835e6,312310*****,V.T.N.,Nữ,Hệ thống thông tin kinh doanh,he thong thong tin kinh doanh,23,restricted,False,True,student_identity,token_v1,privacy_v1
stu_b0cc1375bf02c3ea,bbf865a1683e44cffb39ccd9ffd0aead2c650333b91aeef87789e71b57989f97,312310*****,B.K.Y.,Nữ,Kinh tế đầu tư,kinh te dau tu,23,restricted,False,True,student_identity,token_v1,privacy_v1
stu_ab0162eacab7b611,9f73cc6a2b86c9396f35478462276f4cb98a7421b100a89cb551ee17d0c5976b,312410*****,V.T.H.,Nữ,An toàn thông tin,an toan thong tin,24,restricted,False,True,student_identity,token_v1,privacy_v1
stu_2b53fb8437e7cbde,be45d25fb5cfe667328521efe3c573818fca4b08b6efd44bd116a56b396bdf8c,312410*****,Đ.K.H.,Nữ,Quản lý công,quan ly cong,24,restricted,False,True,student_identity,token_v1,privacy_v1
stu_041e0fabdad0b293,75c9496753e3fb34567f049b547b00abc5bce08280f400a5be3eee424abad23d,312410*****,V.M.Đ.,Nam,Kiến trúc và thiết kế đô thị thông minh,kien truc va thiet ke do thi thong minh,24,restricted,False,True,student_identity,token_v1,privacy_v1
stu_55ade36464aec2c6,bf0ca2b8f9f79e98f147fafe236358596875927113e0c60d176e195c56870589,312410*****,N.H.T.,Nữ,Đầu tư tài chính,dau tu tai chinh,24,restricted,False,True,student_identity,token_v1,privacy_v1
stu_e77995e895672eac,1a8bc1a3909ea92e147dde28add1aba2f3b82318abad57ac017d56e472d54854,312510*****,M.H.H.,Nam,Toán tài chính,toan tai chinh,25,restricted,False,True,student_identity,token_v1,privacy_v1
stu_501dd097a40d7ac2,f73c7c094f04c249d4d938b046f9091d109f49fe9323c95a7f99d50a133bb487,312510*****,L.L.H.,Nữ,Ngân hàng,ngan hang,25,restricted,False,True,student_identity,token_v1,privacy_v1
stu_c802f46ed8c114ac,9da162d1291f86fe2e4624395fee8c94bce5563be6654e3b05cb5bfecdd57794,312510*****,T.H.H.,Nam,Công nghệ logistics tích hợp chứng chỉ FIATA,cong nghe logistics tich hop chung chi fiata,25,restricted,False,True,student_identity,token_v1,privacy_v1
stu_006661cad9063305,24f80ad0070b77f7a8e1dedebc560f61451acd0de4ebbc4fd0d1efbd95982c6a,312410*****,P.B.Y.,Nữ,Hệ thống hoạch định nguồn lực doanh nghiệp,he thong hoach dinh nguon luc doanh nghiep,24,restricted,False,True,student_identity,token_v1,privacy_v1
stu_e40706e6640eacf0,dca5328b26f205313f42eac6e0b90598c4b1a4eacdd654ee562c98375f98dd65,312310*****,T.Á.H.,Nữ,Quản trị Hải quan - Ngoại thương,quan tri hai quan ngoai thuong,23,restricted,False,True,student_identity,token_v1,privacy_v1
stu_2a66b872d997f76d,5f35054dc9aa9ab8c89cfcce827a4f8c9cc0c1c16ffd369a2ff15bd87c344f30,312410*****,L.A.P.,Nam,Tài chính,tai chinh,24,restricted,False,True,student_identity,token_v1,privacy_v1
stu_c8a190640aa32656,5528078540426e5c2c944e2d63fedff8a0d8b247da0ac928d6383bb8cb1afd1e,312410*****,P.G.C.,Nam,Bảo hiểm,bao hiem,24,restricted,False,True,student_identity,token_v1,privacy_v1
stu_edc798032a00995e,d0af59df6ef148aeda2dab21d7f32529a66adc1caf865f3f6acd75665e167b8c,312410*****,L.V.C.,Nam,Bất động sản,bat dong san,24,restricted,False,True,student_identity,token_v1,privacy_v1
stu_f286d3ea5f61177d,fbbce6b6fca0b984d81a3aef0862f2cc27fb727f0dc5c6fd43ae7b95647ef457,312310*****,H.N.T.,Nữ,Quản trị kinh doanh,quan tri kinh doanh,23,restricted,False,True,student_identity,token_v1,privacy_v1
stu_6dc631ff0c2929e5,45dbf9aded7b22efb6279a00ce36483440a92b235686b7d1643b43ecf3d43bb9,312410*****,H.T.V.,Nữ,Kinh tế,kinh te,24,restricted,False,True,student_identity,token_v1,privacy_v1
stu_b61da1620bbd005f,0c5ddddd1d36e4f4b2258ce63ff5335bd20e53432a508af0665201a69fa5c8d4,312510*****,H.H.T.,Nam,Công nghệ và đổi mới sáng tạo,cong nghe va doi moi sang tao,25,restricted,False,True,student_identity,token_v1,privacy_v1
stu_073962a8ae3183d6,ec9680d3e56dd3744ee14b9441d50ce3d5da9cf1e7bbafe4cd45dd4bb13e1b3f,312310*****,N.V.P.,Nam,Thị trường chứng khoán,thi truong chung khoan,23,restricted,False,True,student_identity,token_v1,privacy_v1
stu_5fbd832a72ecf688,64dc8044391b9e1f9561c6f7e666dcbaac9d7547314491fba61011233c51e027,312510*****,L.P.M.,Nữ,Quản lý công,quan ly cong,25,restricted,False,True,student_identity,token_v1,privacy_v1
stu_2b196c645abca1fe,2213fe51c935c27316ae764afc03dfc9024eaa289cb51793357ddd7f30cc5d70,312410*****,V.Q.D.,Nam,Khoa học dữ liệu,khoa hoc du lieu,24,restricted,False,True,student_identity,token_v1,privacy_v1
stu_dff39cf46067dcff,742e94f41109c5af899390beff93bb12405ed774cdae24c5da934d6eabad8900,312510*****,V.Q.C.,Nam,Bất động sản,bat dong san,25,restricted,False,True,student_identity,token_v1,privacy_v1
stu_df32ffcabc6bcf3f,c47b1db8d1a5ac1d96378adb0ac6986280096cb3f001b3e502bc02650839be55,312510*****,M.T.M.,Nữ,Công nghệ Tài chính,cong nghe tai chinh,25,restricted,False,True,student_identity,token_v1,privacy_v1
stu_1da23e0bffa390c2,f6284a29ec8e2ee14644a34635a34a0b02878f2152339f97075b82ccde01e00f,312410*****,L.Q.B.,Nam,Bất động sản,bat dong san,24,restricted,False,True,student_identity,token_v1,privacy_v1
stu_1955323eefdae8dc,1cf2cba1ec9e688cc7e05238d8ca41c68a37cfb61756a7a7023d9e849cef6415,312510*****,T.T.N.,Nam,Công nghệ và đổi mới sáng tạo,cong nghe va doi moi sang tao,25,restricted,False,True,student_identity,token_v1,privacy_v1
stu_4e3b6528074b1e2c,c0087c1e5c64185805cb9ca94f2ec54384ad1805445811419c4f245138a2b2c8,312310*****,Đ.Q.T.,Nam,Kinh doanh quốc tế,kinh doanh quoc te,23,restricted,False,True,student_identity,token_v1,privacy_v1
stu_8cd8b1abd2f70469,f7335af751a2cbe94080a36c42a47ba57157846e44c5d1f30e60de682ea3d8ae,312410*****,N.H.Đ.,Nam,Kinh doanh nông nghiệp,kinh doanh nong nghiep,24,restricted,False,True,student_identity,token_v1,privacy_v1
stu_8f97df0051c619ab,d8b9fb25bc2ae3c923f06a05e17fe57635b0431858cc0aa2ed1270be62dfb3b0,312410*****,Đ.T.T.,Nữ,Công nghệ logistics tích hợp chứng chỉ FIATA,cong nghe logistics tich hop chung chi fiata,24,restricted,False,True,student_identity,token_v1,privacy_v1
stu_b8016fc9a1947bce,20d7a847ab3bf3c06b8440c7e6cab0b2d7318971edf6584225f41f6cdf93c92b,312310*****,H.H.T.,Nữ,Luật kinh doanh quốc tế,luat kinh doanh quoc te,23,restricted,False,True,student_identity,token_v1,privacy_v1
stu_39117407990f5259,5521861948283163a81794b9d1fcf2a2e857cad68494bea4b9ec397377afd143,312310*****,D.V.K.,Nam,Khoa học dữ liệu,khoa hoc du lieu,23,restricted,False,True,student_identity,token_v1,privacy_v1
stu_8c2ae137141ac5c5,5841d17d12a8b50c5c3d1d77ece212f4332cb4865352dd0c4f231bef53ba6cc6,312410*****,H.Q.N.,Nam,Luật kinh doanh quốc tế,luat kinh doanh quoc te,24,restricted,False,True,student_identity,token_v1,privacy_v1
stu_6ee218d3fffc49e2,5831fa376425cc9329b2d62a96fc242fb8b4651f8597debe47348c8a19ada7c8,312410*****,D.T.C.,Nam,Kế toán công,ke toan cong,24,restricted,False,True,student_identity,token_v1,privacy_v1
stu_9f4371d1012ff2e6,1e7c81dc10e06e9535068c08908bb257d37790825a56cf3f266e205928072dd6,312510*****,V.Đ.T.,Nam,Toán tài chính,toan tai chinh,25,restricted,False,True,student_identity,token_v1,privacy_v1
stu_58f3a9547012dea9,53b0fd57ab4623f4ced51be1af575982747f0b664defa989c0714dc88783e388,312310*****,L.Q.Q.,Nam,Bất động sản,bat dong san,23,restricted,False,True,student_identity,token_v1,privacy_v1
stu_c9d19dc7a531ed4f,1561092adfe926f787862a3d7d2ce4584df45b1eb64e83c3c6ff1492560a8c4f,312310*****,P.A.M.,Nam,Kinh doanh nông nghiệp,kinh doanh nong nghiep,23,restricted,False,True,student_identity,token_v1,privacy_v1
stu_3d72b0df6e9ab031,4ca2a8e3820a89fd33f8d8eecea553bd6d419bad8d853f204a9e7b8695b3833d,312410*****,Đ.P.T.,Nữ,Kế toán công,ke toan cong,24,restricted,False,True,student_identity,token_v1,privacy_v1
stu_fda24e68fb3682a8,67bcf3ccb111a92cdfda40d0151d2355d0df8c75fae1bbd59da4b727c2980f09,312510*****,V.T.U.,Nữ,Toán tài chính,toan tai chinh,25,restricted,False,True,student_identity,token_v1,privacy_v1
stu_615dc24e349273c4,dc1fc24d97133b2ef90e0b866aac6e1b97e6050515adca55f9544fb45b081cea,312410*****,B.B.Q.,Nữ,Quản trị Hải quan - Ngoại thương,quan tri hai quan ngoai thuong,24,restricted,False,True,student_identity,token_v1,privacy_v1
stu_9eeb0da6bbd1ba49,4c2ed3dd53e9b43696171997716711169efbc56d003d3f9fa4d22573795e3ed2,312410*****,H.V.N.,Nam,Kinh doanh quốc tế,kinh doanh quoc te,24,restricted,False,True,student_identity,token_v1,privacy_v1
stu_94be4b6c4c251056,bc74e8084741c679831dfafe6daf1a80b599c6e5e1708f9935573d21108e9911,312510*****,Đ.N.L.,Nữ,Kỹ sư Robot và Trí tuệ nhân tạo,ky su robot va tri tue nhan tao,25,restricted,False,True,student_identity,token_v1,privacy_v1
stu_ee825b93e0525b3d,b775ad703ca13c2640a93d07bd376a7a9a1ab5f5cedf12ada2a3cbc6b680dccf,312310*****,L.H.Q.,Nam,Kinh doanh số,kinh doanh so,23,restricted,False,True,student_identity,token_v1,privacy_v1
stu_169df85fc58c1def,3e6f2c15be84b8610aadae0d4db33ef83609530c65b87e0aa2271192daba83f8,312410*****,D.N.Q.,Nữ,Khoa học máy tính,khoa hoc may tinh,24,restricted,False,True,student_identity,token_v1,privacy_v1
stu_db30779760a397a3,d0ef74728f68282f019d813b1c49fe39a1075558b4f301015e0687c031003529,312310*****,H.H.C.,Nữ,Hệ thống hoạch định nguồn lực doanh nghiệp,he thong hoach dinh nguon luc doanh nghiep,23,restricted,False,True,student_identity,token_v1,privacy_v1
stu_39d302a0c58f45cd,5d604f497aac25ec2152bcbd28f994584957cf6da1f89d0a102625bf8b6a1ca6,312310*****,N.Đ.H.,Nam,Thị trường chứng khoán,thi truong chung khoan,23,restricted,False,True,student_identity,token_v1,privacy_v1
stu_6ba5de8be3bed59c,0f6807d91f2e6e826654d79e6963e734aff33d84f8839c85710236082256c915,312310*****,N.Q.H.,Nam,Kế toán doanh nghiệp,ke toan doanh nghiep,23,restricted,False,True,student_identity,token_v1,privacy_v1
stu_b1480064e4477e0c,a594c642dcac4d88982c916233d44feea65e8769a05c686c96a5c6081c5f666c,312410*****,L.T.A.,Nữ,Quản lý công,quan ly cong,24,restricted,False,True,student_identity,token_v1,privacy_v1
stu_17f1929832e67946,2662c9523325786e52eab81786582949b83eea450824b30de211fe8a6da7f5e0,312510*****,N.H.N.,Nam,Toán tài chính,toan tai chinh,25,restricted,False,True,student_identity,token_v1,privacy_v1
stu_653d6e2219d0c2b7,83acfdadb48e31ce965e953b0151e623eb9a1296d73df92b4a23d74b56bbd5b6,312410*****,H.T.H.,Nữ,Toán tài chính,toan tai chinh,24,restricted,False,True,student_identity,token_v1,privacy_v1
stu_ba155a8934aee9a5,e2fc56562d30c2082845061d7917eede3b5361c8ad0990ed04ae93ecc27b6a03,312310*****,M.H.N.,Nam,Thị trường chứng khoán,thi truong chung khoan,23,restricted,False,True,student_identity,token_v1,privacy_v1
stu_46627281ef093aa1,50f9918e27ce6709eb7a01965c2cbfb261723c9b84940ff84eb582fc47a3c93b,312410*****,Đ.Đ.V.,Nam,Kinh doanh thương mại,kinh doanh thuong mai,24,restricted,False,True,student_identity,token_v1,privacy_v1
stu_652f38d640b7e1e7,da05bc1c8435df0fb90bc5e6fc4d0aaa7f7d11b79beaaae44b33f12c7c825654,312510*****,L.T.D.,Nữ,Khoa học dữ liệu,khoa hoc du lieu,25,restricted,False,True,student_identity,token_v1,privacy_v1
stu_635064d9ea2933e7,92763d7c773d3f61389ae34d07651738df821a0ab1b9f6aacbfe2fdcb3767add,312410*****,T.T.L.,Nữ,Logistics và Quản lý chuỗi cung ứng,logistics va quan ly chuoi cung ung,24,restricted,False,True,student_identity,token_v1,privacy_v1
stu_233b0554af4911a2,2e9a89cb5790cc47260f991363c463d7689a8e3505a8513f776241956aac72a8,312410*****,T.T.U.,Nữ,Công nghệ nghệ thuật - ArtTech,cong nghe nghe thuat arttech,24,restricted,False,True,student_identity,token_v1,privacy_v1
stu_9e6c8bd33ccb320d,198568cbb2836e42d76c157b866a8c8bcf08582b37bbd2bc3222d66352044389,312310*****,V.T.D.,Nữ,Bất động sản,bat dong san,23,restricted,False,True,student_identity,token_v1,privacy_v1
stu_1678fba27208ef27,dfbc576b5dacf82a6734f11a3caec6d8d4b95b6ddc20a571f540c4eaf9a45f26,312510*****,H.T.A.,Nam,Kiểm toán,kiem toan,25,restricted,False,True,student_identity,token_v1,privacy_v1
stu_27d76e4b1ec5471c,96c2d7d562bf9fb9b0bc2c7d875f48a32ad071d4b1fa911f4f07d74360f68329,312510*****,L.K.L.,Nữ,Kế toán công,ke toan cong,25,restricted,False,True,student_identity,token_v1,privacy_v1
stu_8b367b9b34ae7825,d4eb77223083934b0c6491e112dca049bafb59712f470d3b1a419a3ff195b549,312510*****,H.N.D.,Nữ,Khoa học dữ liệu,khoa hoc du lieu,25,restricted,False,True,student_identity,token_v1,privacy_v1
stu_c85c11c815f93e26,fc3836ce42f4b7ea18611524bcf11fbc05d93a24134151a5aa5c0ca212224d6d,312510*****,P.Đ.M.,Nam,Tài chính,tai chinh,25,restricted,False,True,student_identity,token_v1,privacy_v1
stu_24c517b4b1106d22,99ba41a71c2acf2a85883da8298a56ebc47631a7020e31de4d57e1634c231fb5,312410*****,B.T.N.,Nữ,Công nghệ Marketing,cong nghe marketing,24,restricted,False,True,student_identity,token_v1,privacy_v1
stu_4735a13262f6931b,e15c17de4a930890ae9d109a6a78b7c18d60f784f479e50aec06eb0a7f2303db,312410*****,L.P.T.,Nữ,Ngân hàng,ngan hang,24,restricted,False,True,student_identity,token_v1,privacy_v1
stu_656ff9c6833089e7,5d6e41f6fe15d979fa42ac9cc67c6a9aa3792e37c87a56c72a573ed102b89578,312510*****,L.L.N.,Nữ,Hệ thống thông tin kinh doanh,he thong thong tin kinh doanh,25,restricted,False,True,student_identity,token_v1,privacy_v1
stu_bec3e31eae9fb27a,0db61615389d5172e9fb3fc658107767faf1608bf9e785e6c3dcb80287b88311,312510*****,V.M.T.,Nam,Khoa học dữ liệu,khoa hoc du lieu,25,restricted,False,True,student_identity,token_v1,privacy_v1
stu_a44cce7a3dc9003f,5865efaecc47a65e74e56b9aa5081ad7abff0871dc86645801aac90a8388e9c0,312510*****,Đ.T.D.,Nữ,Đầu tư tài chính,dau tu tai chinh,25,restricted,False,True,student_identity,token_v1,privacy_v1
stu_48b6c2f92217396d,137922940269593c75770c8cee8af4d35f59d36e7d9138cbcd579bf665f3f59e,312410*****,V.T.H.,Nữ,An toàn thông tin,an toan thong tin,24,restricted,False,True,student_identity,token_v1,privacy_v1
stu_11cf5ceeb829c586,9133ecf77caaecb4b6446628657352d0920970680ee10fc14ab93b54ad901bf3,312310*****,L.H.U.,Nữ,Công nghệ nghệ thuật - ArtTech,cong nghe nghe thuat arttech,23,restricted,False,True,student_identity,token_v1,privacy_v1
stu_277d5ecec0ef61c3,acb09783f4a69d1f28eeffa21b3b845f0074d38247d2d38f802fea4ce81b0411,312310*****,Đ.H.C.,Nam,Luật kinh doanh quốc tế,luat kinh doanh quoc te,23,restricted,False,True,student_identity,token_v1,privacy_v1
stu_6e76702fa5f35359,ec84d641611c00e8f7182135fcc0c4ffce83caa304b3a4ca09898f48d653ed30,312410*****,N.P.D.,Nữ,Kinh doanh quốc tế,kinh doanh quoc te,24,restricted,False,True,student_identity,token_v1,privacy_v1
stu_0f1430316fce4a10,37d8f0a81625185c05df43a954b96ef1951f3401ad23fd0c9032b5381ad4ce66,312310*****,H.M.H.,Nam,Kỹ sư Robot và Trí tuệ nhân tạo,ky su robot va tri tue nhan tao,23,restricted,False,True,student_identity,token_v1,privacy_v1
stu_9fb5a2075477ae56,fbc079ada6468ec34742e5418bd0daa284fae600e8ebd6d9f06f09a7d2f57601,312410*****,H.T.L.,Nữ,Kiểm toán,kiem toan,24,restricted,False,True,student_identity,token_v1,privacy_v1
stu_e3b629809cd64045,2ee45a7e542fca8f0b8caa76377b666623a245668b7c2f6116cc5276f253016a,312410*****,L.T.Q.,Nữ,Marketing,marketing,24,restricted,False,True,student_identity,token_v1,privacy_v1
stu_8ad2b603b2d03997,9fbdaa7dde6d8ede0bfe71c7de7c101ccd484f115d4bda99852fef571564fe1c,312310*****,M.L.L.,Nữ,Khoa học máy tính,khoa hoc may tinh,23,restricted,False,True,student_identity,token_v1,privacy_v1
stu_a3a2305fe90af5de,37db4af082ffd75bf1e53b876f4c6d48422677f18f76b82254ad83c9d8c55397,312310*****,N.P.P.,Nữ,Quản lý công,quan ly cong,23,restricted,False,True,student_identity,token_v1,privacy_v1
stu_8602cb2e0dadce9b,ffd16247fd18ae4edb0efbe788450af1f18e81802777f15336ffb1dab2b163c8,312410*****,N.L.H.,Nữ,Kinh tế đầu tư,kinh te dau tu,24,restricted,False,True,student_identity,token_v1,privacy_v1
stu_089cd0e5d86006be,31fc1bb6ae4a8608a1c2b62afb750ddcda5598c897beed7ea2ef2697f95ff88c,312410*****,L.T.K.,Nam,Kinh doanh nông nghiệp,kinh doanh nong nghiep,24,restricted,False,True,student_identity,token_v1,privacy_v1
stu_335297b89a34b57e,e5ca79db339fcbe59f151cb15a91579b73c5c5addb6b58df937d332a5bc8ea9c,312410*****,T.B.P.,Nữ,Logistics và Quản lý chuỗi cung ứng,logistics va quan ly chuoi cung ung,24,restricted,False,True,student_identity,token_v1,privacy_v1
stu_15781dcafd4dcc5e,1cfded3364720694806136a22865c5a7c3009aff3df43e93b00ad4228426e414,312410*****,P.L.L.,Nữ,Kinh tế đầu tư,kinh te dau tu,24,restricted,False,True,student_identity,token_v1,privacy_v1
stu_3f9216d2884cdba0,aae16ad799ec700e8eefada354d90bd642deadf4563dd72eaefbb5af7e4ad8ea,312310*****,D.Q.V.,Nam,Toán tài chính,toan tai chinh,23,restricted,False,True,student_identity,token_v1,privacy_v1
stu_04970aac396d0ae0,d66d8921cc331fd84af2e5d27c45d118b01c256279da8675e162c56028bc4137,312510*****,L.N.N.,Nữ,Kiến trúc và thiết kế đô thị thông minh,kien truc va thiet ke do thi thong minh,25,restricted,False,True,student_identity,token_v1,privacy_v1
stu_9839e96c5dcf142b,dab0807fcce1e9e4dcb4b3fafc95a629fd1079e4788ff74e3e0d6096050ea4f4,312410*****,N.Đ.C.,Nam,Khoa học dữ liệu,khoa hoc du lieu,24,restricted,False,True,student_identity,token_v1,privacy_v1
stu_6624e77f3e29035b,31428eb6f0ad76130e8770e44ede31437904b8674911fd264ec5bf449b814133,312510*****,L.H.T.,Nữ,Ngân hàng,ngan hang,25,restricted,False,True,student_identity,token_v1,privacy_v1
stu_7e7f064fcac25c78,7c8147b6a442c4362149a0d902a40c50d8b6f6466e4880b5c7feba0895994a55,312310*****,P.Q.S.,Nam,Toán tài chính,toan tai chinh,23,restricted,False,True,student_identity,token_v1,privacy_v1
stu_d303c4af0ca319fb,d6cf238eda9dd0499642ce644813a2979097dda836fdfe5788b9bd9310c011a0,312510*****,T.Đ.Q.,Nam,Hệ thống hoạch định nguồn lực doanh nghiệp,he thong hoach dinh nguon luc doanh nghiep,25,restricted,False,True,student_identity,token_v1,privacy_v1
stu_aa509693a6913232,f9732fe4ae0a4a27b086e9d95b89fab796824f277283777b5ebd3a2eccf7b291,312310*****,V.Q.H.,Nam,Marketing,marketing,23,restricted,False,True,student_identity,token_v1,privacy_v1
stu_df6928a5d8108f5f,0930e21aa20076ecc15caa4668ac756a78f57638699fd6c43479d62eeccd932f,312510*****,D.T.T.,Nam,Thị trường chứng khoán,thi truong chung khoan,25,restricted,False,True,student_identity,token_v1,privacy_v1
stu_4caa547a35170722,8de19060131cbaad2c9f950337ad856f0e0aeae8ff07b3f2c5b8ccb3b791308c,312510*****,Đ.V.Đ.,Nam,Quản lý công,quan ly cong,25,restricted,False,True,student_identity,token_v1,privacy_v1
stu_677b96bbdd30b075,abed5e654fbc97e210d989663b5cbdd290046db525f55ae95bf3a56a3207bb48,312410*****,P.M.S.,Nam,Công nghệ Tài chính,cong nghe tai chinh,24,restricted,False,True,student_identity,token_v1,privacy_v1
stu_93938085b400f197,a2711a6747106434b799e850fb175bf9db193799725d5be3bb1637431a912545,312410*****,Đ.A.S.,Nam,Kinh doanh nông nghiệp,kinh doanh nong nghiep,24,restricted,False,True,student_identity,token_v1,privacy_v1
stu_d26de74bb3f67425,023fee26c9a0c15e4af312562c8430174154b958929cebd277bfcd38028d0a92,312310*****,B.T.N.,Nữ,Quản trị kinh doanh,quan tri kinh doanh,23,restricted,False,True,student_identity,token_v1,privacy_v1
stu_6d9dfa0e61278f4c,674996b58ce28c6abe421d3bd92b1d8a30980d34dd0c1276a1d67403db85e1b7,312510*****,B.H.K.,Nam,Bất động sản,bat dong san,25,restricted,False,True,student_identity,token_v1,privacy_v1
stu_13697fb2273186a1,5198c36a006705972b28f95e6c06884d3a8f0170f98a840ef2ef47795f07d32d,312510*****,B.H.T.,Nam,Khoa học dữ liệu,khoa hoc du lieu,25,restricted,False,True,student_identity,token_v1,privacy_v1
stu_62ff6495ee196b12,61acafd4fa6ded9dc448ef319a6f5ca7087812dcb4023b77adbf2eaf7d861474,312310*****,H.Đ.T.,Nam,Quản lý công,quan ly cong,23,restricted,False,True,student_identity,token_v1,privacy_v1
stu_70bf1acf7dd12316,0b44ba156d2ac3026348b22f039091393e0eedad3c7c168df2e412fd85d3056d,312510*****,D.G.T.,Nam,Bảo hiểm,bao hiem,25,restricted,False,True,student_identity,token_v1,privacy_v1
stu_9be8d89c86a700c4,ad1e258b540ed45d4a416f1e18431f3851a0cf923baa6ed74981d30f3872d913,312310*****,P.T.C.,Nam,Kinh tế đầu tư,kinh te dau tu,23,restricted,False,True,student_identity,token_v1,privacy_v1
stu_f3b6235fbd9cd819,97faca2c165085b5df53469d9407c7971a7944cf39f7dac64bf2c2b989f38ac8,312510*****,B.B.T.,Nữ,Công nghệ Tài chính,cong nghe tai chinh,25,restricted,False,True,student_identity,token_v1,privacy_v1
stu_8c7b8b909c7f27a4,3da78b8499f344fe82486938fb38d89ed62d5a80655708945fe3f8eb3315c83c,312410*****,Đ.T.Ý.,Nữ,Công nghệ thông tin,cong nghe thong tin,24,restricted,False,True,student_identity,token_v1,privacy_v1
stu_dc99184f050b1807,4ba8ff6ddba62b098b7b76a367e58bb1c1f1953ee5d21d675d1802352ddce713,312510*****,Đ.T.V.,Nam,Kinh tế đầu tư,kinh te dau tu,25,restricted,False,True,student_identity,token_v1,privacy_v1
stu_e06980d9bf91fdd6,75400e2e2000e6feaf61cbc95e45b71d47f55ffa627991fd039594a9a9b6e8a0,312510*****,M.L.D.,Nữ,Hệ thống thông tin kinh doanh,he thong thong tin kinh doanh,25,restricted,False,True,student_identity,token_v1,privacy_v1
stu_be34636b5d6799f5,bddf46338ecad540edae2c7ef586f24f9e9493ee31751283fe9a782098b667ce,312410*****,Đ.H.K.,Nam,Công nghệ và đổi mới sáng tạo,cong nghe va doi moi sang tao,24,restricted,False,True,student_identity,token_v1,privacy_v1
stu_8458aacde07b1c63,b2c561640b0ef41a214c9d2c45b176ddc7783986f526d129c34c121fa4a7b441,312510*****,N.L.H.,Nữ,Kinh tế,kinh te,25,restricted,False,True,student_identity,token_v1,privacy_v1
stu_3f9ccdf142b17221,10a6c0ec1d798656212874dd9f481f9d5ddeb41a322ecce54b12b6ce504e4043,312410*****,L.N.V.,Nữ,Kinh tế đầu tư,kinh te dau tu,24,restricted,False,True,student_identity,token_v1,privacy_v1
stu_ba4cf3509d98f5e8,47c2838dbc70d1700778e632a935a36dd56bfba7d310bc2e7deb67d4263c34e6,312410*****,H.T.V.,Nam,Hệ thống hoạch định nguồn lực doanh nghiệp,he thong hoach dinh nguon luc doanh nghiep,24,restricted,False,True,student_identity,token_v1,privacy_v1
stu_9358ad9b295995dd,f538b8d329ad29b922c58a06f209476ad2797776ffd6d39114e92376226616cd,312410*****,H.B.T.,Nữ,Công nghệ logistics tích hợp chứng chỉ FIATA,cong nghe logistics tich hop chung chi fiata,24,restricted,False,True,student_identity,token_v1,privacy_v1
stu_3bab7ece542a6669,cc970469ebe27d782423e91dc284cf9a0dee3baa8ad876e078058242e54865a4,312510*****,N.Á.T.,Nữ,Kỹ sư Robot và Trí tuệ nhân tạo,ky su robot va tri tue nhan tao,25,restricted,False,True,student_identity,token_v1,privacy_v1
stu_2fd6b5aa0a358a94,5187064f50f6e463f102cda7b3d54b959ab175c1f3f4364a5a46cfd0ec6800df,312410*****,T.V.M.,Nam,Ngân hàng,ngan hang,24,restricted,False,True,student_identity,token_v1,privacy_v1
stu_15af54ee16b2887f,92553107a443c9cf217062c6b6c4784c37240d75f5e837e6b9a52274d891eb12,312310*****,L.T.K.,Nam,Kiến trúc và thiết kế đô thị thông minh,kien truc va thiet ke do thi thong minh,23,restricted,False,True,student_identity,token_v1,privacy_v1
stu_0082f6f3f256c8f5,06323237f5d0d40308fa35a87421b47505d1906629480c1a22f455ab719719c4,312510*****,L.H.H.,Nữ,Quản lý công,quan ly cong,25,restricted,False,True,student_identity,token_v1,privacy_v1
stu_3de3a577d6233cbb,756ea56f77debe646869304b6cb87588cbe6cf620e31d0f32d2659038f608871,312410*****,L.T.T.,Nữ,Công nghệ thông tin,cong nghe thong tin,24,restricted,False,True,student_identity,token_v1,privacy_v1
stu_80e33821b6a048be,d76565e57234b2ed1bc24b8a12a239289684158b0710dd83b8f03a8e5593ff11,312310*****,V.T.B.,Nam,Toán tài chính,toan tai chinh,23,restricted,False,True,student_identity,token_v1,privacy_v1
stu_8b5540c9bfe73cb2,2a7053fb5e2bf804f7aa20c682a36a81e8097d37889b3fa5e1dbb67e87509a9b,312410*****,D.H.M.,Nam,Ngân hàng,ngan hang,24,restricted,False,True,student_identity,token_v1,privacy_v1
stu_45d983cfe131dd2b,0023738138eba6c2931252cab964cc2f04089ad0b598c53b1b5db4c249befc1e,312510*****,M.P.L.,Nữ,Kế toán công,ke toan cong,25,restricted,False,True,student_identity,token_v1,privacy_v1
stu_43f7c3af76d2d526,96d7a1f7c8fd96b37f7d5e185c3b732b032fbeeff86918bbccf5797bbd2cea77,312310*****,T.T.K.,Nam,Công nghệ và đổi mới sáng tạo,cong nghe va doi moi sang tao,23,restricted,False,True,student_identity,token_v1,privacy_v1
stu_88ea04dabaee815d,839f029f041dadf5d1fa526559711a0e32ba6f15e06710156bbf56c54b878dfe,312510*****,B.T.P.,Nam,Kiểm toán,kiem toan,25,restricted,False,True,student_identity,token_v1,privacy_v1
stu_e416e16ad251a339,efedb097bec32ada1813014c904a7e0a6f4111606bc049c410414efa5c15d8ed,312510*****,H.Đ.B.,Nam,Kiểm toán,kiem toan,25,restricted,False,True,student_identity,token_v1,privacy_v1
stu_6b4cb1b86e01d5c4,0cc99f15103be21ee722cab311b1f6e2e0d63da3e2857105300d066c766dd2e8,312510*****,V.M.Q.,Nam,Kiểm toán,kiem toan,25,restricted,False,True,student_identity,token_v1,privacy_v1
stu_b8a19f5720d6096a,40760f604a80bfb4e0dba233aaf890b1f41f62e499c53e86299f13c7d31c01d8,312510*****,H.L.N.,Nữ,Khoa học dữ liệu,khoa hoc du lieu,25,restricted,False,True,student_identity,token_v1,privacy_v1
stu_102f013117b2444b,12ca40ab086d26f46f122bf9c6c26ae56cb8a4f81235324ba53e5917bae77bea,312410*****,L.Đ.H.,Nam,Luật kinh doanh quốc tế,luat kinh doanh quoc te,24,restricted,False,True,student_identity,token_v1,privacy_v1
stu_3955db97417976d8,9b19ce50fd9a2dfc6d2733d2a3a69a3b2ae1fea712d26743b73c0e2650150f3d,312510*****,L.T.Y.,Nữ,Kiểm toán,kiem toan,25,restricted,False,True,student_identity,token_v1,privacy_v1
stu_a654ac37ef2964d0,5abd887d70f17d62bb0a572670ceb4eebb02440d3918088d5588228637f30cad,312510*****,Đ.T.V.,Nữ,An toàn thông tin,an toan thong tin,25,restricted,False,True,student_identity,token_v1,privacy_v1
stu_53f9ed2d6b49ecbf,11c8c5034cfd2cb9a5d4df3a8ea755b9c52fc12da2b6e54e9f3703cc0cfb9f8e,312310*****,L.T.Q.,Nam,Logistics và Quản lý chuỗi cung ứng,logistics va quan ly chuoi cung ung,23,restricted,False,True,student_identity,token_v1,privacy_v1
stu_ed5965984b5e2758,02bfb7a30a0c847268f94a2624a6b53767c8a2369c89e826311b6a2075dbd021,312410*****,T.A.Q.,Nam,Kiến trúc và thiết kế đô thị thông minh,kien truc va thiet ke do thi thong minh,24,restricted,False,True,student_identity,token_v1,privacy_v1
stu_ab26cc0d1562e93e,b6946eb2d8e23ba47ecd30c7ec1424d725723208dcb43a400214bb1c621d0275,312310*****,N.T.L.,Nữ,Công nghệ logistics tích hợp chứng chỉ FIATA,cong nghe logistics tich hop chung chi fiata,23,restricted,False,True,student_identity,token_v1,privacy_v1
stu_6c5e9f1f0f92f7b3,3c15e67225e3f3987c8107fe0a32d8cad4143284bd50830154e433c3013119dd,312410*****,P.N.N.,Nữ,Ngân hàng,ngan hang,24,restricted,False,True,student_identity,token_v1,privacy_v1
stu_5fef66bbeab28f38,e84f13ee4f580d7bad3db9026ebc31dd1a558e88193c05405d373a9dc7069031,312410*****,V.T.Q.,Nữ,Hệ thống hoạch định nguồn lực doanh nghiệp,he thong hoach dinh nguon luc doanh nghiep,24,restricted,False,True,student_identity,token_v1,privacy_v1
stu_2ccf0afddb9e0aad,8410d1cc0706641daf874889e3e1b1f9b349fe55a3d57f9d3d9476cdec6483ec,312310*****,V.P.D.,Nữ,Hệ thống hoạch định nguồn lực doanh nghiệp,he thong hoach dinh nguon luc doanh nghiep,23,restricted,False,True,student_identity,token_v1,privacy_v1
stu_22fa751311ad792a,ae18c7e1c32551f0b93f1aaf768af331090be8d9b9f46db4de8341308c4bf355,312310*****,L.N.Y.,Nữ,Công nghệ Tài chính,cong nghe tai chinh,23,restricted,False,True,student_identity,token_v1,privacy_v1
stu_72aa013012b0848b,ffed5878d365ec34b1fb66b9ea13959e07ec5730f3975443b2c12c6ce4012782,312510*****,N.T.P.,Nữ,Kế toán doanh nghiệp,ke toan doanh nghiep,25,restricted,False,True,student_identity,token_v1,privacy_v1
stu_5b0caf833b600b62,f80ba39b94446ed7ae13add7822e3ffe44ff315ec656ed571f7e67cf28dedf45,312410*****,L.H.M.,Nam,Công nghệ thông tin,cong nghe thong tin,24,restricted,False,True,student_identity,token_v1,privacy_v1
stu_082e0e59c7558075,8d8ec8e98cb11a82c641abe22ab2b554e4d521d44130b29ed30d6b137f492bb1,312310*****,P.T.S.,Nam,Kinh tế đầu tư,kinh te dau tu,23,restricted,False,True,student_identity,token_v1,privacy_v1
stu_0210c548016ada21,70006c6386c2bb00d7ae75aecac9dcf97605bf51da0f5d63f46ab72ec4835e46,312310*****,H.H.H.,Nam,Kinh doanh nông nghiệp,kinh doanh nong nghiep,23,restricted,False,True,student_identity,token_v1,privacy_v1
stu_3e2abaf30c06193a,8ade165ca7bc81ba72347acbd2b109d5800b75ffccfd7b9a7486e11dc67f8000,312510*****,D.T.L.,Nam,An toàn thông tin,an toan thong tin,25,restricted,False,True,student_identity,token_v1,privacy_v1
stu_00a2a78a63f2c162,86306b672ee8222879dbf80a90dc361c1124e741d83f4598424b84c7840447d5,312410*****,P.T.H.,Nữ,Đầu tư tài chính,dau tu tai chinh,24,restricted,False,True,student_identity,token_v1,privacy_v1
stu_861027881db742b5,f8de84acf5599a0dbe23298a7a8d772bb5b199f05133d7a72088c21df92e15b9,312310*****,Đ.P.P.,Nữ,Công nghệ và đổi mới sáng tạo,cong nghe va doi moi sang tao,23,restricted,False,True,student_identity,token_v1,privacy_v1
stu_0ee744cf79ae0811,876e9c66325e2f82b560baad1ceefb57408882fdf346b521dc5f757c9a985507,312310*****,V.H.T.,Nam,Công nghệ và đổi mới sáng tạo,cong nghe va doi moi sang tao,23,restricted,False,True,student_identity,token_v1,privacy_v1
stu_6fb9112154854310,05cbe25eb8b84ebf3f8f854af40b65c5c92099de2b8e7b854e9e3bdb4d2791a2,312510*****,P.H.Ý.,Nữ,Kiến trúc và thiết kế đô thị thông minh,kien truc va thiet ke do thi thong minh,25,restricted,False,True,student_identity,token_v1,privacy_v1
stu_cca9b2b8eb34fbd4,849ca41404f1deba9228bad7216c203e6d805f592d064a9250b9f88720a74f81,312310*****,Đ.T.M.,Nữ,Tài chính,tai chinh,23,restricted,False,True,student_identity,token_v1,privacy_v1
stu_2d8b01649223ee57,5f3bc8d39f99e9646983837e0c7e83a42dfc5b460ae6676d0605f75f3f47bb44,312410*****,L.G.C.,Nam,Quản trị Hải quan - Ngoại thương,quan tri hai quan ngoai thuong,24,restricted,False,True,student_identity,token_v1,privacy_v1
stu_8d8c7e17f347c4e1,af5da1986b1baa21f5d16abee2c64bad4c5197794b804cdd9ebeb495c6fe9227,312310*****,H.P.Y.,Nữ,Thị trường chứng khoán,thi truong chung khoan,23,restricted,False,True,student_identity,token_v1,privacy_v1
stu_089a6c92ade24d57,acc4a37cb4541f894977c5f4065f0a8814f152d19f74a1156f6347a33e58f2cb,312410*****,L.H.A.,Nam,Luật kinh doanh quốc tế,luat kinh doanh quoc te,24,restricted,False,True,student_identity,token_v1,privacy_v1
stu_6b8db559c9dd0036,c2c84d468a6e30f9f395db4edcf06d4f3f1467171b7c5af218061c9312b8148a,312310*****,T.V.T.,Nam,Công nghệ Marketing,cong nghe marketing,23,restricted,False,True,student_identity,token_v1,privacy_v1
stu_1e22bf6498dc6a29,2216a1921f21bdc57fce58509326bb2dab2952fbb948e5a86aa6e770658f07fe,312410*****,N.P.D.,Nữ,Tài chính,tai chinh,24,restricted,False,True,student_identity,token_v1,privacy_v1
stu_f9724e21f5ebee71,c780899e622cd153dd7d995e8b1df8f6a28d85baff08db06fa653add6498cfde,312510*****,V.H.P.,Nam,Toán tài chính,toan tai chinh,25,restricted,False,True,student_identity,token_v1,privacy_v1
stu_7e9977966de306cd,9eeb5bb2ab3bb2b8f4feb795563ed4f3e04c4a4e9df962dae835353a59a4934c,312510*****,L.T.T.,Nam,Công nghệ nghệ thuật - ArtTech,cong nghe nghe thuat arttech,25,restricted,False,True,student_identity,token_v1,privacy_v1
stu_8dbe8014421e2072,c87e1437b0c042b8df7193a632c289adc18660e6922a63efea78cc5bd778844d,312410*****,V.T.M.,Nữ,Công nghệ Marketing,cong nghe marketing,24,restricted,False,True,student_identity,token_v1,privacy_v1
stu_6ba6b1a68f6f3a88,aa86085adf9c67db97b3ead9f495475f7a8a41f6d10933a5a17c03eab5154ab6,312410*****,M.L.C.,Nữ,Công nghệ nghệ thuật - ArtTech,cong nghe nghe thuat arttech,24,restricted,False,True,student_identity,token_v1,privacy_v1
stu_0574859aea5adc8f,7d03619c11120050d79b3fe761cd9202b90fc3b11fb934718306b45ef8eb7344,312510*****,P.V.H.,Nam,Kinh doanh nông nghiệp,kinh doanh nong nghiep,25,restricted,False,True,student_identity,token_v1,privacy_v1
stu_2f2678fb3f3b8f7c,5a225822f3f625c6fc80400a87e57f892fac0ee6bb2c74f4b63b394bd90c8dc8,312310*****,Đ.H.N.,Nữ,An toàn thông tin,an toan thong tin,23,restricted,False,True,student_identity,token_v1,privacy_v1
stu_3b68c15b261343ca,8ab6d554a5eedbb2f40eaa1ca7f26a0addb4110d3721cdd31ee7137338447f37,312410*****,P.T.P.,Nữ,Hệ thống hoạch định nguồn lực doanh nghiệp,he thong hoach dinh nguon luc doanh nghiep,24,restricted,False,True,student_identity,token_v1,privacy_v1
stu_f8e54938af35f6e7,e41b750b247179106f5722e1f81e0f16005fed06556d274d162f08955dfab311,312410*****,V.G.C.,Nam,Marketing,marketing,24,restricted,False,True,student_identity,token_v1,privacy_v1
stu_98569f7eceebfe39,edf758258f3223a2a31d6b2c795d6c10a21b035c9b934f08f00df6dfe7f54dae,312410*****,T.Á.Y.,Nữ,Quản trị Hải quan - Ngoại thương,quan tri hai quan ngoai thuong,24,restricted,False,True,student_identity,token_v1,privacy_v1
stu_030af84750294ef7,cbcb1933ab9765886ceb1dbf9b650017920f2ac1414bdc9f14c56f8bf1519305,312410*****,P.L.H.,Nữ,Hệ thống hoạch định nguồn lực doanh nghiệp,he thong hoach dinh nguon luc doanh nghiep,24,restricted,False,True,student_identity,token_v1,privacy_v1
stu_c75d89599b4019a7,299f4d0f94f1933d6f8c1db427830f5c7a7a4d6b5a6382f365f9de07b557f11b,312510*****,T.V.M.,Nam,Kế toán doanh nghiệp,ke toan doanh nghiep,25,restricted,False,True,student_identity,token_v1,privacy_v1
stu_58fa3394bcca0a91,ffdfe31c216a15c17368a38d0fb7861b772a33d2bfc844eff4dd27a454db1ff2,312410*****,H.N.C.,Nữ,Bất động sản,bat dong san,24,restricted,False,True,student_identity,token_v1,privacy_v1
stu_c0fcf6f67554a043,3b3367619580c4a2ed0598ebe11e773c5c1fc4bdc9e45bd8c6104ede300d0266,312510*****,V.T.M.,Nữ,Kỹ sư Robot và Trí tuệ nhân tạo,ky su robot va tri tue nhan tao,25,restricted,False,True,student_identity,token_v1,privacy_v1
stu_8761c59ee55c8213,fa2d00b76f9b39ce660b05f8ce7191d7c2556cd0443462986d0efb0407eeed8d,312510*****,L.L.Q.,Nữ,Luật kinh doanh quốc tế,luat kinh doanh quoc te,25,restricted,False,True,student_identity,token_v1,privacy_v1
stu_53326ff73dbce0e6,693661133565d20df527be046c0e407625a28439aa9c997f45c77f1b5fa371fe,312510*****,H.Q.H.,Nam,Công nghệ thông tin,cong nghe thong tin,25,restricted,False,True,student_identity,token_v1,privacy_v1
stu_22a6f19a54913b96,c7993a39d33dc34310a6cc2f4547bed9e79f5e2e2c826b0ec16619a15e312891,312410*****,Đ.K.P.,Nữ,Bất động sản,bat dong san,24,restricted,False,True,student_identity,token_v1,privacy_v1
stu_b871d53047f1a2aa,a5c3026452dc794460a410e19d63f26d6003392ee51cfadfd2747c568b00ff3b,312510*****,Đ.Q.P.,Nam,Công nghệ nghệ thuật - ArtTech,cong nghe nghe thuat arttech,25,restricted,False,True,student_identity,token_v1,privacy_v1
stu_3be216d581dafaa2,72b0895307b2810a602910b30216a005c7e70dd3c75227b2eba029871b8fc036,312510*****,D.T.N.,Nam,Kinh doanh nông nghiệp,kinh doanh nong nghiep,25,restricted,False,True,student_identity,token_v1,privacy_v1
stu_7a4b944ba24c65aa,5e1e9479d956d7f7dc0dd67a45273e227a2c5f15f6172464edc33325d89566c6,312310*****,H.V.T.,Nam,Quản trị Hải quan - Ngoại thương,quan tri hai quan ngoai thuong,23,restricted,False,True,student_identity,token_v1,privacy_v1
stu_81a20ec0618a4459,3b7b964b0141f530f75725f098172e0250fbf137281098368b09b330587934a7,312310*****,N.T.A.,Nữ,Bảo hiểm,bao hiem,23,restricted,False,True,student_identity,token_v1,privacy_v1
stu_500e8bb0a665df8e,f4f5ff4be4562bffe7c609c68c8d36912d84588a595f5946bcfa7e30cd074fa4,312510*****,P.B.U.,Nữ,Kinh tế đầu tư,kinh te dau tu,25,restricted,False,True,student_identity,token_v1,privacy_v1
stu_5422eda068d5ee00,cea22de67656698836aef3e68e15914b1ed352184b2880403e72d17fadaf069c,312410*****,H.T.C.,Nam,Khoa học dữ liệu,khoa hoc du lieu,24,restricted,False,True,student_identity,token_v1,privacy_v1
stu_86d44a5cfe0bb8e0,c6e092102ebd0ea512da18529e36bc33c561d09d25ebeb9fee7c10aa1863a103,312310*****,Đ.Á.D.,Nữ,Bất động sản,bat dong san,23,restricted,False,True,student_identity,token_v1,privacy_v1
stu_df1e1e1db62bac6e,9b46918b6fe11270093c1ebeb778a3e383c1959a6c77cc0bc49d7a277021bf77,312510*****,L.L.Y.,Nữ,Công nghệ Tài chính,cong nghe tai chinh,25,restricted,False,True,student_identity,token_v1,privacy_v1
stu_d7c675be5b356af2,cf6b0fcddcdfc088168bcf81935591334fe2adb74b95ded96aa683df72530c27,312410*****,V.T.N.,Nam,Công nghệ logistics tích hợp chứng chỉ FIATA,cong nghe logistics tich hop chung chi fiata,24,restricted,False,True,student_identity,token_v1,privacy_v1
stu_8922ae125744a76c,2c8d586b7c193e9628b3e09cc207baf2c79b0261e882490ea4b59652cf9f3764,312410*****,B.Á.N.,Nữ,Kinh doanh quốc tế,kinh doanh quoc te,24,restricted,False,True,student_identity,token_v1,privacy_v1
stu_d6e6c8cf155d5f64,cf5395c346afda31b156b7fe7ee6e425a21f1d265b4297e4a01bc076bb71dcba,312310*****,T.H.H.,Nam,Kế toán doanh nghiệp,ke toan doanh nghiep,23,restricted,False,True,student_identity,token_v1,privacy_v1
stu_2386230909df6044,4eee17c4d53387a4476e22b1e83fdcaa9cfebb467e95e93bc33f0315780b07b7,312310*****,B.P.H.,Nữ,Công nghệ Tài chính,cong nghe tai chinh,23,restricted,False,True,student_identity,token_v1,privacy_v1
stu_d1cb0bcebd2f2c3f,ff2e87f7526225409bc83c2e92a79b9a8659b5181eff663963855b153eb64964,312410*****,Đ.Á.N.,Nữ,Toán tài chính,toan tai chinh,24,restricted,False,True,student_identity,token_v1,privacy_v1
stu_33d5b66238ead23c,2ca591bbf7b1f1dccbe7a3d45fa113a5e52d04b072fa9323992845e16d0fe8e2,312310*****,M.T.L.,Nữ,Công nghệ thông tin,cong nghe thong tin,23,restricted,False,True,student_identity,token_v1,privacy_v1
stu_e6849528d5615dc4,6e5bb2dd1a320b511c8286043dfa5fa1cae6242f4269959ee4e6f6d6b2af0d52,312310*****,Đ.Đ.H.,Nam,Kinh doanh quốc tế,kinh doanh quoc te,23,restricted,False,True,student_identity,token_v1,privacy_v1
stu_5ed2a6111d4b2cd3,915c8a74af8633d2c6438003bedd0da9263397b87d8615e3169665770b905f38,312510*****,H.T.T.,Nữ,Công nghệ logistics tích hợp chứng chỉ FIATA,cong nghe logistics tich hop chung chi fiata,25,restricted,False,True,student_identity,token_v1,privacy_v1
stu_ce9008c61029ed22,67045eb74ffc5555889b13e7f1c94bae4fe6bd9f7a5bf2c57ce0c29b0c8722cb,312510*****,P.A.D.,Nam,Ngân hàng,ngan hang,25,restricted,False,True,student_identity,token_v1,privacy_v1
stu_b4c29f1825e57f0c,8097d54f69b4453bcef857ac7711ae4b1808b377158b2bab91126bb730723a15,312310*****,V.M.L.,Nam,Công nghệ và đổi mới sáng tạo,cong nghe va doi moi sang tao,23,restricted,False,True,student_identity,token_v1,privacy_v1
stu_2c6fd00797b953ed,cae31d8c88539426c632d77ccc2e88b5766b155c7cb03f58783c3b8f38afb100,312410*****,T.G.N.,Nam,Logistics và Quản lý chuỗi cung ứng,logistics va quan ly chuoi cung ung,24,restricted,False,True,student_identity,token_v1,privacy_v1
stu_09792e032bf65761,3d45584ae88dd41ae94ee7120f241d989748537be92868a71358ab1382cf3333,312310*****,D.M.C.,Nam,Công nghệ Marketing,cong nghe marketing,23,restricted,False,True,student_identity,token_v1,privacy_v1
stu_bbd7daf4e1348958,d0fb8f7160345bc38afec4659c54785900f0468a19afc4f3e12fc6fb86394ea8,312310*****,T.N.Y.,Nữ,Kinh doanh số,kinh doanh so,23,restricted,False,True,student_identity,token_v1,privacy_v1
stu_e9253fd15a59531e,da38c2026c2d6e7c512788d3004bedc972122e37454bcf30af3c4f3ee9d7dfc4,312510*****,N.P.T.,Nữ,Marketing,marketing,25,restricted,False,True,student_identity,token_v1,privacy_v1
stu_a76ccbe453c9c0b8,8d6fed9f7c7f42a1048ae0fbe2b6ae2535aed9a9dc48e38a293dd59e15769799,312410*****,V.T.V.,Nam,Hệ thống thông tin kinh doanh,he thong thong tin kinh doanh,24,restricted,False,True,student_identity,token_v1,privacy_v1
stu_46f3759ef85338b7,6adf777c82abe6fc3734f2a350af76be93170b5ed70564e1c835b5be72e7566f,312310*****,Đ.A.T.,Nam,Đầu tư tài chính,dau tu tai chinh,23,restricted,False,True,student_identity,token_v1,privacy_v1
stu_4f50a93b8ef5e1a0,51919c5fc19ceb7afb103116daceceb76f7cf4e6c20b6f4925b786a7584e5070,312410*****,V.Đ.H.,Nam,Kỹ sư Robot và Trí tuệ nhân tạo,ky su robot va tri tue nhan tao,24,restricted,False,True,student_identity,token_v1,privacy_v1
stu_0412076082c1e83a,3b650c59ba6c5052447cbbc31ae4d9b37011a7007df9daaa0bb1c408583cb384,312310*****,L.V.T.,Nam,Luật kinh doanh quốc tế,luat kinh doanh quoc te,23,restricted,False,True,student_identity,token_v1,privacy_v1
stu_4dee2eed8e1a0fb9,7847927ed1d1a17bb642045af4934da2db349b6d6805a86c3b4c026b33b56cd9,312410*****,Đ.L.U.,Nữ,Kinh doanh thương mại,kinh doanh thuong mai,24,restricted,False,True,student_identity,token_v1,privacy_v1
stu_2425ea448d36da22,678e9d2f6a02855597b45a24ea3ec97daab876c68b6311af0f37dd7aa8d0045b,312410*****,N.T.T.,Nam,Kinh doanh quốc tế,kinh doanh quoc te,24,restricted,False,True,student_identity,token_v1,privacy_v1
stu_62afb09013b2dd16,a58d310898fac47202a8ae0ea80bc24c834328ebb01ba798120e02907209beb3,312310*****,L.H.S.,Nam,Kế toán doanh nghiệp,ke toan doanh nghiep,23,restricted,False,True,student_identity,token_v1,privacy_v1
stu_80684c137a8620b5,f1731432bb08d64bc68faa152c220936203a37e222640f69524baa596d5101de,312310*****,V.T.K.,Nam,Kế toán doanh nghiệp,ke toan doanh nghiep,23,restricted,False,True,student_identity,token_v1,privacy_v1
stu_864972603a2a49b0,96b630a13dc61b52fa2715aeea647d77d4c7793ba83f00c454227a05bc6b23a4,312310*****,Đ.N.L.,Nữ,Công nghệ logistics tích hợp chứng chỉ FIATA,cong nghe logistics tich hop chung chi fiata,23,restricted,False,True,student_identity,token_v1,privacy_v1
stu_be752ce73c06f120,dc7cc6c7101a8abcc0dace735055f25f16adbdae510afcedc62e64d59d3d82d3,312510*****,T.T.Q.,Nữ,Khoa học dữ liệu,khoa hoc du lieu,25,restricted,False,True,student_identity,token_v1,privacy_v1
stu_7fa024bdc56f662e,ce38c9e99d6eee898e0e3ea7ceda931436897b1f4dde7194e19d6eca5c2e1efc,312510*****,L.K.L.,Nữ,Đầu tư tài chính,dau tu tai chinh,25,restricted,False,True,student_identity,token_v1,privacy_v1
stu_344d08c871860d6d,64765c856e1e14af7a3e1b32ba6870707715622349b3691ee4dd50d471881137,312310*****,V.G.M.,Nam,Quản trị Hải quan - Ngoại thương,quan tri hai quan ngoai thuong,23,restricted,False,True,student_identity,token_v1,privacy_v1
stu_14e44e397363e5c6,2dd6e8d2caba42b3aaa6667fc863ce861b3e48d9b8d7f2007108c904176d2b25,312510*****,B.G.L.,Nam,Bảo hiểm,bao hiem,25,restricted,False,True,student_identity,token_v1,privacy_v1
stu_b40bee8f8413f30c,8aa38c6843030610ce6b15679795c1d92531ced4a3f9ea5ab3a98eee34f4fd87,312410*****,B.V.A.,Nam,Công nghệ và đổi mới sáng tạo,cong nghe va doi moi sang tao,24,restricted,False,True,student_identity,token_v1,privacy_v1
stu_e8112335cc319b1c,d27d8dea0149eecefb9263616088d05cdc8eb6f97b92b59cdf80b4928da1f580,312510*****,P.H.S.,Nam,Đầu tư tài chính,dau tu tai chinh,25,restricted,False,True,student_identity,token_v1,privacy_v1
stu_bd52af45fa6d96fa,b37dc66ba274e1a852deb7f373d39219c9a3b6b078c5c8105073bbfc7b83eb49,312410*****,T.T.P.,Nữ,Công nghệ Marketing,cong nghe marketing,24,restricted,False,True,student_identity,token_v1,privacy_v1
stu_7809167821c5513c,46e9d55d3115d2ba2cf2f0cd8383358cd4a29dbf5ab8d176413ed9fbf0b33685,312410*****,N.A.Q.,Nam,Kinh doanh nông nghiệp,kinh doanh nong nghiep,24,restricted,False,True,student_identity,token_v1,privacy_v1
stu_132b1b3ec7781903,2d7965c05c58e4befa4fc43a7115c58da6298c02b3ec9f0ed2bf3750004f3e73,312510*****,V.L.L.,Nữ,Hệ thống thông tin kinh doanh,he thong thong tin kinh doanh,25,restricted,False,True,student_identity,token_v1,privacy_v1
stu_70ea32aca9ecc9de,3deee60299626251bde04754ccd58c46ca4487f497a56d8624ad70db5dd27993,312410*****,H.N.A.,Nữ,Kinh tế đầu tư,kinh te dau tu,24,restricted,False,True,student_identity,token_v1,privacy_v1
stu_c0ec12001bf0632d,5cc7ce551addbbbd9e9cc2bb1245a6986b8d360300b1850d9553caccf01e5dc1,312510*****,M.B.Y.,Nữ,Logistics và Quản lý chuỗi cung ứng,logistics va quan ly chuoi cung ung,25,restricted,False,True,student_identity,token_v1,privacy_v1
stu_d482e123599a788a,cdc8c54a376a684b2fa2db67237977ba0670d1d2695ae46e90c84be1973464e3,312410*****,L.B.Q.,Nữ,Công nghệ Tài chính,cong nghe tai chinh,24,restricted,False,True,student_identity,token_v1,privacy_v1
stu_87d16d04d91b6645,083d78b0c1152ab12bfd0a55f878130b63b52010deabbf577f2d2dd27be5a5bc,312310*****,B.A.A.,Nam,Kinh doanh quốc tế,kinh doanh quoc te,23,restricted,False,True,student_identity,token_v1,privacy_v1
stu_82dea91d33a7c134,95c44b0c3a96d0e36f2eae158e8b03b64653310b58eab7c2cb02f7c86ae25207,312310*****,Đ.T.D.,Nam,Khoa học máy tính,khoa hoc may tinh,23,restricted,False,True,student_identity,token_v1,privacy_v1
stu_f081e5ec773de97b,6a1891e7a9a55fd48dd23f5087b1374e683df34b555da4bc13042a1915140108,312310*****,N.N.T.,Nữ,An toàn thông tin,an toan thong tin,23,restricted,False,True,student_identity,token_v1,privacy_v1
stu_bbc08c181508dc62,2acbb4e231c918b6283f4336a4a719204eecaa2bbc4ed6b6eae4ec81dd4a4cb3,312410*****,P.Á.Y.,Nữ,Quản trị Hải quan - Ngoại thương,quan tri hai quan ngoai thuong,24,restricted,False,True,student_identity,token_v1,privacy_v1
stu_d9d0d2bfc928a288,a7e0315ca5a0304f3403295832e8bcd8c48793c6b15222045565f76fab1b309e,312310*****,T.T.A.,Nam,Kế toán doanh nghiệp,ke toan doanh nghiep,23,restricted,False,True,student_identity,token_v1,privacy_v1
stu_7fd7ccbb4fdee502,a80fc433d2f0038e4dccc3bc27d7a03cb37ef016bf1edd42d2895d619189acaf,312410*****,B.M.T.,Nam,Kinh doanh quốc tế,kinh doanh quoc te,24,restricted,False,True,student_identity,token_v1,privacy_v1
stu_dfe52f76e750bcfc,32ba37e0342541a05954edcbbc9d7a01b77222b7b87533aa08f765fa6f060d6d,312510*****,B.G.T.,Nam,Hệ thống hoạch định nguồn lực doanh nghiệp,he thong hoach dinh nguon luc doanh nghiep,25,restricted,False,True,student_identity,token_v1,privacy_v1
stu_c63074ca2c9e6ff4,864dd96a3487dd25028b31f75751389cf52864c67ae1bb1d271e3347e6636b76,312510*****,H.L.T.,Nữ,Quản trị kinh doanh,quan tri kinh doanh,25,restricted,False,True,student_identity,token_v1,privacy_v1
stu_3626f5b5fc35986d,24cb703b4d3b1fa1890caf776c364c92b6a203851b54b0ff320ba87e7ee0e9d7,312310*****,P.B.T.,Nữ,Hệ thống hoạch định nguồn lực doanh nghiệp,he thong hoach dinh nguon luc doanh nghiep,23,restricted,False,True,student_identity,token_v1,privacy_v1
stu_87a6a3b167c85478,286d99b1aee3a192227aa8fa6b50218477bc199fd62520dae2f0f21e12dd9910,312510*****,Đ.K.M.,Nữ,Kỹ sư Robot và Trí tuệ nhân tạo,ky su robot va tri tue nhan tao,25,restricted,False,True,student_identity,token_v1,privacy_v1
stu_78a57814db23c595,da55c666a1257fd7a7b426570cc75328ec4bdd4bb6f3079cda36a79bbf1dbe63,312310*****,H.T.Q.,Nữ,Công nghệ Tài chính,cong nghe tai chinh,23,restricted,False,True,student_identity,token_v1,privacy_v1
stu_9e67d5e48eb5c2c7,9343c3dfe9542ef6c71a072a71513563e70fce0686c7626c31a27288093255c6,312410*****,M.Á.L.,Nữ,An toàn thông tin,an toan thong tin,24,restricted,False,True,student_identity,token_v1,privacy_v1
stu_0e34ddaa46c1cb29,959b5ffa67bfcd00519dd7c355b8149c5e2e5b569e586d8a861b35ef3787b9c1,312310*****,Đ.H.Đ.,Nam,Công nghệ Tài chính,cong nghe tai chinh,23,restricted,False,True,student_identity,token_v1,privacy_v1
stu_ae81810debc5e014,c51cd75cb9c757a21a6cbe257e50bcca6b8f79720cc2c8a1b379f9208588f0d8,312410*****,L.K.D.,Nữ,Công nghệ thông tin,cong nghe thong tin,24,restricted,False,True,student_identity,token_v1,privacy_v1
stu_7fe72c2ccc481878,de76fae4c54fc9f8216582ee284c7ef61de785b7f7cd60ebf80228d8f39d582f,312410*****,H.T.L.,Nữ,Toán tài chính,toan tai chinh,24,restricted,False,True,student_identity,token_v1,privacy_v1
stu_d278696d1b9ec8ed,0752af9b47387bce0dacb4b72670946a60ce33f1836f62dc311d2da22547d3d8,312310*****,D.K.M.,Nữ,Ngân hàng,ngan hang,23,restricted,False,True,student_identity,token_v1,privacy_v1
stu_7c87c92907d5c592,4ff9087a72195fd68e82ecd0c4fdd3858625ee27ce562d4db05f7166f61f6ebf,312510*****,P.H.S.,Nam,Kiểm toán,kiem toan,25,restricted,False,True,student_identity,token_v1,privacy_v1
stu_29d48dc489d363cd,5d82494020b4f3eb879d9c2e5074d345275919c00fb0cfebf4e0b38f840d93f8,312410*****,L.V.T.,Nam,Toán tài chính,toan tai chinh,24,restricted,False,True,student_identity,token_v1,privacy_v1
stu_b2bf6090355708c2,cd733b1eff78e65def4cc8eddb896c934bf0ca929e69ab32e5bd5fc25444bb73,312410*****,T.B.T.,Nữ,Thị trường chứng khoán,thi truong chung khoan,24,restricted,False,True,student_identity,token_v1,privacy_v1
stu_34b71cce1b3092ef,de38751833114732cd5a535f1daaa2a33495a59f12a47806c6781f5b4d1dbf75,312310*****,Đ.G.H.,Nam,Kinh doanh nông nghiệp,kinh doanh nong nghiep,23,restricted,False,True,student_identity,token_v1,privacy_v1
stu_638f6332cb5f184e,5d2a04129bb382ec1dc1b2be5cb141c2694f75186c9bf3096470d4c2ce78d8c4,312310*****,H.N.L.,Nữ,Đầu tư tài chính,dau tu tai chinh,23,restricted,False,True,student_identity,token_v1,privacy_v1
stu_fb5582e7f1e776f0,41e867aa1f8c1aa39fb92233ce88497f8654f38859ce6b364ef68c5318877fa6,312310*****,L.P.L.,Nữ,Hệ thống thông tin quản lý,he thong thong tin quan ly,23,restricted,False,True,student_identity,token_v1,privacy_v1
stu_df40fe047d7cbf94,a96984fa55e6c9ed752a547cb4595ca4e54a34e7dd9b73c5468d44c666c4c274,312510*****,L.T.T.,Nữ,Đầu tư tài chính,dau tu tai chinh,25,restricted,False,True,student_identity,token_v1,privacy_v1
stu_b62c1262ab6b69f2,ef9e27ce38d1355b85409b4e9a6528d7342315bf40aa5b26fd638e82e9b51d05,312410*****,V.H.T.,Nữ,Kỹ sư Robot và Trí tuệ nhân tạo,ky su robot va tri tue nhan tao,24,restricted,False,True,student_identity,token_v1,privacy_v1
stu_7b1953d2eb40d6c7,d098106d32403b94265822c4702c13875e524ac901e0ccd1a26aba94785e4cbe,312510*****,P.P.H.,Nữ,An toàn thông tin,an toan thong tin,25,restricted,False,True,student_identity,token_v1,privacy_v1
stu_c79ed253c32c9904,0af8fa3354c0745196a2b74079fcbe83019f59c714672e2f8f1b5c452a101b64,312510*****,P.G.D.,Nam,Đầu tư tài chính,dau tu tai chinh,25,restricted,False,True,student_identity,token_v1,privacy_v1
stu_a462f24969f8a84c,8f7584673fbb5bc84c39eb9e7c1a78ee08190384eccacf1376f50d5b064dd45a,312510*****,V.P.T.,Nữ,Kiến trúc và thiết kế đô thị thông minh,kien truc va thiet ke do thi thong minh,25,restricted,False,True,student_identity,token_v1,privacy_v1
stu_090f6c16a3f97a98,9f362f5b33838a00a1569f1f0d042b022c28c1c971153a7eb7e5629f87ddc407,312310*****,H.N.Ý.,Nữ,Quản trị kinh doanh,quan tri kinh doanh,23,restricted,False,True,student_identity,token_v1,privacy_v1
stu_700aa5132fbdb706,e3357be9290e979630aa8e9c1cf6ae75a9982a98b10ab2eeca41b7d7811d651d,312310*****,V.T.T.,Nữ,Logistics và Quản lý chuỗi cung ứng,logistics va quan ly chuoi cung ung,23,restricted,False,True,student_identity,token_v1,privacy_v1
stu_848b090aeeb90636,eab0a053fef69a0211f491247b8f2a241de63fd30074be6578fc02a5187b6bcb,312410*****,Đ.K.N.,Nữ,Kiểm toán,kiem toan,24,restricted,False,True,student_identity,token_v1,privacy_v1
stu_30149a9a47d10c61,f755b36d3451455bf10d93fee38008066e3be540398025eb6a84bd8031346a0c,312510*****,V.M.P.,Nam,Quản trị Hải quan - Ngoại thương,quan tri hai quan ngoai thuong,25,restricted,False,True,student_identity,token_v1,privacy_v1
stu_5d66ec9a125cac45,579f93fa41418a6a429c973272efc02847d2d102bf820795d477e7c9bd29ace4,312410*****,M.T.L.,Nữ,Ngân hàng,ngan hang,24,restricted,False,True,student_identity,token_v1,privacy_v1
stu_362f4837ab1d80d9,2c99fb5b2993e8975099becb90bbe79e7d5a7e3b56810cb5f5c533ecb3316d70,312310*****,Đ.T.C.,Nữ,Ngân hàng,ngan hang,23,restricted,False,True,student_identity,token_v1,privacy_v1
stu_a2f681d0a1cd2241,c8a9f0cc8c01d4539a15cb52fe3023b542b9c40b5827a790500a15a99e101123,312310*****,Đ.P.H.,Nữ,Tài chính,tai chinh,23,restricted,False,True,student_identity,token_v1,privacy_v1
stu_ff32219f85476113,b1f1e6b7d728868a3ad0e6460a4298fa0f35a7a46912f7b6f4dc7353d0830ab6,312510*****,P.Q.B.,Nam,Thị trường chứng khoán,thi truong chung khoan,25,restricted,False,True,student_identity,token_v1,privacy_v1
stu_c366f88894d087f4,fbe2ab37689537caddec49d29942b9b0eadfe5b32ee3f12b78323c516e1e46a8,312310*****,Đ.Q.N.,Nam,Khoa học dữ liệu,khoa hoc du lieu,23,restricted,False,True,student_identity,token_v1,privacy_v1
stu_d72fe651dafd3d71,73346ad35664da83b668e1c358f78147e2db0c2557e811af05a4ab5f590238d4,312410*****,P.T.M.,Nữ,Kinh tế,kinh te,24,restricted,False,True,student_identity,token_v1,privacy_v1
stu_2cd1b6b88647a38d,1819b6e5e47cee5140e54b560c0341e4e894adc48c36db069163c6fb322165fa,312410*****,H.Á.Y.,Nữ,Kinh tế,kinh te,24,restricted,False,True,student_identity,token_v1,privacy_v1
stu_07a3c69ac397f49f,0e07213d470d8a0caeb54eaa2665082e9e5ac81bff1b1ca84025b6402678d15f,312410*****,V.H.P.,Nam,Kỹ sư Robot và Trí tuệ nhân tạo,ky su robot va tri tue nhan tao,24,restricted,False,True,student_identity,token_v1,privacy_v1
stu_482eb4fcd0bf3a33,15f842e68edccb13095555947f72d01551f6c985186c41c9872c9e01500c2a28,312410*****,T.Q.M.,Nam,Bảo hiểm,bao hiem,24,restricted,False,True,student_identity,token_v1,privacy_v1
stu_270042f44bb09bb7,f5228a2ca505ec5137bf06068de388e403ed5137260e1659c1530ae713ba26c6,312510*****,N.H.A.,Nữ,Kế toán doanh nghiệp,ke toan doanh nghiep,25,restricted,False,True,student_identity,token_v1,privacy_v1
stu_85ccbc5b8dddc860,9093b53bbddf28fa273481ba9ef8e9e4bce2f2b3ae5b04df14928624210f2f17,312410*****,M.V.M.,Nam,An toàn thông tin,an toan thong tin,24,restricted,False,True,student_identity,token_v1,privacy_v1
stu_a221c7d2791d6f32,82cdfa308e78a90165116ba21f2b62026576ae0a26af1abddfd9f3be8ff1964d,312510*****,N.P.Q.,Nữ,Khoa học máy tính,khoa hoc may tinh,25,restricted,False,True,student_identity,token_v1,privacy_v1
stu_4fee16b200c01cad,94ac66fee58a76d80a3d4c625c6b4abe549fcf8d6567c77e3072540b980a13f2,312410*****,Đ.H.Ý.,Nữ,Quản lý công,quan ly cong,24,restricted,False,True,student_identity,token_v1,privacy_v1
stu_7443478c84fe239c,20e7351ad27a24496b1d911f15a13c68d32a58115d218fc46c911094b67adde8,312510*****,Đ.T.K.,Nam,Logistics và Quản lý chuỗi cung ứng,logistics va quan ly chuoi cung ung,25,restricted,False,True,student_identity,token_v1,privacy_v1
stu_47315a9b8feae56f,6a77d2219fed3c655223465fa8b50ce1291b1fe45a153ca0adc601c473cb6289,312410*****,L.H.Q.,Nam,Kiến trúc và thiết kế đô thị thông minh,kien truc va thiet ke do thi thong minh,24,restricted,False,True,student_identity,token_v1,privacy_v1
stu_6e644e3b1c17ea21,8361ef23adab628af8e727dfe0cf78d747e35ce1f1c108d37218ec0c2e76e3d2,312510*****,V.K.L.,Nữ,Kiểm toán,kiem toan,25,restricted,False,True,student_identity,token_v1,privacy_v1
stu_21a1669c650b7d79,415aa06d7c57b5e2f4285f3cc5d401281020a7dbbe91e393292dccb800c59e30,312510*****,M.Đ.Q.,Nam,Đầu tư tài chính,dau tu tai chinh,25,restricted,False,True,student_identity,token_v1,privacy_v1
stu_0a4d98cdd02b57b3,6b8221744c7052ead2c064a3087aef7b04319621195cf2ab1526f0bba9b951b5,312510*****,Đ.K.T.,Nữ,Công nghệ và đổi mới sáng tạo,cong nghe va doi moi sang tao,25,restricted,False,True,student_identity,token_v1,privacy_v1
stu_f985afbb8213b49e,a2ed045b4390c17b33d43ea2717e00750f078c24984aee55e48ee609b4e612c8,312410*****,T.G.L.,Nam,Logistics và Quản lý chuỗi cung ứng,logistics va quan ly chuoi cung ung,24,restricted,False,True,student_identity,token_v1,privacy_v1
stu_7314c0991bdab0df,a8de70dacf92cba894eaffe7425ebb19e651c830090cdda9525e4663187c3d0a,312510*****,L.A.S.,Nam,Kinh doanh số,kinh doanh so,25,restricted,False,True,student_identity,token_v1,privacy_v1
stu_a5bdd96bfc99c91f,d19ed3eb44191f8798c3682d5e83e3104c9583d98b49ddd206a1749d6fa8e96c,312410*****,Đ.H.Đ.,Nam,Tài chính,tai chinh,24,restricted,False,True,student_identity,token_v1,privacy_v1
stu_8a2ab2ebd4dec5c3,66ba3d67637287455a4bb7bf059da17590d05a136d7608c60170fa20dbfde2ac,312510*****,B.H.M.,Nam,Công nghệ và đổi mới sáng tạo,cong nghe va doi moi sang tao,25,restricted,False,True,student_identity,token_v1,privacy_v1
stu_207f43432af34758,c319179158ccc75e1774e553838dde8cce8bab5722b71c86026d652d1019dd4c,312310*****,N.T.Q.,Nữ,Kinh doanh thương mại,kinh doanh thuong mai,23,restricted,False,True,student_identity,token_v1,privacy_v1
stu_d9a0bb984c16d5e4,899cdf6b0c1a53d3381e64c3fc758c862a072b2fae27cd73a10c66fa2ab78919,312510*****,P.Á.C.,Nữ,Khoa học máy tính,khoa hoc may tinh,25,restricted,False,True,student_identity,token_v1,privacy_v1
stu_1dd2e5ff2b46be5d,6c2887d1c0a3af37c763c029706dac1e8e3988f007cacd5040ad4bd0910a0907,312410*****,H.H.P.,Nam,Công nghệ Marketing,cong nghe marketing,24,restricted,False,True,student_identity,token_v1,privacy_v1
stu_282f55c9935123ec,27e45c249d906f5eb223ad6f31c39dde57b48e0e621b77ac4e2be6d9771e5ec8,312310*****,P.T.T.,Nam,Luật kinh doanh quốc tế,luat kinh doanh quoc te,23,restricted,False,True,student_identity,token_v1,privacy_v1
stu_0aba2abc30a7acc0,e81e712069bfadba72b975c52db8794ce1908ddda7e2bcb105cc71837ff984c0,312310*****,L.A.Q.,Nam,Quản lý công,quan ly cong,23,restricted,False,True,student_identity,token_v1,privacy_v1
stu_70324b25ce77551b,e3b3b4c9f2b51bb073a014d3d213d0c8251a8c706f2f018a5a98136159141727,312410*****,N.A.N.,Nam,Hệ thống thông tin kinh doanh,he thong thong tin kinh doanh,24,restricted,False,True,student_identity,token_v1,privacy_v1
stu_2b310c95205ea33d,6841de8d258d28de9cefa5af740f76bb31fe49cfd2caf91e1c7edb57d4dede41,312310*****,L.H.H.,Nam,Kế toán công,ke toan cong,23,restricted,False,True,student_identity,token_v1,privacy_v1
stu_a2081ad9f7e2b92e,c90874787eafa3d94e8cb72553f4ccb84e318f3ece11c1c5781bedaa5c5e4401,312510*****,N.Á.T.,Nữ,Marketing,marketing,25,restricted,False,True,student_identity,token_v1,privacy_v1
stu_012da647bfb8d133,3a72dc2243f17f1db400b0cc5ab29b9584ac493923ebe8305e13d1e601870c46,312310*****,Đ.V.Q.,Nam,An toàn thông tin,an toan thong tin,23,restricted,False,True,student_identity,token_v1,privacy_v1
stu_8e404c418428e3ae,7750ddea30e8a852d4d68e0550f98aaa66e4d7a2b1683cf3521db1e9a137fcf7,312310*****,V.Q.S.,Nam,Thị trường chứng khoán,thi truong chung khoan,23,restricted,False,True,student_identity,token_v1,privacy_v1
stu_2ffabaff250ed38a,ee45e84c245a962d7f0cfaba0aeab432194f0152b50bf641029d15da2b82362e,312310*****,Đ.L.N.,Nữ,Kinh doanh nông nghiệp,kinh doanh nong nghiep,23,restricted,False,True,student_identity,token_v1,privacy_v1
stu_3491397d8928f461,68aa009f1001dd000c89f1552d5f4478798df3cb6e247f021fb63dde191393de,312310*****,Đ.Á.U.,Nữ,Hệ thống hoạch định nguồn lực doanh nghiệp,he thong hoach dinh nguon luc doanh nghiep,23,restricted,False,True,student_identity,token_v1,privacy_v1
stu_4d2fadc6e206dcc1,ef03ffa305fa5576582a18d8686d65216d204876fa167030120372f5e774abb8,312410*****,B.A.S.,Nam,Thị trường chứng khoán,thi truong chung khoan,24,restricted,False,True,student_identity,token_v1,privacy_v1
stu_3a0cde88d66a192e,2dff47d1ef6ee3053ad3d4268ab67a5ed6f5b5283fd434fa5f249acf80fb2f6a,312310*****,V.Q.H.,Nam,Hệ thống thông tin quản lý,he thong thong tin quan ly,23,restricted,False,True,student_identity,token_v1,privacy_v1
stu_c24c7586abd73add,f8e68d597f19db2b02bca68a96bb234dc88c75e1ea4134cac3f42b85204d9ac8,312510*****,P.T.B.,Nam,Kế toán công,ke toan cong,25,restricted,False,True,student_identity,token_v1,privacy_v1
stu_8f2ab94b07678def,67dec4ee84f711917bdfa87783d0cce6ab52c778c546b3d5fc90f1d5cc9e265c,312510*****,M.V.D.,Nam,Kinh tế đầu tư,kinh te dau tu,25,restricted,False,True,student_identity,token_v1,privacy_v1
stu_0d1638a76dda330a,890d54e26358eeed45a2dc4a8a070b06f10ffe26252b2ddf947e993a5488daca,312310*****,N.A.T.,Nam,Bảo hiểm,bao hiem,23,restricted,False,True,student_identity,token_v1,privacy_v1
stu_d23e2621a68820d3,073874080ea646e1cc10166b78123feb63e3d7e3a143cc0e484fccf60a2a266b,312510*****,H.B.A.,Nữ,Công nghệ thông tin,cong nghe thong tin,25,restricted,False,True,student_identity,token_v1,privacy_v1
stu_33918570c2bf40b5,7d3c6e02b7bbefcb8897246c3acf930064f8508827206f6a13d8678020036736,312410*****,Đ.T.T.,Nam,Kinh doanh nông nghiệp,kinh doanh nong nghiep,24,restricted,False,True,student_identity,token_v1,privacy_v1
stu_5167195d214292e7,5fc7d3bce486cee6cecb8dc1eb50494a84ff406cb935b1e4fef8710c320127af,312410*****,Đ.H.D.,Nam,Công nghệ và đổi mới sáng tạo,cong nghe va doi moi sang tao,24,restricted,False,True,student_identity,token_v1,privacy_v1
stu_6ecabc1281aa056d,aa9e6dee912b5d42b5d597bfac3cb96b3bdc685d196ed3e6ad56c8550a1a9b29,312310*****,V.H.L.,Nam,Quản trị Hải quan - Ngoại thương,quan tri hai quan ngoai thuong,23,restricted,False,True,student_identity,token_v1,privacy_v1
stu_83eef3902805e86b,51f48d7611c9017dc352b19ab045efcc7ab130b95f682c32acb0c9fbea7d498b,312510*****,H.T.V.,Nữ,Kinh doanh thương mại,kinh doanh thuong mai,25,restricted,False,True,student_identity,token_v1,privacy_v1
stu_fffd71d2f595f2fb,69615a69e63f19da79d4ce1a6c793da955ea488ca5700f0360705f006bd667e5,312310*****,B.B.A.,Nữ,Quản trị Hải quan - Ngoại thương,quan tri hai quan ngoai thuong,23,restricted,False,True,student_identity,token_v1,privacy_v1
stu_622fa7904f1152e5,24fe7b937bdb6a0a3b844bdfa318eb084ae6f17185ef1fdafe44fc86090579c5,312510*****,T.A.H.,Nam,An toàn thông tin,an toan thong tin,25,restricted,False,True,student_identity,token_v1,privacy_v1
stu_f6e2b46c799db11a,fe15ce62d38f97aad30ac854713dfdbd5eba5b36da74b7287ab6e1e901e59b2d,312510*****,V.Q.V.,Nam,Công nghệ nghệ thuật - ArtTech,cong nghe nghe thuat arttech,25,restricted,False,True,student_identity,token_v1,privacy_v1
stu_a484be977847316f,3470bbe825f39df655b5b4da36afe97627744c2bab9908527500553f880976b0,312410*****,P.M.B.,Nam,Kiến trúc và thiết kế đô thị thông minh,kien truc va thiet ke do thi thong minh,24,restricted,False,True,student_identity,token_v1,privacy_v1
stu_1fba68c16de54ba8,68f128e349d328c0827d52f2a4c00857e2d6cfddad130411fa5b6822df892417,312410*****,N.T.H.,Nữ,Kiến trúc và thiết kế đô thị thông minh,kien truc va thiet ke do thi thong minh,24,restricted,False,True,student_identity,token_v1,privacy_v1
stu_452498953493b37b,1b6fe02751d854a63f86de59fb009d062a4abb6a34db064660f40f85f42ac721,312310*****,B.T.V.,Nam,Bất động sản,bat dong san,23,restricted,False,True,student_identity,token_v1,privacy_v1
stu_539ee3621224f135,7f0c9ea0bdb9716026c0815c06ace4cde002a6ffabcf7d23e818a953dfd9ad51,312510*****,B.N.H.,Nữ,Kiểm toán,kiem toan,25,restricted,False,True,student_identity,token_v1,privacy_v1
stu_8ddd9d6eb4fdd77a,22544773bf4be75c0cd7660b1b1704ee04daed82d3a5a0982a4124c2fb329ead,312410*****,H.Á.T.,Nữ,Logistics và Quản lý chuỗi cung ứng,logistics va quan ly chuoi cung ung,24,restricted,False,True,student_identity,token_v1,privacy_v1
stu_6a6d29d3c4b8438e,1ae75f1fc450f4ac4cda5edf1552fa5c66845057f15fbcd22359db86143bdfda,312310*****,H.H.T.,Nam,Hệ thống hoạch định nguồn lực doanh nghiệp,he thong hoach dinh nguon luc doanh nghiep,23,restricted,False,True,student_identity,token_v1,privacy_v1
stu_027bcbfe5de83f4f,5f863eabd9c361c473278b4eb6a2450b395f2a99f95b9549f0596308f451aa50,312510*****,H.L.T.,Nữ,Quản trị kinh doanh,quan tri kinh doanh,25,restricted,False,True,student_identity,token_v1,privacy_v1
stu_319370737c366f8c,8485d0bdb872bf8659e5c51843fa87c4e12e33f5806b7fe6341226f199b39759,312510*****,L.A.D.,Nam,Kinh doanh thương mại,kinh doanh thuong mai,25,restricted,False,True,student_identity,token_v1,privacy_v1
stu_32d7a2bab8a6d2a0,f05732a850f4d9cabc81b79d41f65101b796d228409ef3b2bcb3269db928a55d,312410*****,V.T.A.,Nam,Luật kinh doanh quốc tế,luat kinh doanh quoc te,24,restricted,False,True,student_identity,token_v1,privacy_v1
stu_985438d6ec036dd8,7ab334650edafece01317ad3db1e6b905c93e8845d2ec821b283d6c497cb59ff,312510*****,B.H.H.,Nam,Thị trường chứng khoán,thi truong chung khoan,25,restricted,False,True,student_identity,token_v1,privacy_v1
stu_7fa8e6052ce423b1,c4f94025ed9332358c2eb66fb5d9478e0728d1fc40cd10f6210e16c6a9eae6ca,312410*****,L.T.T.,Nam,Công nghệ Tài chính,cong nghe tai chinh,24,restricted,False,True,student_identity,token_v1,privacy_v1
stu_618a89649f625fa2,03af1b408e5f5cbb58d51984361072f3234b17e63706f09feadbf5788d0f6003,312510*****,N.M.H.,Nam,Đầu tư tài chính,dau tu tai chinh,25,restricted,False,True,student_identity,token_v1,privacy_v1
stu_ff1b0d3ae1b2a4d9,0af5740f4e5dd981430e6e8966d1d52deb9757370931536203b2fd9371536bc7,312410*****,L.T.M.,Nam,Quản trị kinh doanh,quan tri kinh doanh,24,restricted,False,True,student_identity,token_v1,privacy_v1
stu_3653e8e9ba3b013a,698dba070b074bfaa0979db339d9d2c86b852dcc84516947b55f1d35ef8853ce,312410*****,L.Đ.T.,Nam,Kinh doanh số,kinh doanh so,24,restricted,False,True,student_identity,token_v1,privacy_v1
stu_98cf9738ba7fdd11,d3c4d41584e94d7e8bd6ad70048db856ccf3d8f54667f6f16be4e865d15a3024,312310*****,T.Á.D.,Nữ,Khoa học dữ liệu,khoa hoc du lieu,23,restricted,False,True,student_identity,token_v1,privacy_v1
stu_b430e14ffa8da661,926b3d8724b4f0ac9a5634bf576e2d9fb31d878ab38f9aba6b96af39f561da30,312410*****,L.V.D.,Nam,Quản trị Hải quan - Ngoại thương,quan tri hai quan ngoai thuong,24,restricted,False,True,student_identity,token_v1,privacy_v1
stu_9dcf07bb5f51aecb,2046dc63c66b5880e82364842dc541d5d85cb7b0ac4986d2ff6131c571f4c16f,312410*****,L.G.T.,Nam,Logistics và Quản lý chuỗi cung ứng,logistics va quan ly chuoi cung ung,24,restricted,False,True,student_identity,token_v1,privacy_v1
stu_d1ef89a17b4fd3bd,29a870b25a861129de587e5b1f39e35fb1dbbbf45dd1c847df4338553bbcd208,312510*****,D.T.S.,Nam,Kinh doanh nông nghiệp,kinh doanh nong nghiep,25,restricted,False,True,student_identity,token_v1,privacy_v1
stu_6264ed0c03677b45,631d89604bb5a10069194901dfaa11e24b4f092624b2b378164bb3609857a47d,312310*****,L.L.Ý.,Nữ,Công nghệ logistics tích hợp chứng chỉ FIATA,cong nghe logistics tich hop chung chi fiata,23,restricted,False,True,student_identity,token_v1,privacy_v1
stu_7e39c98e4ebc8d79,d8b092e92de4f06d764a3b585e5cbbc68feb465f9b6fd5cf640a95e7755f32a4,312510*****,D.T.H.,Nữ,Quản trị kinh doanh,quan tri kinh doanh,25,restricted,False,True,student_identity,token_v1,privacy_v1
stu_17c113818245636c,5039fee0e19ad2081fe6ca4fff928c2943dcdacda841482ca9b594c5dc91ffbc,312310*****,Đ.H.U.,Nữ,Kế toán doanh nghiệp,ke toan doanh nghiep,23,restricted,False,True,student_identity,token_v1,privacy_v1
stu_fa535f30ba569e3e,62ef6abf2908bda79f2973dce43a994cbda34d3369593c2a8650dd774d02a4da,312510*****,H.A.H.,Nam,Kinh tế,kinh te,25,restricted,False,True,student_identity,token_v1,privacy_v1
stu_4e635ef6f4716d39,3f647c333c172c255fad69a4a19009882b166ad7b4d8735f8408c51dce8681f8,312310*****,P.H.T.,Nam,Luật kinh doanh quốc tế,luat kinh doanh quoc te,23,restricted,False,True,student_identity,token_v1,privacy_v1
stu_2d342520a83ea762,1c2b9ea5b88288c1b45d8c4d1fde6616c7bb91d27d01de0932d8587b0d26803b,312410*****,P.P.C.,Nữ,Kế toán công,ke toan cong,24,restricted,False,True,student_identity,token_v1,privacy_v1
stu_000c7c111a0a0389,76e92db890f240fb7b1775b648fdaceeaad5c4e0af1f1b7bc0e3a91f136afac2,312410*****,L.V.H.,Nam,Công nghệ thông tin,cong nghe thong tin,24,restricted,False,True,student_identity,token_v1,privacy_v1
stu_7004ad4680946cf6,70999bc2a27dc8810f385d35601e72994eb0c2d4e13c050659719b532aec402b,312510*****,Đ.N.Y.,Nữ,Công nghệ logistics tích hợp chứng chỉ FIATA,cong nghe logistics tich hop chung chi fiata,25,restricted,False,True,student_identity,token_v1,privacy_v1
stu_5a59f20b38ab2510,417767ea7c008ead9863d6f600513e28489b7c3972ca189f13a502027b054656,312510*****,H.G.T.,Nam,Hệ thống thông tin kinh doanh,he thong thong tin kinh doanh,25,restricted,False,True,student_identity,token_v1,privacy_v1
stu_921cf9214e9a7a90,46e0351ca644eb4b2ecb6ae5b12542a9cbda857ea8d75b74130663263d8353a9,312510*****,M.B.N.,Nữ,Kinh doanh quốc tế,kinh doanh quoc te,25,restricted,False,True,student_identity,token_v1,privacy_v1
stu_42e4aaf8a9004e96,bcd69fbfb95ee033a064f24ac65b821bf3a85f8f50014b87d12519714c7190de,312410*****,H.N.T.,Nữ,Logistics và Quản lý chuỗi cung ứng,logistics va quan ly chuoi cung ung,24,restricted,False,True,student_identity,token_v1,privacy_v1
stu_bdca78e84e258b74,49a64cef5cf3345774e39a4be2c9c4221dfa1e0d6749291df51d444d60b39466,312410*****,L.B.L.,Nữ,Tài chính,tai chinh,24,restricted,False,True,student_identity,token_v1,privacy_v1
stu_b5b51ef5b82dc9cd,3a99cfd0086ef91b42f005b2af95eac24a53b71f40cdf90439da9673f4224e00,312510*****,Đ.N.L.,Nữ,Kế toán công,ke toan cong,25,restricted,False,True,student_identity,token_v1,privacy_v1
stu_616f3804dea9d1fe,92695e7918b9eb0a6de3ea47b03a3ea0e869e1960a901bc9a6ad9d7cd9172cb9,312510*****,P.T.V.,Nữ,Tài chính,tai chinh,25,restricted,False,True,student_identity,token_v1,privacy_v1
stu_94e9981932515fff,059825cd8ae3a3dc0741f536772f72868f1fa832c6029ef73525ac5d18f0a117,312510*****,L.K.T.,Nữ,Quản trị kinh doanh,quan tri kinh doanh,25,restricted,False,True,student_identity,token_v1,privacy_v1
stu_cea7e12f4850f401,ddfebeb47643a9a2fb48f2552bc70095c017f3d199b28299290a926f3409b4b4,312510*****,H.M.B.,Nam,An toàn thông tin,an toan thong tin,25,restricted,False,True,student_identity,token_v1,privacy_v1
stu_417b8dbea1554c7d,e06aa5dc712d241c62e90784715c2babcc190cc5f492a0c7726c6a9d3b7e8376,312310*****,Đ.T.H.,Nam,Công nghệ logistics tích hợp chứng chỉ FIATA,cong nghe logistics tich hop chung chi fiata,23,restricted,False,True,student_identity,token_v1,privacy_v1
stu_a87f11b5ebda2649,4cab027c6e57b9f1eaea2e1fdc1261ee6a15928f8fa33a05a4d8ddb4c2ba15fe,312510*****,L.V.S.,Nam,Công nghệ logistics tích hợp chứng chỉ FIATA,cong nghe logistics tich hop chung chi fiata,25,restricted,False,True,student_identity,token_v1,privacy_v1
stu_99a3e91b57c3cc31,1abdb718d8aa6aed33215276acafa48b754acc1e857a5bc5346a484e8cdf9aac,312310*****,L.Đ.M.,Nam,Ngân hàng,ngan hang,23,restricted,False,True,student_identity,token_v1,privacy_v1
stu_7bad97d312dd7dc4,907e72df5ce7bd73b832d42a6fd4bbc9d065727a7551c809e90550fc41451cbf,312510*****,H.Đ.T.,Nam,Tài chính,tai chinh,25,restricted,False,True,student_identity,token_v1,privacy_v1
stu_a424f512dfc75d0c,d2e8c6c1f48110bfb7359431ff4501353c25dba17981bb267c89009a8761ba1a,312510*****,V.Q.T.,Nam,Kinh doanh quốc tế,kinh doanh quoc te,25,restricted,False,True,student_identity,token_v1,privacy_v1
stu_dd3c3bf0d47e6728,5fa9900b12fe8895d79e7c66c3e0420feca0fbcfe28674bd2e7b131d6471f856,312310*****,T.H.Ý.,Nữ,Ngân hàng,ngan hang,23,restricted,False,True,student_identity,token_v1,privacy_v1
stu_a044a5bc2508e4c2,38d7daa5ba21b2fe75f123d66f8207c24cbfbd8227ec544aa68b472b69ac8203,312510*****,D.N.D.,Nữ,Hệ thống thông tin quản lý,he thong thong tin quan ly,25,restricted,False,True,student_identity,token_v1,privacy_v1
stu_163051dde6e8138d,842acdc9f5588b061a01310009353c0c0073a8cc167933062b1554792462e01f,312310*****,H.V.T.,Nam,Hệ thống thông tin kinh doanh,he thong thong tin kinh doanh,23,restricted,False,True,student_identity,token_v1,privacy_v1
stu_7ab48f22009c1b36,f792e9f0767a20d6b35b4c5f6dbfbfb1a613215874e11db4224448ac44c80e95,312510*****,H.G.N.,Nam,Kiểm toán,kiem toan,25,restricted,False,True,student_identity,token_v1,privacy_v1
stu_f0298135406b163c,820b087dc6fc3be34768d5e445c6a9031f080d7d65993ae9d7e7cbb0d72d921c,312410*****,T.M.Q.,Nam,An toàn thông tin,an toan thong tin,24,restricted,False,True,student_identity,token_v1,privacy_v1
stu_343ab236447c3996,a285d41617ff2e6db414235f8f4a0fc7c72f99093d0bce6597213e88a7a84034,312510*****,L.L.V.,Nữ,Công nghệ logistics tích hợp chứng chỉ FIATA,cong nghe logistics tich hop chung chi fiata,25,restricted,False,True,student_identity,token_v1,privacy_v1
stu_1e743b95459dcaee,d1e802672b85dd7e4f3bd3ad59af07e5492612665ba0039672c1a88c6a58947d,312310*****,Đ.B.L.,Nữ,Kinh doanh thương mại,kinh doanh thuong mai,23,restricted,False,True,student_identity,token_v1,privacy_v1
stu_803281bb59fb7644,d862cc8b3e119eb63ffefb1b384371a864126af2814bdcfb25737d2a14ab1ebe,312310*****,N.H.K.,Nam,Thị trường chứng khoán,thi truong chung khoan,23,restricted,False,True,student_identity,token_v1,privacy_v1
stu_835a15cd28d233ba,7304b84e97ba00b57b2aed3b0532341396f77cf29747d65da1dafeeb46200c88,312310*****,P.T.Q.,Nam,Logistics và Quản lý chuỗi cung ứng,logistics va quan ly chuoi cung ung,23,restricted,False,True,student_identity,token_v1,privacy_v1
stu_80587bf07e238ecb,69c767af921f1abeb81d880dee61fbbb10edd3dbebeb9beb51af32193f7d68af,312410*****,L.T.H.,Nữ,Kinh tế,kinh te,24,restricted,False,True,student_identity,token_v1,privacy_v1
stu_e6801958d5bbdca5,c588ad477c38f1bbe10a1ddbedbc85f820068ece80bac3a58a8eb87e7a85d91a,312410*****,T.T.T.,Nam,Kinh doanh thương mại,kinh doanh thuong mai,24,restricted,False,True,student_identity,token_v1,privacy_v1
stu_259bb9c3a79e5f25,267054f8744c58c9ad0565942f2d4c4b706109416459af23a073daf123f9fdd5,312410*****,N.H.Q.,Nữ,Công nghệ thông tin,cong nghe thong tin,24,restricted,False,True,student_identity,token_v1,privacy_v1
stu_b0923d306c796b4b,fc1a009156fc6a8b1b7bb9c3f1972f017d3e0f6ce2947d4b4f9729da427c9503,312510*****,T.K.L.,Nữ,Tài chính,tai chinh,25,restricted,False,True,student_identity,token_v1,privacy_v1
stu_d58900bd4cdbd5a8,f1612d50d9666ac07243b38b0ac39d127b4b5e2e2b7c0d46a7de97b004e50084,312510*****,H.H.K.,Nam,Kinh doanh quốc tế,kinh doanh quoc te,25,restricted,False,True,student_identity,token_v1,privacy_v1
stu_01ad5644971613f3,679ade3df5e5f9e39eb4276ace2ecb212968bbbde7d54f5cf7e2a982bc3a3f7d,312510*****,P.Đ.D.,Nam,An toàn thông tin,an toan thong tin,25,restricted,False,True,student_identity,token_v1,privacy_v1
stu_dab68898fc0f7cb7,9fdea2fb3c7dde6458a7d598edb4094cd7376a4117ddcc479fcbe7cc743c74cd,312510*****,L.N.A.,Nữ,Kế toán công,ke toan cong,25,restricted,False,True,student_identity,token_v1,privacy_v1
stu_d7ee83d5c844fc10,181612f976586e39e2038d82adb8df91844173ba6a3c4b567931dcf0ca01075b,312510*****,L.H.B.,Nam,Quản lý công,quan ly cong,25,restricted,False,True,student_identity,token_v1,privacy_v1
stu_f3d0a89de5934f5e,5a4b8c82d3695924a2fc09b8e58fa304da1cea0a40a0ece5d09caff2fe8c4676,312410*****,V.Đ.T.,Nam,Hệ thống thông tin kinh doanh,he thong thong tin kinh doanh,24,restricted,False,True,student_identity,token_v1,privacy_v1
stu_45e966dd3e909e05,c50e3181790067b804ab3e6a740579c4bef3238f995f0dc508c08e69cf049db1,312510*****,B.T.T.,Nữ,Ngân hàng,ngan hang,25,restricted,False,True,student_identity,token_v1,privacy_v1
stu_e127e8189c9dc7c0,a290aa03992568f1b8adaef012193255e354499b2aa9aa86ba91720ba06f3d25,312510*****,T.V.C.,Nam,Công nghệ thông tin,cong nghe thong tin,25,restricted,False,True,student_identity,token_v1,privacy_v1
stu_fd5befb7c8a185a6,795771411e8ef09fadec9ccaa1a05b0e498ac84c335014a9b62be5948359c8b3,312510*****,Đ.L.D.,Nữ,Kinh doanh thương mại,kinh doanh thuong mai,25,restricted,False,True,student_identity,token_v1,privacy_v1
stu_02e5721d62372eff,9beb3b64580730270087ba0e4dcbb7a7eec1990d9530fe9b1b52bd2a6031b903,312410*****,N.Á.L.,Nữ,Kiến trúc và thiết kế đô thị thông minh,kien truc va thiet ke do thi thong minh,24,restricted,False,True,student_identity,token_v1,privacy_v1
stu_9fae0d17866a43a8,93f963ef67a7e9bdf14c9c21dc86ced18663a9f9aa1809ab4f9a844aa724bdca,312310*****,L.K.H.,Nữ,Toán tài chính,toan tai chinh,23,restricted,False,True,student_identity,token_v1,privacy_v1
stu_f4cd20471bb8a744,39209409aba124d3088c0a79a9097a13dddb8bea4dfc479abd6b2e6ac3b71931,312510*****,N.H.V.,Nữ,Kinh doanh nông nghiệp,kinh doanh nong nghiep,25,restricted,False,True,student_identity,token_v1,privacy_v1
stu_0b3941a3107bfeea,14e7be56e58ec79676678411a3cdb43de68cdc057ffd899ce1ae57186c106501,312310*****,T.G.T.,Nam,Đầu tư tài chính,dau tu tai chinh,23,restricted,False,True,student_identity,token_v1,privacy_v1
stu_def3a30f70f392bf,fc788c064bf0a61710b3750261675d63787cc1107ebaa04c9b0ad4e24fb31546,312510*****,P.T.L.,Nữ,Toán tài chính,toan tai chinh,25,restricted,False,True,student_identity,token_v1,privacy_v1
stu_1a63f905a871d6ff,3a083476de66776b14feb34cc13e98638fdd488f9bcceefdef67d84c6e9fdf3f,312510*****,H.M.M.,Nam,Luật kinh doanh quốc tế,luat kinh doanh quoc te,25,restricted,False,True,student_identity,token_v1,privacy_v1
stu_c3cd5b2b4ec8a371,7d714f404eb60895162cf48f1905f7274fc38e9bf525a3fe9ef38b37e11f16f3,312310*****,T.V.K.,Nam,Khoa học máy tính,khoa hoc may tinh,23,restricted,False,True,student_identity,token_v1,privacy_v1
stu_de26d2d9ff68cf68,d9de3c6fffe062bf4741af4a623ce3d76abf8d4d0a930f7ba0a9e2f97db83f5e,312510*****,Đ.H.N.,Nam,Quản lý công,quan ly cong,25,restricted,False,True,student_identity,token_v1,privacy_v1
stu_da98fe673461589b,6342b5f5b7ba72cdbab686f3071aaedc31461caf08e788066ee712af2640d562,312310*****,B.T.H.,Nữ,Công nghệ Tài chính,cong nghe tai chinh,23,restricted,False,True,student_identity,token_v1,privacy_v1
stu_27a7e98916241398,04bb7fb2df5ff912e2a8accd3c7ef4ad75974fb4080963e37669da531133af33,312310*****,P.T.Đ.,Nam,Khoa học dữ liệu,khoa hoc du lieu,23,restricted,False,True,student_identity,token_v1,privacy_v1
stu_36a395e130b11fa4,e7402229f6ce79aa24e1e45d28f0a42f7bb1da3c296601bd5d3139b532e9bd47,312410*****,T.N.Y.,Nữ,Ngân hàng,ngan hang,24,restricted,False,True,student_identity,token_v1,privacy_v1
stu_2de067cda5040475,d1dcd7ea4703b73f2a3c1ded4155a7df8ca594c7cad8d6630481d92c067747f6,312410*****,N.T.M.,Nam,Kinh tế,kinh te,24,restricted,False,True,student_identity,token_v1,privacy_v1
stu_964339ab3ee5878e,cc4f0b5342241a91e1cd6a76579305d6ec10d8a4b638193a3e36f50cc9ff39bb,312510*****,V.T.H.,Nữ,Kế toán doanh nghiệp,ke toan doanh nghiep,25,restricted,False,True,student_identity,token_v1,privacy_v1
stu_3eb9dc8637165f85,1eeb9a82cb6c0c3f45c02314941d37bf0bb2cfa737522ef3a6cacf7f283770fd,312410*****,Đ.K.T.,Nữ,Kinh doanh số,kinh doanh so,24,restricted,False,True,student_identity,token_v1,privacy_v1
stu_d6fdf7cbe339a4d8,1c90592626feeb728d1a45173a655f037d152c5511d55f6ef1e56c315e4c60f5,312310*****,V.M.K.,Nam,Kỹ sư Robot và Trí tuệ nhân tạo,ky su robot va tri tue nhan tao,23,restricted,False,True,student_identity,token_v1,privacy_v1
stu_16989826526a1774,4cc3bc6f6e391b07427b4172187cbdae9f5f3dc22b40658a640ab94d2a1d7f43,312410*****,L.V.H.,Nam,Hệ thống thông tin quản lý,he thong thong tin quan ly,24,restricted,False,True,student_identity,token_v1,privacy_v1
stu_d1b5e64eba2e42af,2d77ee0457570b6da8b797e00b9f752bd095acdfdd2cbd04bd0eeaa9f7082b8f,312510*****,T.B.C.,Nữ,Bảo hiểm,bao hiem,25,restricted,False,True,student_identity,token_v1,privacy_v1
stu_905eba5f72af5d38,51912b57ef9d7e90cef0f7865f453f816f6e41f2b8144a4358c893496eb3a6f4,312410*****,H.T.T.,Nữ,Kỹ sư Robot và Trí tuệ nhân tạo,ky su robot va tri tue nhan tao,24,restricted,False,True,student_identity,token_v1,privacy_v1
stu_6fd8282a93d5e4bd,359fed200200b2f22b693c567678e876f43487298c7ab0166ba63570471a5bf7,312510*****,H.Á.U.,Nữ,Kế toán doanh nghiệp,ke toan doanh nghiep,25,restricted,False,True,student_identity,token_v1,privacy_v1
stu_740949465b590fb5,14d90549a295dfe4b653781fa11f516a7a5d0064b3f5f67dc80546f7266bc4ce,312310*****,Đ.T.M.,Nữ,Tài chính,tai chinh,23,restricted,False,True,student_identity,token_v1,privacy_v1
stu_c3d7c2db9f3c3dbe,6a7d2de629b2261bb08942b50b8d0c809c0134a4f1bdeb27bd2a0829cb28ec35,312510*****,H.N.Y.,Nữ,Hệ thống hoạch định nguồn lực doanh nghiệp,he thong hoach dinh nguon luc doanh nghiep,25,restricted,False,True,student_identity,token_v1,privacy_v1
stu_b5acebf79454cd65,14591df49ab5c92f3647ae007b79563d424b0cbfe346a19cfe96c4518592065d,312510*****,Đ.T.M.,Nữ,Đầu tư tài chính,dau tu tai chinh,25,restricted,False,True,student_identity,token_v1,privacy_v1
stu_bdddc2ddd178ac23,1fdd442b2db8ed29bf6a37b87a2a144702f464b633497922efbf8c10294f1c85,312310*****,Đ.B.C.,Nữ,Quản trị Hải quan - Ngoại thương,quan tri hai quan ngoai thuong,23,restricted,False,True,student_identity,token_v1,privacy_v1
stu_55deead3d24a4be3,c21362af54a15db573bc2ad93db69638457068f30e61a1387d09851a8fcd61e1,312510*****,L.Á.C.,Nữ,Kế toán công,ke toan cong,25,restricted,False,True,student_identity,token_v1,privacy_v1
stu_7579b2f84e5f945a,20d142f60048bee923a079b571ae5d57db30f3005a7ff37ac28f2121a36d6465,312510*****,Đ.T.N.,Nam,Bất động sản,bat dong san,25,restricted,False,True,student_identity,token_v1,privacy_v1
stu_725ac760051e888a,67bc0cad8260751ffeede8a5cbdf787cc7224cc109576250ebaa717b8a9d3fc5,312510*****,H.T.Y.,Nữ,Toán tài chính,toan tai chinh,25,restricted,False,True,student_identity,token_v1,privacy_v1
stu_fce67f916bfeb343,2779a79034338a9eaa94810d9bfe24f93d4212593ca4beacda5510a48397cfe8,312510*****,V.H.T.,Nữ,Công nghệ Marketing,cong nghe marketing,25,restricted,False,True,student_identity,token_v1,privacy_v1
stu_b60af57861d683a5,de82d0a89eeac264825604260bfb6a80cb8724f922a6e22bdf8bf6edb12ec953,312410*****,M.T.U.,Nữ,Kinh doanh thương mại,kinh doanh thuong mai,24,restricted,False,True,student_identity,token_v1,privacy_v1
stu_1c0ed15feb393f63,69137905e81f526bc410d18b2616788cda79dc942fec7d9e8b044db90d039d44,312410*****,L.H.N.,Nam,Công nghệ và đổi mới sáng tạo,cong nghe va doi moi sang tao,24,restricted,False,True,student_identity,token_v1,privacy_v1
stu_e9ca8f215621cbde,dc7e00d435ca1e7853d7f31bd37c74ab8b9e5ea1e607756e7b36a68675c45056,312310*****,Đ.G.D.,Nam,Kế toán công,ke toan cong,23,restricted,False,True,student_identity,token_v1,privacy_v1
stu_1864890699cad656,4608b0b0a3fcf540e9ccdf04e96d8bd1747a8314a6d8cb48e4fa7d444a5aeb23,312410*****,L.A.Đ.,Nam,Kế toán doanh nghiệp,ke toan doanh nghiep,24,restricted,False,True,student_identity,token_v1,privacy_v1
stu_e1f97086edf52457,953673da8173f91bfe18e4c73260ce9cddfe09351894c915b54febe313602f6a,312510*****,N.B.C.,Nữ,Kế toán công,ke toan cong,25,restricted,False,True,student_identity,token_v1,privacy_v1
stu_8533ccd90a395106,d7ac48faa05718890690c35feb16769ba011e3bcde8e80853ab79c692cc0f2e3,312510*****,H.H.B.,Nam,Công nghệ và đổi mới sáng tạo,cong nghe va doi moi sang tao,25,restricted,False,True,student_identity,token_v1,privacy_v1
stu_467fcafff6ea64c3,3ec3ca18ffc48c7372ab3efef0e91d5a0f5a97ef7e11626cf3fee29669cd99a1,312310*****,H.H.T.,Nữ,Đầu tư tài chính,dau tu tai chinh,23,restricted,False,True,student_identity,token_v1,privacy_v1
stu_4bec41dcf874c013,331e75d3dbeeaf38641da14da5bdfb04a281b3c1c68b3d12ace55c474a3c4fa1,312510*****,L.B.T.,Nữ,Bảo hiểm,bao hiem,25,restricted,False,True,student_identity,token_v1,privacy_v1
stu_a04f4110c904c024,bfa061c65eb753e8b3601cf964d2a8bad299405f590ea73954c70a68e39e3ba3,312410*****,N.G.H.,Nam,Quản trị kinh doanh,quan tri kinh doanh,24,restricted,False,True,student_identity,token_v1,privacy_v1
stu_d967c43397f726c6,fc885d84aad0a23fc673e37ac1ec848a74069e1690c75f5b685d03810afc63b9,312510*****,H.T.T.,Nữ,Hệ thống thông tin kinh doanh,he thong thong tin kinh doanh,25,restricted,False,True,student_identity,token_v1,privacy_v1
stu_332a864c4d1ab533,0b69af461b677195666257c66fca1e801433372c9d9b37152c0e50e75185a87a,312310*****,H.T.A.,Nữ,Công nghệ Marketing,cong nghe marketing,23,restricted,False,True,student_identity,token_v1,privacy_v1
stu_72732f0546101f8d,6941b5c1f7ac89ca567de9aabbaac79b38904475a50ba44411e6c88b7e36633b,312510*****,H.L.H.,Nữ,Hệ thống thông tin quản lý,he thong thong tin quan ly,25,restricted,False,True,student_identity,token_v1,privacy_v1
stu_419dcb07b68ec9ee,934a37464abe258dcdc6e8601930f98f769b44f89fee515475050dbbeab13a72,312410*****,L.H.D.,Nam,Hệ thống thông tin kinh doanh,he thong thong tin kinh doanh,24,restricted,False,True,student_identity,token_v1,privacy_v1
stu_587fe925cf9367f1,9155156e0edc89b863cc713ec515c8fe2ff74c67a5f9a093c67c51d64c68da44,312410*****,M.H.A.,Nam,Công nghệ nghệ thuật - ArtTech,cong nghe nghe thuat arttech,24,restricted,False,True,student_identity,token_v1,privacy_v1
stu_74afbae848a93e3f,ceef0abadd387cf229c454def545ad99a0dc574732b53ea365a5d29bd6069197,312510*****,T.H.T.,Nữ,Marketing,marketing,25,restricted,False,True,student_identity,token_v1,privacy_v1
stu_188b4f564f6b0778,b478e9c769398923b3351aa45c04486363bb36b0ba1b146e0744ad4aff6481f0,312410*****,T.L.H.,Nữ,Kế toán doanh nghiệp,ke toan doanh nghiep,24,restricted,False,True,student_identity,token_v1,privacy_v1
stu_5871e6909d41b8cd,df41cf8f3e52f923d48567036324ed669ed0c8ed0be1a0526154358002fff4ee,312310*****,V.T.N.,Nữ,Marketing,marketing,23,restricted,False,True,student_identity,token_v1,privacy_v1
stu_30adf4517475eb42,5384777d3a5d61b7f21e6483d3d6695fdd64a5e060d29e66ee51233a54be28f8,312410*****,N.V.N.,Nam,Toán tài chính,toan tai chinh,24,restricted,False,True,student_identity,token_v1,privacy_v1
stu_e5ff48cd62e8d899,6b301795abd3b060382528bb213943473c5390c08a00d29769eddb94622d8b94,312310*****,H.Q.Q.,Nam,Thị trường chứng khoán,thi truong chung khoan,23,restricted,False,True,student_identity,token_v1,privacy_v1
stu_dc068d852718dddb,3540485c136a105931213e351f5bf822b777a6a3af1e1a6442ed889f4da9d133,312410*****,N.G.N.,Nam,Luật kinh doanh quốc tế,luat kinh doanh quoc te,24,restricted,False,True,student_identity,token_v1,privacy_v1
stu_4d5d6102d53ae5bb,c178d91eb4aec3d75f456b5d722f3ad5c900b848035c5fe5db5a98197d774bb6,312510*****,M.K.T.,Nữ,Khoa học máy tính,khoa hoc may tinh,25,restricted,False,True,student_identity,token_v1,privacy_v1
stu_54d98aaf4646b7e7,9d2f219aa62c1be49f2a2cd421319a70e4500af5e126c136f62302a906921903,312410*****,H.T.V.,Nữ,Kế toán công,ke toan cong,24,restricted,False,True,student_identity,token_v1,privacy_v1
stu_6b39b0ff9e607f39,ff17b49a2773e8b164e52debb94cfe8da905285d98a30fe983657e9bcef6a059,312410*****,T.T.T.,Nữ,Kỹ sư Robot và Trí tuệ nhân tạo,ky su robot va tri tue nhan tao,24,restricted,False,True,student_identity,token_v1,privacy_v1
stu_c04340d5673406c3,083ea9f20d234ea83b60225b43984510686625bcc258f8b2d6c4c023022daf9e,312510*****,D.M.D.,Nam,Công nghệ và đổi mới sáng tạo,cong nghe va doi moi sang tao,25,restricted,False,True,student_identity,token_v1,privacy_v1
stu_edf19eb01d73fb91,f00e9172a54a1cce70cae039a05d101968c85f98916a6fcbe925c726bda5c7a3,312510*****,L.L.C.,Nữ,Kế toán công,ke toan cong,25,restricted,False,True,student_identity,token_v1,privacy_v1
stu_5e8811e2a937fee3,fd082a22f7dc1afd44d4f9b9bfb6156bb0038db6deab00b15141c5d72ad4380a,312410*****,L.M.Đ.,Nam,Hệ thống hoạch định nguồn lực doanh nghiệp,he thong hoach dinh nguon luc doanh nghiep,24,restricted,False,True,student_identity,token_v1,privacy_v1
stu_b3528709bd2025f4,4c38dda0180eacf411370aab69e7c22ee8895704271e5e64aaf7e6dfe806ad78,312310*****,V.T.D.,Nữ,Marketing,marketing,23,restricted,False,True,student_identity,token_v1,privacy_v1
stu_d9fa7e59ec57e71d,251aa74cdce6d047e70b58f462da10070c2aafa349fdfe1308b06afdda09efcb,312510*****,M.H.N.,Nữ,Bất động sản,bat dong san,25,restricted,False,True,student_identity,token_v1,privacy_v1
stu_fea5d5a7b6120f39,ca3905d589970513d52569040147ebe45a665c81d4285f61bd3af2b1f9e52c9c,312310*****,D.T.L.,Nữ,Công nghệ logistics tích hợp chứng chỉ FIATA,cong nghe logistics tich hop chung chi fiata,23,restricted,False,True,student_identity,token_v1,privacy_v1
stu_3f7f2a48e4525d84,9de85d47aa837d80def7f8943073e2a85d07d2f40c5f241a9ad7202fc4cb6266,312410*****,M.H.H.,Nam,Thị trường chứng khoán,thi truong chung khoan,24,restricted,False,True,student_identity,token_v1,privacy_v1
stu_b3f892e949dca056,464fd36cccd0fc054c1c25a92527450c40e77c4d50a9f1803481113f4f1bc0d6,312510*****,Đ.Q.A.,Nam,Kế toán doanh nghiệp,ke toan doanh nghiep,25,restricted,False,True,student_identity,token_v1,privacy_v1
stu_0155d6746bdbe341,f04641097ab278d5163064fd3ca5a557996a06794feed5835c6b1913122dcf94,312310*****,Đ.P.T.,Nữ,Hệ thống hoạch định nguồn lực doanh nghiệp,he thong hoach dinh nguon luc doanh nghiep,23,restricted,False,True,student_identity,token_v1,privacy_v1
stu_70c83909ffc7764f,c16dcbefd90f2cc2a2daa14cb12b370585835d1462ec9dddade2cb26e087791b,312510*****,L.H.P.,Nam,Hệ thống thông tin quản lý,he thong thong tin quan ly,25,restricted,False,True,student_identity,token_v1,privacy_v1
stu_a8b5b187b5774f7b,b742e01a52bedc609bd5a4250413e15068f34fd1b99263c31a4efe47d3a05d9c,312510*****,V.B.Ý.,Nữ,Kỹ sư Robot và Trí tuệ nhân tạo,ky su robot va tri tue nhan tao,25,restricted,False,True,student_identity,token_v1,privacy_v1
stu_6d16fd4c2fa40c49,fcdf60a1e03324a375cdfb88ea13cc51a784531ffca5687879f206f0f42ceb3f,312410*****,V.M.T.,Nam,Hệ thống thông tin quản lý,he thong thong tin quan ly,24,restricted,False,True,student_identity,token_v1,privacy_v1
stu_3f96a72b089ffeb7,067017277b0a59222e5f36062c2d0f2bb2e646b576344883e381e098b04e4e41,312310*****,Đ.T.Q.,Nam,Tài chính,tai chinh,23,restricted,False,True,student_identity,token_v1,privacy_v1
stu_e0729deb40c65b66,28886aa8120ee0523d9461d09fefecf3737ef1fc2e6ed7086f632562fcb26a7e,312510*****,D.P.Y.,Nữ,Công nghệ thông tin,cong nghe thong tin,25,restricted,False,True,student_identity,token_v1,privacy_v1
stu_6d4b2e77fc48f968,90d6124f9b41457646feda48f9d7eaf4a6a146c7514e940686b8d8409e9f2f85,312310*****,D.Á.Y.,Nữ,Quản trị kinh doanh,quan tri kinh doanh,23,restricted,False,True,student_identity,token_v1,privacy_v1
stu_4fbd5e34ae2db81b,23c029052505549b05dd2898250cc2bc4d23de244f6b68d4ae274132158cfd51,312410*****,L.P.M.,Nữ,Bảo hiểm,bao hiem,24,restricted,False,True,student_identity,token_v1,privacy_v1
stu_df88b28964f08f7d,0228d0caf1f78821792964a68cceca0f36c1feb8e6667194e591666a86bf7870,312410*****,Đ.H.A.,Nữ,Kế toán doanh nghiệp,ke toan doanh nghiep,24,restricted,False,True,student_identity,token_v1,privacy_v1
stu_cad988f99396e2cc,96a009a4e95fdc4c8da106d15e0294ea1d3ee9cb723400b5a6fc4a4a379d414e,312310*****,H.T.C.,Nam,Khoa học máy tính,khoa hoc may tinh,23,restricted,False,True,student_identity,token_v1,privacy_v1
stu_cce02d2b3f360c84,f86db172f8b2065d7361fe58e5364417cc7e13cb6d67075b7d6771c9b880d003,312310*****,Đ.B.Y.,Nữ,Kỹ sư Robot và Trí tuệ nhân tạo,ky su robot va tri tue nhan tao,23,restricted,False,True,student_identity,token_v1,privacy_v1
stu_4e9c5b91cbd1a712,7eeeba16005ae58389289bcce57a79914f41949ae90419e38cd1a640b670e992,312310*****,L.Q.M.,Nam,Kiểm toán,kiem toan,23,restricted,False,True,student_identity,token_v1,privacy_v1
stu_e62f8fd8b03586d2,d9c8e69aa2c16173ad895e35bea7a60c8e8350da8329eb9708ac2a20f5962876,312410*****,P.Q.T.,Nam,Khoa học dữ liệu,khoa hoc du lieu,24,restricted,False,True,student_identity,token_v1,privacy_v1
stu_145c5cb6d0191ce9,37b27491be425621fbe737970f17c60c1b2f8694162a1fba13392d18be2cdf88,312310*****,L.A.T.,Nam,Kinh doanh thương mại,kinh doanh thuong mai,23,restricted,False,True,student_identity,token_v1,privacy_v1
stu_cc734e25450066ca,7f954a1c5ab109c467a01168171785670deed2526b5bb915bfb72a1a337d0f47,312510*****,Đ.L.P.,Nữ,An toàn thông tin,an toan thong tin,25,restricted,False,True,student_identity,token_v1,privacy_v1
stu_d3cf151b071b6766,bc22676a062b41bd10db6b70dbff5670ff611d8d4767d60efd7c0b04f8451b68,312510*****,H.H.N.,Nữ,Quản trị Hải quan - Ngoại thương,quan tri hai quan ngoai thuong,25,restricted,False,True,student_identity,token_v1,privacy_v1
stu_03fdbb1b35bd520c,a0bb4f740cd3b480a3cce97d3397766a5635adf0ea0c0cede3b0e10449e8f675,312310*****,T.H.T.,Nam,Logistics và Quản lý chuỗi cung ứng,logistics va quan ly chuoi cung ung,23,restricted,False,True,student_identity,token_v1,privacy_v1
stu_2deb3551037392bc,11a6ef56d98fcde6f5d3624eb016d91c47dc0d5dc20f819edba1ff25d1d8a460,312510*****,H.N.T.,Nữ,Quản trị kinh doanh,quan tri kinh doanh,25,restricted,False,True,student_identity,token_v1,privacy_v1
stu_70eabafb0e0b45aa,94b1a99a9a0420375511e8e1dd24079f2511a6b1ca88929885e4aa57c3acb83e,312510*****,B.T.A.,Nữ,Công nghệ thông tin,cong nghe thong tin,25,restricted,False,True,student_identity,token_v1,privacy_v1
stu_e7e6ca7afbddb865,3c2b15e241defc4939a4446535ddf73dc96d5680d95c872c2ae917ddf12999d3,312410*****,B.T.T.,Nam,Kế toán công,ke toan cong,24,restricted,False,True,student_identity,token_v1,privacy_v1
stu_974414e259954fac,e38d4fe0e0fa58aabb12dd7e9dfd103de5c73830c8297025a32bbb9f943de4f1,312310*****,V.K.T.,Nữ,Khoa học máy tính,khoa hoc may tinh,23,restricted,False,True,student_identity,token_v1,privacy_v1
stu_65d6092b34439d5b,c4c24068342c70f86b407aae195e936faa46e159daa7d5f236ccd4230b0a797e,312410*****,N.B.T.,Nữ,Kinh doanh số,kinh doanh so,24,restricted,False,True,student_identity,token_v1,privacy_v1
stu_7d2bce0d0e69b137,68ed6d755f17a0990e13c7621b9a3a6691f39f9b6e2794323f11a0aaaeb6d494,312410*****,D.N.Y.,Nữ,Kinh tế,kinh te,24,restricted,False,True,student_identity,token_v1,privacy_v1
stu_78154b5a77260fcf,8e34c9074e426759e751e6b5aaef063a396e152c7fccb882b61660b62649a9c1,312510*****,P.T.M.,Nam,Công nghệ và đổi mới sáng tạo,cong nghe va doi moi sang tao,25,restricted,False,True,student_identity,token_v1,privacy_v1
stu_97051adf16f5b55c,079a7fa11ed662392baef93af738963d3248c656a196ef660d1ca76fb61637cb,312410*****,H.M.Đ.,Nam,Kỹ sư Robot và Trí tuệ nhân tạo,ky su robot va tri tue nhan tao,24,restricted,False,True,student_identity,token_v1,privacy_v1
stu_6b7ae1fe7f01726e,d00a62576b68b6574b7db101645269ff0878a194b63d20f94eab2c7ef376065d,312310*****,H.H.V.,Nữ,An toàn thông tin,an toan thong tin,23,restricted,False,True,student_identity,token_v1,privacy_v1
stu_9a99cab13f687d92,45e4f5ca4ee911495e4aac4462766426a5107b8c2a15cb0850a6670f7a5e3666,312410*****,L.L.C.,Nữ,Kinh doanh quốc tế,kinh doanh quoc te,24,restricted,False,True,student_identity,token_v1,privacy_v1
stu_74e3c437e74578e4,85cebc758da343c0ef4c94c703b705776bf6b651568fda3783730ecacdd7b0ca,312310*****,T.Q.N.,Nam,Logistics và Quản lý chuỗi cung ứng,logistics va quan ly chuoi cung ung,23,restricted,False,True,student_identity,token_v1,privacy_v1
stu_351ed33ebbba8363,51b89969dfa9f60a04140b24da717e88b1f09b4ffbcd4b30e25c64da7c58bd20,312510*****,B.K.Q.,Nữ,Quản trị kinh doanh,quan tri kinh doanh,25,restricted,False,True,student_identity,token_v1,privacy_v1
stu_846d9620c4178bd5,7a88ab27e66c30200b584bdefa07b99a1aa2d5aab053ce5831d5bad4d3064fef,312510*****,Đ.T.T.,Nữ,Kinh tế,kinh te,25,restricted,False,True,student_identity,token_v1,privacy_v1
stu_cee6642082d25684,407eb34106847da78cfd9bd3d40a44eb5829ba086efda4e158e498db3234c261,312410*****,T.G.K.,Nam,Công nghệ thông tin,cong nghe thong tin,24,restricted,False,True,student_identity,token_v1,privacy_v1
stu_13d1b3433e2a0594,9b78b4e9ec409f58f269ebcf1c8ee21dee77f5a51e8f33de56b5d310ccc3d69f,312410*****,Đ.Á.T.,Nữ,Hệ thống thông tin kinh doanh,he thong thong tin kinh doanh,24,restricted,False,True,student_identity,token_v1,privacy_v1
stu_e63722f06740100d,cefa19f8ba8ff54d656c66068f3a750cd8b6f66c4d06683d797b261e76c9e051,312410*****,D.N.L.,Nữ,Công nghệ nghệ thuật - ArtTech,cong nghe nghe thuat arttech,24,restricted,False,True,student_identity,token_v1,privacy_v1
stu_1e2a6fc1454136dc,517fa6000215643bc6cd5deca963a92e7622c150b8a106c8de867a16339452f9,312410*****,L.T.L.,Nữ,Kinh doanh số,kinh doanh so,24,restricted,False,True,student_identity,token_v1,privacy_v1
stu_51d1689a3e54b78b,ceefe3de1d6c0522dec53f0745f23f80177109d1137b3effc7144b72e4106b14,312310*****,Đ.K.Ý.,Nữ,Kinh doanh số,kinh doanh so,23,restricted,False,True,student_identity,token_v1,privacy_v1
stu_8a96d1503d5c7716,d0373b1393b7d7d12bf033bf7950167959acc9add2731f15173b2362a116212c,312410*****,T.H.T.,Nữ,Logistics và Quản lý chuỗi cung ứng,logistics va quan ly chuoi cung ung,24,restricted,False,True,student_identity,token_v1,privacy_v1
stu_cef7fe65352bb43f,0554396bd7f2307d38f0c5d9efafabdbaac3223945fe0fec1f0a86fcd9eeaeed,312310*****,H.Q.N.,Nam,Luật kinh doanh quốc tế,luat kinh doanh quoc te,23,restricted,False,True,student_identity,token_v1,privacy_v1
stu_c0c2937e4213ed0a,ad28f6fdbe0dff566312fc6a5f0229301e2d22daa1d78fa63a592cb0cd15aa04,312310*****,P.T.D.,Nữ,Công nghệ nghệ thuật - ArtTech,cong nghe nghe thuat arttech,23,restricted,False,True,student_identity,token_v1,privacy_v1
stu_466c2d4b42cb3249,a30665a2df5b93de04e9f3880bbc8f3a0939f0e4ada1b2e3dfb48814fc106d49,312510*****,H.H.C.,Nam,Quản trị kinh doanh,quan tri kinh doanh,25,restricted,False,True,student_identity,token_v1,privacy_v1
stu_1a23f3ab54b4392b,c6280c577639e291c808e76ea646fd07ef5608346508fa753f5298c09ebfb750,312410*****,L.Đ.P.,Nam,Công nghệ Tài chính,cong nghe tai chinh,24,restricted,False,True,student_identity,token_v1,privacy_v1
stu_92bd832b68341696,3864d45a0297a54cacb87425205b5e8e8d0a8beb236c1c5170b7c016d810bedf,312310*****,D.N.H.,Nữ,Kế toán doanh nghiệp,ke toan doanh nghiep,23,restricted,False,True,student_identity,token_v1,privacy_v1
stu_966766fc0c1a9ecb,3728b0975220d0a063b24ffcda09c9d8738f53767f1fb8fd2a9a6b763bae347f,312310*****,Đ.T.Đ.,Nam,Thị trường chứng khoán,thi truong chung khoan,23,restricted,False,True,student_identity,token_v1,privacy_v1
stu_2343b5771e950cab,eccc15720aef3a367c45107726cb18ff03a0be67348800a2a9eedda0e15ce1f3,312510*****,H.H.L.,Nữ,Quản lý công,quan ly cong,25,restricted,False,True,student_identity,token_v1,privacy_v1
stu_e69907bace6d9a63,9deae6a530089e24927228e50b95f56ac5440dfe716d6734605644fbe623a26b,312510*****,Đ.H.N.,Nữ,Quản lý công,quan ly cong,25,restricted,False,True,student_identity,token_v1,privacy_v1
stu_2ab5dc496b503d6d,daae01fcd8a5e68f0bb2916ec221de3686553b4b4b7756faa6a5761d73871954,312410*****,L.A.P.,Nam,Kinh doanh thương mại,kinh doanh thuong mai,24,restricted,False,True,student_identity,token_v1,privacy_v1
stu_f50565e36af57d77,6ed8b45c80c9b382603265800a7a5446e179a1f4a5ef02d1cbec5937e5385b4c,312410*****,Đ.V.A.,Nam,Kinh tế,kinh te,24,restricted,False,True,student_identity,token_v1,privacy_v1
stu_f3aca1d7bdb69615,56f5dc0dee15cfadda628afd180b13787f2803ff2d4926fdd736c46e728db58f,312310*****,L.H.A.,Nữ,Thị trường chứng khoán,thi truong chung khoan,23,restricted,False,True,student_identity,token_v1,privacy_v1
stu_fdfd7dde3cc9f239,c58096ad2fd411feafbe081cb42d29c221e20c45de25fd47b6bdc1e0e4b8a0e6,312410*****,N.T.T.,Nam,Quản trị Hải quan - Ngoại thương,quan tri hai quan ngoai thuong,24,restricted,False,True,student_identity,token_v1,privacy_v1
stu_02c562f45b1d6585,42451225bfde70dfd7c685b0f88eb43097313466c25d0df57a6715a91051d014,312310*****,P.P.V.,Nữ,Kế toán doanh nghiệp,ke toan doanh nghiep,23,restricted,False,True,student_identity,token_v1,privacy_v1
stu_5bbef4f24884334f,84b1e0f28be8302ace5bb1e6d813011088071b2d1aa128a64135e7b7589c77bb,312410*****,H.Đ.M.,Nam,Marketing,marketing,24,restricted,False,True,student_identity,token_v1,privacy_v1
stu_5fbf1256d9589dd3,c24f9f5634a94f3f300e17238379de61e4b0bf8ef2da3cccc335ae2490b12ea6,312310*****,Đ.G.N.,Nam,Khoa học máy tính,khoa hoc may tinh,23,restricted,False,True,student_identity,token_v1,privacy_v1
stu_0dadb1d0f45f07f2,e8653855557857069209eb4ad924c88b6643ad2a1cce429f5b1b8ef4f72b6daa,312510*****,N.B.D.,Nữ,Kiến trúc và thiết kế đô thị thông minh,kien truc va thiet ke do thi thong minh,25,restricted,False,True,student_identity,token_v1,privacy_v1
stu_6b14c9a204d1d4d2,6b6ad40f14a9435fc5b2fecf8fce1e8dcaf2053f7bfb908ecd5e7cb9468c164e,312310*****,D.G.V.,Nam,Hệ thống thông tin kinh doanh,he thong thong tin kinh doanh,23,restricted,False,True,student_identity,token_v1,privacy_v1
stu_5e0cb3e311bf8d18,57b7c69b68cda1853ed6bb5c569a7e4ea92c2086fb0f352a8b92432d564dba22,312510*****,P.T.A.,Nữ,Kiểm toán,kiem toan,25,restricted,False,True,student_identity,token_v1,privacy_v1
stu_3d5bcf270d5fb447,e996c3168fd8e365800ae90e041cc59618ec67e69c36755fd0b519b40be89ddf,312310*****,H.H.P.,Nam,Đầu tư tài chính,dau tu tai chinh,23,restricted,False,True,student_identity,token_v1,privacy_v1
stu_e688494476c4d8d1,f091ff79fe9ffac63d25f0ff2fd2c6c3021ae413ac35fcf8ba473346eff4aa57,312310*****,N.B.D.,Nữ,Kiểm toán,kiem toan,23,restricted,False,True,student_identity,token_v1,privacy_v1
stu_dfae99c043cbbe8e,51ab2e03573259adca1d014000ddd7654e38998103d80498388599dfc1422c70,312310*****,B.Đ.P.,Nam,Đầu tư tài chính,dau tu tai chinh,23,restricted,False,True,student_identity,token_v1,privacy_v1
stu_24be25dff626c2c3,2265c9103c790c1395ac9654da80b640eeba17c3ca990983a89237c71d2d326b,312410*****,B.H.H.,Nam,Quản trị Hải quan - Ngoại thương,quan tri hai quan ngoai thuong,24,restricted,False,True,student_identity,token_v1,privacy_v1
stu_e3eda0b69800af64,e4408fecf0add55f17250bd28dc30cf0d43c02b8f56c3d4bfe690d6a646ed8bf,312410*****,L.A.K.,Nam,Công nghệ logistics tích hợp chứng chỉ FIATA,cong nghe logistics tich hop chung chi fiata,24,restricted,False,True,student_identity,token_v1,privacy_v1
stu_f52558bc41a5bb3e,a5055d30b22d6027c981e75b0b0ce4224dccfb6f49b123c45f5c1e2dfae0360a,312410*****,P.Q.T.,Nam,Hệ thống thông tin quản lý,he thong thong tin quan ly,24,restricted,False,True,student_identity,token_v1,privacy_v1
stu_1f293fd65a2987b0,563ad25c1afe373ab4b4d49ad9fa59cd82ab1e93897f93b297b242e46b960094,312310*****,P.A.D.,Nam,Ngân hàng,ngan hang,23,restricted,False,True,student_identity,token_v1,privacy_v1
stu_969c05ea31474044,f06d0322cce543065389004685bc5f4a39dce93529035f49c02305ac8c315b01,312510*****,H.K.P.,Nữ,Thị trường chứng khoán,thi truong chung khoan,25,restricted,False,True,student_identity,token_v1,privacy_v1
stu_a2256b595684f41b,dd43c157dac7e2a52d3ec734b4bda631c3b7ee725b076feda8a3792bb027c58c,312510*****,L.H.D.,Nam,Hệ thống hoạch định nguồn lực doanh nghiệp,he thong hoach dinh nguon luc doanh nghiep,25,restricted,False,True,student_identity,token_v1,privacy_v1
stu_c0ba852a3057c48b,46575bd24e72864b82313e36cd291d8d3feb07a165a4df5ae723e05b94ced590,312410*****,P.T.C.,Nữ,Khoa học máy tính,khoa hoc may tinh,24,restricted,False,True,student_identity,token_v1,privacy_v1
stu_d6a0497e5e2c71ee,e3738fd7f71cc49b6565bcdb5108b224f8b9915553d27de53a884a2bb030873c,312310*****,B.T.L.,Nữ,Kế toán công,ke toan cong,23,restricted,False,True,student_identity,token_v1,privacy_v1
stu_e2cfbe5a0efea65d,2467cf4226c920a7ad50d6d428691c83988108e544586618ac34ba17a04ac3e6,312510*****,V.T.C.,Nữ,Kiểm toán,kiem toan,25,restricted,False,True,student_identity,token_v1,privacy_v1
stu_ea38686df7107d00,33b796ea50c9d4a9bb1f8eef023bc4c0689df986164f512fa48bc99a8d4cc5c1,312510*****,Đ.H.M.,Nam,Quản trị kinh doanh,quan tri kinh doanh,25,restricted,False,True,student_identity,token_v1,privacy_v1
stu_f9eccd5186ce5674,2ca38f177988529234ff815d56f550a6d106ffcaf53f2f6b7137332873e33220,312410*****,T.T.Q.,Nữ,Hệ thống hoạch định nguồn lực doanh nghiệp,he thong hoach dinh nguon luc doanh nghiep,24,restricted,False,True,student_identity,token_v1,privacy_v1
stu_173c664a51fe59b5,c455c9979999a32bd95c48f9e99df2c1bc8055def7339eb786915467d70276d4,312510*****,H.A.M.,Nam,Đầu tư tài chính,dau tu tai chinh,25,restricted,False,True,student_identity,token_v1,privacy_v1
stu_c3e5ae3e10601565,9ec6e387c0677af9d7619c4986e5cc721bf1e1531c1567ab70922e85ea3e8a1d,312510*****,D.B.A.,Nữ,Kinh doanh quốc tế,kinh doanh quoc te,25,restricted,False,True,student_identity,token_v1,privacy_v1
stu_3e9b0c662af05404,914bd7a361d502eab5ed8df4fb81994a6cce6ac80d467b7210e52019320782f0,312410*****,V.V.Đ.,Nam,Kinh tế đầu tư,kinh te dau tu,24,restricted,False,True,student_identity,token_v1,privacy_v1
stu_730013641509efb9,2c54b387848fefb8e8731612866e98d49dfd9076ba8b2db47d3a2c99c869ae48,312510*****,P.L.L.,Nữ,Ngân hàng,ngan hang,25,restricted,False,True,student_identity,token_v1,privacy_v1
stu_23146d20b05d6270,bf6577a9a61c631865063605c5c16c1fb50287aaab0d54efa0d9541f10fdf199,312410*****,V.L.V.,Nữ,Toán tài chính,toan tai chinh,24,restricted,False,True,student_identity,token_v1,privacy_v1
stu_509df207a0a58772,b8b0920b2f73ec5460f150e7ef4a5ce5491a48a3c035e31d5605b44d7a3b7387,312310*****,D.T.N.,Nam,Hệ thống hoạch định nguồn lực doanh nghiệp,he thong hoach dinh nguon luc doanh nghiep,23,restricted,False,True,student_identity,token_v1,privacy_v1
stu_1adea63affef1d72,85be18246b74f5655426bd580b3b131279c07c9c638e8e8c0be27df3ce60dfb4,312410*****,Đ.Đ.K.,Nam,Toán tài chính,toan tai chinh,24,restricted,False,True,student_identity,token_v1,privacy_v1
stu_99b0222ceacb6534,db721d0dd2025c178ea12cbc4f776ae6a8fea7dfadc1ddcc7852c1628b2950ee,312510*****,B.H.K.,Nam,Bảo hiểm,bao hiem,25,restricted,False,True,student_identity,token_v1,privacy_v1
stu_878f85501502a47a,ace0dd5e3e792f723a78da3f05eb8b3e3e91f8ac95c075ab16591f50a625b320,312310*****,L.N.Ý.,Nữ,Kinh tế đầu tư,kinh te dau tu,23,restricted,False,True,student_identity,token_v1,privacy_v1
stu_9e85c0d06098e839,0b62cde1a13377dd960ec43fe73d398be2fd2e7ff7fbac02b6b7730efbd640be,312410*****,P.T.U.,Nữ,Kiến trúc và thiết kế đô thị thông minh,kien truc va thiet ke do thi thong minh,24,restricted,False,True,student_identity,token_v1,privacy_v1
stu_2a638ae00a3ee905,c934d1b71cd75280e6370b20f4b3d6b8c72a15ecb85c797c59ab2dabfbc6ca0c,312310*****,T.Q.D.,Nam,Công nghệ Marketing,cong nghe marketing,23,restricted,False,True,student_identity,token_v1,privacy_v1
stu_23e9db8579850ff3,9f3324c8b02e55d058455e1e9986b85ff0c9a541fe74e33aa817112ca1d77b37,312310*****,T.Đ.Đ.,Nam,Quản trị Hải quan - Ngoại thương,quan tri hai quan ngoai thuong,23,restricted,False,True,student_identity,token_v1,privacy_v1
stu_23639d48abc169e5,5b2f08bdc462f19f93334bd84fe9f207e122509e78aa91e6fa4039ee516364b8,312510*****,T.T.M.,Nữ,Thị trường chứng khoán,thi truong chung khoan,25,restricted,False,True,student_identity,token_v1,privacy_v1
stu_6144580999d5ce59,b42ef04f229b88a49e017a3e54a7a4f13b260ff3416c3fc5b2bd5d22dc3bc1f0,312310*****,L.Á.C.,Nữ,Công nghệ Marketing,cong nghe marketing,23,restricted,False,True,student_identity,token_v1,privacy_v1
stu_d66f176e8a20b6e3,2c3bd476035541c14e192986d9771b1dc8518950ab379a533c5430203042d916,312510*****,Đ.T.Ý.,Nữ,Kinh tế,kinh te,25,restricted,False,True,student_identity,token_v1,privacy_v1
stu_ae01442e8c6c1540,1ff1ea82390f27fd664d4335422e63998970860ae8f87bbeddf845fb53c2f0f7,312510*****,Đ.H.L.,Nam,Kiểm toán,kiem toan,25,restricted,False,True,student_identity,token_v1,privacy_v1
stu_68f1cb0196193615,522092d7ce63ae7e6dabbd3b8e7372b2b04f42adc6e633b3b06753bd4e7d0248,312310*****,L.Đ.L.,Nam,Thị trường chứng khoán,thi truong chung khoan,23,restricted,False,True,student_identity,token_v1,privacy_v1
stu_5d9c3e2bf524c940,df4c4e120cc58549e061d45d56532611738d0d5f231ae94b0ad6cd4a4e92ff10,312510*****,T.M.K.,Nam,Hệ thống thông tin quản lý,he thong thong tin quan ly,25,restricted,False,True,student_identity,token_v1,privacy_v1
stu_787a44d95dd91a1a,541325604d5145da59ade3f3f5353de93bc7622bae85c8dccd3254a73a043b52,312410*****,T.T.V.,Nam,Kỹ sư Robot và Trí tuệ nhân tạo,ky su robot va tri tue nhan tao,24,restricted,False,True,student_identity,token_v1,privacy_v1
stu_3c29b5b6c122609f,ac7010f772498843da2eab96f5cb3cd64214852aec3e2fd4738143415b79a5ef,312310*****,L.Đ.H.,Nam,Marketing,marketing,23,restricted,False,True,student_identity,token_v1,privacy_v1
stu_9310873e8dc0d0a8,42f4817634eb400b7e5df4b828c8fdbf55963647bb71fa26d437102e1a6617d7,312510*****,Đ.T.V.,Nữ,Kinh doanh số,kinh doanh so,25,restricted,False,True,student_identity,token_v1,privacy_v1
stu_80932b2ae690aba2,80972407d827464a15ddf1a8799775b50ebd79d00cb0c5227864966f22133b33,312410*****,B.L.M.,Nữ,Kinh doanh quốc tế,kinh doanh quoc te,24,restricted,False,True,student_identity,token_v1,privacy_v1
stu_0d4fdbd08bffc765,a75fcce8d7a1052e2e2359555198b05b5a59fa5835a7beb0bc14a9cc6331357c,312310*****,Đ.Á.T.,Nữ,Toán tài chính,toan tai chinh,23,restricted,False,True,student_identity,token_v1,privacy_v1
stu_f6c47e1fa7c340cd,98401db3ff0508d5e7451318a158d4b68963c2cde24dd3a08fd573ffc560302c,312310*****,Đ.G.A.,Nam,Logistics và Quản lý chuỗi cung ứng,logistics va quan ly chuoi cung ung,23,restricted,False,True,student_identity,token_v1,privacy_v1
stu_75655afed7bea994,55c62cc83ee09fe1284b8aceb8987325cae91ba552c7b45ae70c19b7b55cb221,312310*****,Đ.Q.L.,Nam,Thị trường chứng khoán,thi truong chung khoan,23,restricted,False,True,student_identity,token_v1,privacy_v1
stu_e0774c507a3b7746,2132b85b080d2f3d4d5018052f24ab5deb9bbb82f8cc8d8a5a3242f5cde03ebc,312310*****,L.H.V.,Nữ,Kinh doanh quốc tế,kinh doanh quoc te,23,restricted,False,True,student_identity,token_v1,privacy_v1
stu_78db05bed365313d,2b621cd2404ebf69744106605f4fee9942756bd75b173a4842c7370803b3a9a7,312310*****,Đ.N.H.,Nữ,Đầu tư tài chính,dau tu tai chinh,23,restricted,False,True,student_identity,token_v1,privacy_v1
stu_b82d1b973001c611,3f183b76678f40ca872312c809aad64844f7f55937cbb8bd8772463933defb86,312410*****,V.T.P.,Nam,Khoa học máy tính,khoa hoc may tinh,24,restricted,False,True,student_identity,token_v1,privacy_v1
stu_59de92b6f9f16549,92a0f88f8b252741be89343f322149392f9f7cf9fb2c0d78aae9f6cf3961f9d9,312510*****,L.T.Đ.,Nam,Công nghệ nghệ thuật - ArtTech,cong nghe nghe thuat arttech,25,restricted,False,True,student_identity,token_v1,privacy_v1
stu_44df97b9239f23eb,05933592b6fcbd4a7b5011497861e2e9ea9c2b9a97a8ea88c3247c289806f2eb,312410*****,M.T.B.,Nam,Hệ thống thông tin kinh doanh,he thong thong tin kinh doanh,24,restricted,False,True,student_identity,token_v1,privacy_v1
stu_cbf9513fd0a124f2,073fccda976938168ae1eb69b77b6b63aea80fa2d5b20833b31da875aadbb8f0,312310*****,Đ.P.T.,Nữ,Kinh tế đầu tư,kinh te dau tu,23,restricted,False,True,student_identity,token_v1,privacy_v1
stu_d9585b7e982b631e,a8d54592380891b4594c3664a92ebb39fc72ff1ddc2dfe8f1a7e05c62518696a,312310*****,H.V.P.,Nam,Công nghệ thông tin,cong nghe thong tin,23,restricted,False,True,student_identity,token_v1,privacy_v1
stu_79a20003619e3aaf,de2024a848df990dc9356612b4c8edda05ba636d98981c065a1d15bf480ce9f9,312310*****,B.H.M.,Nam,Thị trường chứng khoán,thi truong chung khoan,23,restricted,False,True,student_identity,token_v1,privacy_v1
stu_db5c9cea8f9295f9,3e9da7b2949a06110a69d7044e8d9a3e631df1b742c7cfe8c9b3c0d793a39844,312310*****,D.L.Y.,Nữ,Đầu tư tài chính,dau tu tai chinh,23,restricted,False,True,student_identity,token_v1,privacy_v1
stu_a449d008e009d9b4,b653022cda0b3428a53605c8e580d21e20adf36da4b4d8f8352540e8c975a0e1,312310*****,Đ.P.H.,Nữ,Tài chính,tai chinh,23,restricted,False,True,student_identity,token_v1,privacy_v1
stu_ed85beccbc9927be,e12ba67b848db08a2f7f032e78d98e95f9cbd52018a98917dd945086ea1e0e3e,312410*****,T.T.V.,Nữ,Công nghệ và đổi mới sáng tạo,cong nghe va doi moi sang tao,24,restricted,False,True,student_identity,token_v1,privacy_v1
stu_c9f9b5c63cd4322a,72cfea28acf77567ec9abe258f60986e05ed39b3ceb46ca4c5bbddcc32bcbbd1,312410*****,Đ.P.H.,Nữ,Logistics và Quản lý chuỗi cung ứng,logistics va quan ly chuoi cung ung,24,restricted,False,True,student_identity,token_v1,privacy_v1
stu_77a54c3ecd309173,ac034026e1666ab06f874c3baef9580a7da64ea7b8a0f8e088f13740aa7ada43,312410*****,L.Đ.N.,Nam,Công nghệ và đổi mới sáng tạo,cong nghe va doi moi sang tao,24,restricted,False,True,student_identity,token_v1,privacy_v1
stu_af53656558e60b6d,b605da737276285ffa6cfa20a68178c93be1f416cc264a9004f252b381a09e92,312510*****,V.H.N.,Nam,Hệ thống thông tin quản lý,he thong thong tin quan ly,25,restricted,False,True,student_identity,token_v1,privacy_v1
stu_398e4b022bd54091,96dc60996b9d340a966e84a18e95ef9de396903f0ae07c1176b30e342c5b386e,312410*****,P.Đ.T.,Nam,Marketing,marketing,24,restricted,False,True,student_identity,token_v1,privacy_v1
stu_64eceed16f2e6de1,0cad4639535c22d272d539e10fef9c51e02c607286bd47a3cf298f2de5fbd324,312410*****,Đ.L.A.,Nữ,Kinh tế,kinh te,24,restricted,False,True,student_identity,token_v1,privacy_v1
stu_49af36744a539764,dbd1e66ad68ccaf2ec7e7a96db6e95aebe8d128190c95fd22ed93c0d2960a90f,312310*****,M.N.T.,Nữ,Kinh doanh nông nghiệp,kinh doanh nong nghiep,23,restricted,False,True,student_identity,token_v1,privacy_v1
stu_8e5d9ecdba99f99c,9cddd91d7bf0c0f0a3856c4a598387238c9a213adb1a7c0c9184b3cd53eaa326,312310*****,H.T.H.,Nữ,Bất động sản,bat dong san,23,restricted,False,True,student_identity,token_v1,privacy_v1
stu_61a37bdf4b7ee56c,1d7e262f52f76c844ff549d7ea23c73d0ee2a801623f26d6f2fadb415dc82a20,312310*****,Đ.V.Q.,Nam,Công nghệ logistics tích hợp chứng chỉ FIATA,cong nghe logistics tich hop chung chi fiata,23,restricted,False,True,student_identity,token_v1,privacy_v1
stu_aff328d7a26c07b1,010abfecab70433b325eebe32e89d1171067090e49781b528a844a0f18dad8a0,312410*****,N.T.L.,Nữ,Công nghệ thông tin,cong nghe thong tin,24,restricted,False,True,student_identity,token_v1,privacy_v1
stu_3b96ec29f38313ec,b773903585986312e02220c42d89cd246df3c3e24e7ac9729d9a2b5d1f3f5700,312310*****,L.Á.Ý.,Nữ,Toán tài chính,toan tai chinh,23,restricted,False,True,student_identity,token_v1,privacy_v1
stu_71865d4453d8439e,9cb5c85089ffaf645aacbfd2d3a72547090675cf3d9669f815df3ed4334239c7,312510*****,H.G.H.,Nam,Đầu tư tài chính,dau tu tai chinh,25,restricted,False,True,student_identity,token_v1,privacy_v1
stu_9e85f07aabafd80d,82c9b886153e0757f585d196394b7bc57b568875b33f46f85e1227641701676a,312410*****,Đ.Q.T.,Nam,Bất động sản,bat dong san,24,restricted,False,True,student_identity,token_v1,privacy_v1
stu_e76a52ef6bff2898,e4a880ef9677ea62921f95b9d03bc59151d7ecf04cfd98df4bc01ae3d5f661a2,312310*****,L.Đ.N.,Nam,Kiểm toán,kiem toan,23,restricted,False,True,student_identity,token_v1,privacy_v1
stu_b15418cfae16eb5b,510b631aecfde0592e49aff6494725eb659641492dc671eb4f46d12253ca9311,312310*****,H.B.T.,Nữ,Kinh tế,kinh te,23,restricted,False,True,student_identity,token_v1,privacy_v1
stu_f1fdf5528f588588,061d588f8276e0f40e33db5ce92a1e515b529b035637c40042260da7851564d8,312510*****,L.L.V.,Nữ,Tài chính,tai chinh,25,restricted,False,True,student_identity,token_v1,privacy_v1
stu_9eaf5e73d04c387e,0e07612aab663eb6551a6399609c3fe482400df8c27c2b70194011a53f0dc825,312310*****,L.T.C.,Nữ,Công nghệ nghệ thuật - ArtTech,cong nghe nghe thuat arttech,23,restricted,False,True,student_identity,token_v1,privacy_v1
stu_ecf2ca00934d0e3e,b536918e64657a074e90a673b9b584291b818bb68a20c539387851ac710a2b12,312510*****,L.P.L.,Nữ,Khoa học dữ liệu,khoa hoc du lieu,25,restricted,False,True,student_identity,token_v1,privacy_v1
stu_884287cb81ef890c,24317fa47a87a4f6cb8b6757635165c32c3c2f5ef409116e00e05cad194c6fbe,312410*****,Đ.K.M.,Nữ,Bảo hiểm,bao hiem,24,restricted,False,True,student_identity,token_v1,privacy_v1
stu_af9f95bda859c374,a8fb7ec55c0c82f683d00d6fe3a3230d61464594562947b15017b828ec41e0b5,312410*****,H.T.V.,Nữ,Tài chính,tai chinh,24,restricted,False,True,student_identity,token_v1,privacy_v1
stu_b87455eb499e7b89,739a408dedadbc5e3d2758abde8f3afc87bb2cbd6c3994dc308ef1e43a7eb6eb,312310*****,H.N.D.,Nữ,Kiểm toán,kiem toan,23,restricted,False,True,student_identity,token_v1,privacy_v1
stu_4af057d8767ad157,7851680458825a2c12383e3e6313514d89d210dee5dff5937ffda5d2a3553db6,312510*****,N.Q.N.,Nam,Kinh tế đầu tư,kinh te dau tu,25,restricted,False,True,student_identity,token_v1,privacy_v1
stu_c1abc84fa745fa25,bef04b981427c3f73b9aaeb7250f7dd830b97f12ae3fd686320df7b6e0c4b127,312410*****,D.H.H.,Nữ,Đầu tư tài chính,dau tu tai chinh,24,restricted,False,True,student_identity,token_v1,privacy_v1
stu_432390acfd7cd96c,f16dbb5462704439c7a8eecd41c9bf0f6acfa1a26363dab7d0d8353422154329,312510*****,H.T.H.,Nam,Kế toán công,ke toan cong,25,restricted,False,True,student_identity,token_v1,privacy_v1
stu_c291c6cc652110a0,4445119ea78792d2f11ee2b58d028ff51f82f16c9a201ec46325e31a75d50e01,312410*****,B.H.K.,Nam,Công nghệ và đổi mới sáng tạo,cong nghe va doi moi sang tao,24,restricted,False,True,student_identity,token_v1,privacy_v1
stu_d6c12b2e8d8b4d08,43f21bc63fed52ef2cdd4a3e0dcfec2e9b4e28fda8d8689b58ff125f8485a6aa,312510*****,B.M.A.,Nam,Toán tài chính,toan tai chinh,25,restricted,False,True,student_identity,token_v1,privacy_v1
stu_7d25cbaf130f923f,a0ba00ae57269e62c5a988e1c28c2effffaadc295376c70e8c1296fbaca904ec,312410*****,D.K.H.,Nữ,Kinh doanh quốc tế,kinh doanh quoc te,24,restricted,False,True,student_identity,token_v1,privacy_v1
stu_51b8323148b78c4c,1f3488a59a5fcc47626efa1020a096391da6b4e56487d322879c32c7d8db4197,312310*****,N.G.T.,Nam,Hệ thống thông tin quản lý,he thong thong tin quan ly,23,restricted,False,True,student_identity,token_v1,privacy_v1
stu_13096eccb34add0e,405a54b05fd569aaef60b38584599148de11a7f3b59a20314a08a9ff254a878d,312510*****,M.Q.M.,Nam,Kiểm toán,kiem toan,25,restricted,False,True,student_identity,token_v1,privacy_v1
stu_a2b16b408d84989d,9a3f089ac097f8f0f98590174ae3dde102071ffbf3eb9df449deec36ba35d345,312410*****,H.H.Ý.,Nữ,Bảo hiểm,bao hiem,24,restricted,False,True,student_identity,token_v1,privacy_v1
stu_66240f47f8bb0ebb,404887a41b20cfd46d33c7e4714e70c8df201ff82715bb6262304e846fabd472,312510*****,H.P.T.,Nữ,Quản trị kinh doanh,quan tri kinh doanh,25,restricted,False,True,student_identity,token_v1,privacy_v1
stu_ea1713ca112b4010,9ea258bf96ed9b731eb48c0ff101b9d5696e199087b3e43f42a5d79b8ba49b4f,312310*****,V.V.T.,Nam,Quản trị kinh doanh,quan tri kinh doanh,23,restricted,False,True,student_identity,token_v1,privacy_v1
stu_78e32b03c1b62d9a,3b4fb5094bf82b7cafeaec17b0cca94bcba23d2a0a4ad5e069e00e6995601d95,312410*****,P.Q.C.,Nam,An toàn thông tin,an toan thong tin,24,restricted,False,True,student_identity,token_v1,privacy_v1
stu_8406f2ae197c1865,b97784c1291cbdf533a7fe1ddc308d341f2d424053b317f6679b2fd8a18ade7b,312410*****,B.Á.M.,Nữ,Hệ thống thông tin kinh doanh,he thong thong tin kinh doanh,24,restricted,False,True,student_identity,token_v1,privacy_v1
stu_b8f65c3169e9b63f,bebc2acf5fa53f3796b9731f7e32145d77d00bb7eedd669dac2c948837982566,312410*****,B.P.Ý.,Nữ,Marketing,marketing,24,restricted,False,True,student_identity,token_v1,privacy_v1
stu_004191135ece3f93,47a6c9003b773ce64acbaea4c2830fc3aa94fad1711cc326abcb8b3718056ba4,312510*****,Đ.H.V.,Nam,Toán tài chính,toan tai chinh,25,restricted,False,True,student_identity,token_v1,privacy_v1
stu_5e115595deefe961,cbc1d3aa6e292a934718b3c5ea6f2ecda74e567c1c7b59f75a014d587b5803ea,312310*****,T.H.T.,Nữ,Quản lý công,quan ly cong,23,restricted,False,True,student_identity,token_v1,privacy_v1
stu_2bea256b73ac2f55,4bed32dffb51cde53d4a9591113eca7ee48544dabae4777ac7c9c377adcdb360,312510*****,Đ.A.T.,Nam,Thị trường chứng khoán,thi truong chung khoan,25,restricted,False,True,student_identity,token_v1,privacy_v1
stu_644b6e9e5b168955,b495424a4566b3d7685be5d06b050370d641fbb4b1aaed32e0653d551e3a8d5b,312410*****,N.T.T.,Nam,Kinh doanh nông nghiệp,kinh doanh nong nghiep,24,restricted,False,True,student_identity,token_v1,privacy_v1
stu_bc3198dbf86a1b0c,827603001dd2034ae272f4d5cd346bc741d7374e63b983e1723f944b3285d5f5,312510*****,D.A.C.,Nam,Công nghệ logistics tích hợp chứng chỉ FIATA,cong nghe logistics tich hop chung chi fiata,25,restricted,False,True,student_identity,token_v1,privacy_v1
stu_9231c78779b449e7,b151017d30d0ab99a5e2a1e050a84fcc1bd8f68d81b7c2c9a2486dbca1ea4c57,312310*****,H.Đ.Q.,Nam,Tài chính,tai chinh,23,restricted,False,True,student_identity,token_v1,privacy_v1
stu_322faaa1afa38ce2,3c377b8fac4f10e89a579bf5130c2b79a1406867f1a87135b48bed97e9683a40,312310*****,T.B.T.,Nữ,Ngân hàng,ngan hang,23,restricted,False,True,student_identity,token_v1,privacy_v1
stu_7eca5717539a0751,eddee1b53ccb178d98b823a076c49bf519eeef1e04a7b8b59756bf4a8127895c,312410*****,P.H.D.,Nam,Công nghệ nghệ thuật - ArtTech,cong nghe nghe thuat arttech,24,restricted,False,True,student_identity,token_v1,privacy_v1
stu_aa0de929f59358fd,32ceb56ef32ea7761842544d49e31a0e4840577c9e744bb910970ca2e90ce2a9,312510*****,Đ.Đ.H.,Nam,Ngân hàng,ngan hang,25,restricted,False,True,student_identity,token_v1,privacy_v1
stu_cffb8dae2426fb9f,6311ba81c3b1d13a27d9146f5aed8477f5af1e3065fba641749e27fbe8509b8f,312410*****,T.N.P.,Nữ,Hệ thống hoạch định nguồn lực doanh nghiệp,he thong hoach dinh nguon luc doanh nghiep,24,restricted,False,True,student_identity,token_v1,privacy_v1
stu_c8794ce5d08c764c,45307b921697296e2e625b22e59fd6a6794d85bd95134ebb680827db5144b372,312310*****,T.Đ.P.,Nam,Đầu tư tài chính,dau tu tai chinh,23,restricted,False,True,student_identity,token_v1,privacy_v1
stu_0491e3f3c104a224,b8214072d7a7728e3ea1bf26a16827a7350a550877946daecd48d18e893474e4,312510*****,H.T.H.,Nữ,Kinh doanh nông nghiệp,kinh doanh nong nghiep,25,restricted,False,True,student_identity,token_v1,privacy_v1
stu_b1eb0a006d3d2b19,bbbc0d970f030e6d42ed69478602137ce2ed245aba57612d8cb19a2eb68e9606,312310*****,N.Á.T.,Nữ,Hệ thống thông tin quản lý,he thong thong tin quan ly,23,restricted,False,True,student_identity,token_v1,privacy_v1
stu_28676cc99a02dde3,b2aa9232a306d4bc123f5fcd3927b9c80219eab303dfd4f718a0751fd97e71c9,312510*****,V.B.Y.,Nữ,Quản trị Hải quan - Ngoại thương,quan tri hai quan ngoai thuong,25,restricted,False,True,student_identity,token_v1,privacy_v1
stu_280b3e178bb60639,0200e3e8b1d063d5956cbecb46320c2ac506982b6efeb1cd514539d012b7387f,312410*****,L.L.Ý.,Nữ,Quản trị kinh doanh,quan tri kinh doanh,24,restricted,False,True,student_identity,token_v1,privacy_v1
stu_1bc3d88f772fb0a0,d2ee17929df873c1f8aefa4fe8fe3156c7cb653850163590af68b48288eb0678,312310*****,M.H.L.,Nữ,An toàn thông tin,an toan thong tin,23,restricted,False,True,student_identity,token_v1,privacy_v1
stu_bfa9080bcdf43c2d,9bd77861973138a8d784d2a30276a3c9f774764967a374cd9a7a4150df30ffbd,312310*****,Đ.V.H.,Nam,Công nghệ logistics tích hợp chứng chỉ FIATA,cong nghe logistics tich hop chung chi fiata,23,restricted,False,True,student_identity,token_v1,privacy_v1
stu_861abbb8dc93a1af,b141c4d88543995762065e96d163559eb12b0d6617bc5214740ad14cc2429234,312510*****,B.T.C.,Nữ,Bất động sản,bat dong san,25,restricted,False,True,student_identity,token_v1,privacy_v1
stu_9073d95ec45e90ab,90e83e050f1b9e76079e7cc21e52fb6bb6d2282f96bf415d3be99e8817674527,312410*****,Đ.G.T.,Nam,Công nghệ Tài chính,cong nghe tai chinh,24,restricted,False,True,student_identity,token_v1,privacy_v1
stu_2d75d159d4807618,5170ec4faa216602be7ccb50ff487614806561e4777b95218df13978701a5067,312310*****,T.T.N.,Nữ,Kỹ sư Robot và Trí tuệ nhân tạo,ky su robot va tri tue nhan tao,23,restricted,False,True,student_identity,token_v1,privacy_v1
stu_5fe754eb6b314554,5356f634b60cc412a27e77bdd5f83c4d893896417472a1806e41def6c7fd35ac,312410*****,N.H.C.,Nam,Kinh doanh quốc tế,kinh doanh quoc te,24,restricted,False,True,student_identity,token_v1,privacy_v1
stu_67837bfa7f5f86f2,b4ef61b399cbfc44cbcda89419af4931648f9f5ca54c23c9441ecfff6400772d,312410*****,V.T.H.,Nam,Kiến trúc và thiết kế đô thị thông minh,kien truc va thiet ke do thi thong minh,24,restricted,False,True,student_identity,token_v1,privacy_v1
stu_256937fec450dde7,79a03e468fa3d86ea9f5a573af4dca56e16117dfdc3c0cc253046e80a8d3631c,312510*****,M.V.D.,Nam,Luật kinh doanh quốc tế,luat kinh doanh quoc te,25,restricted,False,True,student_identity,token_v1,privacy_v1
stu_962ff4eb275f9754,8c2aa9569648e5505498bf2cd01e5323bfd9575b5eeb8957866114be3e3515fc,312310*****,N.L.P.,Nữ,Thị trường chứng khoán,thi truong chung khoan,23,restricted,False,True,student_identity,token_v1,privacy_v1
stu_32270a07ff79ad55,1b9088ab0fc68c4cfa93c59482845569b7b6dcd202426d436a75de7568e3b412,312510*****,H.L.Y.,Nữ,Khoa học máy tính,khoa hoc may tinh,25,restricted,False,True,student_identity,token_v1,privacy_v1
stu_7ccd441c1f6794ad,9f3f048564f72919d41d0c6033779ea35cec6df40e7967af54c9ba46c86468df,312510*****,L.N.Ý.,Nữ,Quản trị Hải quan - Ngoại thương,quan tri hai quan ngoai thuong,25,restricted,False,True,student_identity,token_v1,privacy_v1
stu_203c5e4c696e83d3,0bb42cf4049c3bf8ede2cd23b435654354b3df06d9b213f70c81ba929595ac93,312510*****,N.H.A.,Nam,Kế toán doanh nghiệp,ke toan doanh nghiep,25,restricted,False,True,student_identity,token_v1,privacy_v1
stu_cd25f33875bc1afe,388b8fe38c01dcb2df32c8565b9f7435198c19225d7ff1884439eef3eb7c92c6,312510*****,M.Đ.T.,Nam,Quản lý công,quan ly cong,25,restricted,False,True,student_identity,token_v1,privacy_v1
stu_d7b4e7cd5c273cf6,0903f6a931f6bffae42bd6405b7274b33169e7decb684d98043b12ba98d67509,312410*****,N.Q.P.,Nam,Bất động sản,bat dong san,24,restricted,False,True,student_identity,token_v1,privacy_v1
stu_24e80726aeaca0bd,26140645fa35431f3dff6d9300373c51cbd75f2999b30ce76c9461b81a2ab8bf,312310*****,Đ.H.P.,Nữ,Khoa học máy tính,khoa hoc may tinh,23,restricted,False,True,student_identity,token_v1,privacy_v1
stu_d9eac2efcc3d9789,9966f7ccc7b9c6cc41f6c89d3ba3d05d92b4c19684eda78336d6a2a7dea88840,312310*****,B.P.Y.,Nữ,An toàn thông tin,an toan thong tin,23,restricted,False,True,student_identity,token_v1,privacy_v1
stu_ab3309264266ef45,6d44c6976c8df4effe9baa58aacd518e2885347107656a8cb504c142c6cd1dcd,312310*****,B.Á.T.,Nữ,Bảo hiểm,bao hiem,23,restricted,False,True,student_identity,token_v1,privacy_v1
stu_73d3544b151f9eab,4ef4a0a4995fe62e4b7c0af13a0ad207cc3ddf27922a3d976389972727940078,312510*****,H.Á.V.,Nữ,Bất động sản,bat dong san,25,restricted,False,True,student_identity,token_v1,privacy_v1
stu_ecda1134f617c04a,f74b382018a081dc6360d62d6ebdfd80f0246882c4cc03fd3379e8bcc5fd1d15,312410*****,Đ.T.N.,Nam,Kinh doanh số,kinh doanh so,24,restricted,False,True,student_identity,token_v1,privacy_v1
stu_743cb8052f06d221,21072e0317ae275efaf2bbcf74b9131b9d92f50deddcbc13d12424ecebdbcc79,312510*****,P.G.Q.,Nam,Kinh doanh quốc tế,kinh doanh quoc te,25,restricted,False,True,student_identity,token_v1,privacy_v1
stu_9d3e1c86df58cf47,5323741d7d9034071af8a3044c2cbd2111e7572b7b349ceb0e7b83a572dffee2,312310*****,N.T.T.,Nữ,Kinh doanh thương mại,kinh doanh thuong mai,23,restricted,False,True,student_identity,token_v1,privacy_v1
stu_827286e51d204d6c,795f4482896bc54861141eda3552f981f64b399ddfd7bebbd69acb3bf24d2232,312310*****,H.L.H.,Nữ,Toán tài chính,toan tai chinh,23,restricted,False,True,student_identity,token_v1,privacy_v1
stu_5ac364dcce87c5cd,c7f0a1ef543945ad6fcce2f661c2a27cf81d8aeb69e63c6aba0614aa0b7f5a2e,312510*****,V.Đ.C.,Nam,Kinh doanh nông nghiệp,kinh doanh nong nghiep,25,restricted,False,True,student_identity,token_v1,privacy_v1
stu_b904e5dbc1b570cd,25e934eead299aacf0ab06f07517cb2b87fe48f4094a76528b50164aad1d01b7,312310*****,Đ.B.U.,Nữ,Quản trị Hải quan - Ngoại thương,quan tri hai quan ngoai thuong,23,restricted,False,True,student_identity,token_v1,privacy_v1
stu_f7830142448431be,681eb469f9f6c5741d0479b9c4dfa59d157978392ee0a905d90ce870bfabb714,312310*****,T.B.D.,Nữ,Kinh doanh nông nghiệp,kinh doanh nong nghiep,23,restricted,False,True,student_identity,token_v1,privacy_v1
stu_7e8dd8e5ce0b2ac9,a625362d272ecc08e0205d1b6cf81c38eb6f5e6a2511c1350342ec7ffe41471f,312510*****,Đ.N.L.,Nữ,Ngân hàng,ngan hang,25,restricted,False,True,student_identity,token_v1,privacy_v1
stu_93af390de9f476a5,88d4b6e436f50b418216b22ba4c89076abc0dafac15592625be10f1913cfdf50,312410*****,B.N.H.,Nữ,Kinh doanh số,kinh doanh so,24,restricted,False,True,student_identity,token_v1,privacy_v1
stu_55eab45189606d50,cd3a61faf035ee4530a9538aec535ef998a1109efcbfd70f0cbf2189ad518ecb,312510*****,T.A.T.,Nam,Thị trường chứng khoán,thi truong chung khoan,25,restricted,False,True,student_identity,token_v1,privacy_v1
stu_456ada0508e35a13,f52afa1cac41b18c52aa1bd087703184a9b8a58dc5700952779f125738c31349,312310*****,T.L.D.,Nữ,Thị trường chứng khoán,thi truong chung khoan,23,restricted,False,True,student_identity,token_v1,privacy_v1
stu_cd8a36f479676bd6,395fd188ac002e53d690091ff04ae0c1f6cecd3bebc1c24e72a3f08686dac185,312410*****,Đ.T.A.,Nam,Kinh doanh số,kinh doanh so,24,restricted,False,True,student_identity,token_v1,privacy_v1
stu_3c11f0060f6153e4,afce0186353ae25152def909fe2a8b05763a1e1c8198914495f2436da4621170,312510*****,P.T.N.,Nam,Kinh doanh nông nghiệp,kinh doanh nong nghiep,25,restricted,False,True,student_identity,token_v1,privacy_v1
stu_193534051e5f500d,58e7ec15bab04d4a8cce735285083813804843f380d06368bf991f974992a33c,312410*****,V.M.K.,Nam,Toán tài chính,toan tai chinh,24,restricted,False,True,student_identity,token_v1,privacy_v1
stu_b5c65e933ea4d5e1,0ceba7b8d174832b2e98b1a6861aec346c74bc695d23a749b6edc197d7702673,312310*****,P.H.S.,Nam,Kiểm toán,kiem toan,23,restricted,False,True,student_identity,token_v1,privacy_v1
stu_5ef0a6823a74e0ce,30bbb264b2642e4a95f769392afb4564682c954476a90e6d0eec78e5adba8161,312410*****,Đ.G.M.,Nam,Kỹ sư Robot và Trí tuệ nhân tạo,ky su robot va tri tue nhan tao,24,restricted,False,True,student_identity,token_v1,privacy_v1
stu_eb0854c1ac8eac53,583dce24109b0ac89a4af111bdda997e00397fe456dc534b6f0a7f79b6efb5b3,312310*****,L.Á.C.,Nữ,Hệ thống hoạch định nguồn lực doanh nghiệp,he thong hoach dinh nguon luc doanh nghiep,23,restricted,False,True,student_identity,token_v1,privacy_v1
stu_c556dcccf2c099c0,5f3cf48d8366d0d0ce797074383a57882ae956f71f5f9a7a5601817cffad646f,312310*****,P.Đ.B.,Nam,Công nghệ và đổi mới sáng tạo,cong nghe va doi moi sang tao,23,restricted,False,True,student_identity,token_v1,privacy_v1
stu_e17e6b42ef569576,134ab4261c62128b68cfd6fc13102a3b64fdbe882ce0f12a29d0445c9dfce1ff,312410*****,M.G.V.,Nam,Công nghệ nghệ thuật - ArtTech,cong nghe nghe thuat arttech,24,restricted,False,True,student_identity,token_v1,privacy_v1
stu_dfb2ff4200952aee,15ff0eeceb1fd90b8eb8f1e9d2992107c3aa2f9f662706d9ac5e349041b2c035,312410*****,L.H.V.,Nam,Kinh doanh thương mại,kinh doanh thuong mai,24,restricted,False,True,student_identity,token_v1,privacy_v1
stu_a07b2ff0ed2a40d3,281fcae4c7c828b039e843c1a6089c747da2dc9114367ae75f75d07a8c29f06e,312310*****,P.Á.N.,Nữ,Công nghệ và đổi mới sáng tạo,cong nghe va doi moi sang tao,23,restricted,False,True,student_identity,token_v1,privacy_v1
stu_911fc1cc7197b3c5,a39667d05df61ed653cde3c66d53166d3f66fc35c043ef89d04031829b1f48e3,312410*****,H.G.N.,Nam,Quản lý công,quan ly cong,24,restricted,False,True,student_identity,token_v1,privacy_v1
stu_3f7cae46dd512963,4c037ddd899cd7d5516ae2ee634140b7a50168bc3893b3dc9a6b15b4c3eb9734,312410*****,B.Á.T.,Nữ,Kinh tế,kinh te,24,restricted,False,True,student_identity,token_v1,privacy_v1
stu_0549ea0f704e847d,4aa6b68d2f9d7c331189a2ffd60508c8cb6838125d89572ab373a2a30c817840,312310*****,Đ.A.V.,Nam,Bảo hiểm,bao hiem,23,restricted,False,True,student_identity,token_v1,privacy_v1
stu_c4258628eef349e5,666aeb7e07620e4bf31ee51dc0fd5d90d75bdaaba9d16c97b350f662a81453d0,312410*****,Đ.H.T.,Nam,Hệ thống hoạch định nguồn lực doanh nghiệp,he thong hoach dinh nguon luc doanh nghiep,24,restricted,False,True,student_identity,token_v1,privacy_v1
stu_b750251e08537d11,4433399029c03a51b40225760ef8306186d188e98834ddcf8b6d0ce77c67f211,312410*****,Đ.H.V.,Nam,Công nghệ Tài chính,cong nghe tai chinh,24,restricted,False,True,student_identity,token_v1,privacy_v1
stu_7296be4a838d5efc,47405167f1f6cc6008a7363743e6607ae180017b36578b7420fa3b6640b59cd9,312510*****,M.Q.K.,Nam,Logistics và Quản lý chuỗi cung ứng,logistics va quan ly chuoi cung ung,25,restricted,False,True,student_identity,token_v1,privacy_v1
stu_80b1f1c46d84b602,7c495b154551775f8ca49252f08598814a789dcfb4e77eeae78ac3f9e4cb42cf,312410*****,B.Q.N.,Nam,Hệ thống hoạch định nguồn lực doanh nghiệp,he thong hoach dinh nguon luc doanh nghiep,24,restricted,False,True,student_identity,token_v1,privacy_v1
stu_d4d119bfac395968,adf0c8b75056c7019ff6e995803f79796f7167a608fd26c1b8f8116dc43664e1,312410*****,L.B.L.,Nữ,Marketing,marketing,24,restricted,False,True,student_identity,token_v1,privacy_v1
stu_356253cce1e55691,41fed377b42d3d8472e318256fdcef44d4cb2fee7eee2870ba6ae9293d7559c6,312510*****,P.L.Ý.,Nữ,Công nghệ Marketing,cong nghe marketing,25,restricted,False,True,student_identity,token_v1,privacy_v1
stu_5b257cc72552ab01,6756bc18c9f7ae99d47619dbf28f5ed9b147105f325ffebfca2ac1751d46a1ff,312410*****,D.M.P.,Nam,Quản lý công,quan ly cong,24,restricted,False,True,student_identity,token_v1,privacy_v1
stu_54f7e6d4f4378bd1,2935688d5c8b1f0b0714c979bf901a87c6f4604843955fbb9fa25a2e055f50f7,312310*****,M.Đ.Q.,Nam,Logistics và Quản lý chuỗi cung ứng,logistics va quan ly chuoi cung ung,23,restricted,False,True,student_identity,token_v1,privacy_v1
stu_607a62db47935d70,3d67638de726a94f972e904ecb4f9d598577122ff5488e938fcb78f2326a1101,312510*****,L.Q.H.,Nam,Quản trị Hải quan - Ngoại thương,quan tri hai quan ngoai thuong,25,restricted,False,True,student_identity,token_v1,privacy_v1
stu_2135869b694b0b8d,5fe913341bf33e8604161cc90acd6b9b736ca355b6801d222a6eaf20c406c1f8,312310*****,D.H.P.,Nam,An toàn thông tin,an toan thong tin,23,restricted,False,True,student_identity,token_v1,privacy_v1
stu_67afa1617cb21661,502e399df70f09724df9adf326bdfcd699e157fa81271cdc22b7ad0c4ceec29d,312510*****,P.B.P.,Nữ,Kinh tế đầu tư,kinh te dau tu,25,restricted,False,True,student_identity,token_v1,privacy_v1
stu_1b9d2cb9de4bf3ac,b8b9cf5762830c1295d40d5e8bc1809cb36420e73737e84838f4dc56c2f507b1,312510*****,N.T.D.,Nữ,Kinh doanh nông nghiệp,kinh doanh nong nghiep,25,restricted,False,True,student_identity,token_v1,privacy_v1
stu_2dd01d8a1736beca,c4915ed9ae8fea2d79287cd5dbad4119bf357a11d0a9834f2eab1f0a46529d9f,312510*****,H.K.C.,Nữ,An toàn thông tin,an toan thong tin,25,restricted,False,True,student_identity,token_v1,privacy_v1
stu_ac6b5bd89183e807,373893fc3ed1b73b6341355b1f214b3b38ca57c8f92dc4749d44f537621b1279,312510*****,L.T.D.,Nam,Kinh tế,kinh te,25,restricted,False,True,student_identity,token_v1,privacy_v1
stu_6ee24ff5bb5871d1,de78246c5a33f10c9637cc9cf1603d100284863ce69e28e1d3e1be5485005fc2,312310*****,T.P.P.,Nữ,Kiến trúc và thiết kế đô thị thông minh,kien truc va thiet ke do thi thong minh,23,restricted,False,True,student_identity,token_v1,privacy_v1
stu_8387d0a87e334133,e427d10ff8658fd8c6556c7e7d84aff188fce1be528359741fa07b2ce551b590,312410*****,L.B.L.,Nữ,Kinh tế đầu tư,kinh te dau tu,24,restricted,False,True,student_identity,token_v1,privacy_v1
stu_d63e974b21e139b6,41cce3c0c08341a90692a0561d4450f3d3da10029ac08442426f9ad084304a68,312310*****,Đ.P.H.,Nữ,Quản trị kinh doanh,quan tri kinh doanh,23,restricted,False,True,student_identity,token_v1,privacy_v1
stu_0ce8c63eca29cafa,a08a05e5d86cae40a9be5224b866f4b3ecffedfbd2351049688a506ed3ad1af9,312510*****,N.H.A.,Nam,Kiến trúc và thiết kế đô thị thông minh,kien truc va thiet ke do thi thong minh,25,restricted,False,True,student_identity,token_v1,privacy_v1
stu_8b61224bc2a856bf,ded3d056b009be4d00ba6fb33c270f32c54d835d26cb9198da6d93af1ccba6c8,312510*****,H.T.H.,Nữ,Đầu tư tài chính,dau tu tai chinh,25,restricted,False,True,student_identity,token_v1,privacy_v1
stu_5582c06c981ed8d4,4194cab565ceffe26663f90517ae714edc2d36beda39917582653a2951fda41a,312410*****,M.N.T.,Nữ,Luật kinh doanh quốc tế,luat kinh doanh quoc te,24,restricted,False,True,student_identity,token_v1,privacy_v1
stu_7011680202c8c17e,36ea263f6b17e2e54d9d3b13dcb2cdba18d3f761c78c8f06305b1a3a6e009121,312410*****,Đ.B.L.,Nữ,Tài chính,tai chinh,24,restricted,False,True,student_identity,token_v1,privacy_v1
stu_d09c07dbee58e7ea,4606c0359a2626d97a76c344f90b298110dca3a1905ed66a57fac10172ac8723,312510*****,V.H.N.,Nữ,Marketing,marketing,25,restricted,False,True,student_identity,token_v1,privacy_v1
stu_ffd70c87bda1a767,2f4697928c75bb8bad7c63f2247403281260ff195283783981d2d2dedba65de3,312510*****,T.T.Y.,Nữ,Luật kinh doanh quốc tế,luat kinh doanh quoc te,25,restricted,False,True,student_identity,token_v1,privacy_v1
stu_42baef09b3c8eaa1,5ce8de58d0f47b021116038084eefd4243d5e567be995fe94b339ae7111181ae,312510*****,T.A.C.,Nam,Quản trị kinh doanh,quan tri kinh doanh,25,restricted,False,True,student_identity,token_v1,privacy_v1
stu_7620ff14cf3687cc,9e8fe6838dc517309ef63ca5e1f4b04936cf84a641d21d3a974529d9f9951956,312510*****,D.H.D.,Nữ,Đầu tư tài chính,dau tu tai chinh,25,restricted,False,True,student_identity,token_v1,privacy_v1
stu_78c3007d9c0e9cb9,b290b373b475f08a3d50b2b4508140e7dd4719bd087e59626babb8b284d8e50e,312510*****,L.H.K.,Nam,Thị trường chứng khoán,thi truong chung khoan,25,restricted,False,True,student_identity,token_v1,privacy_v1
stu_fab6368d60d00dd6,dbc109f18022acdf69940a6e51a7b7f0cba0020e8a753990b9b846856613f47f,312510*****,L.T.T.,Nữ,Kinh doanh nông nghiệp,kinh doanh nong nghiep,25,restricted,False,True,student_identity,token_v1,privacy_v1
stu_e20a318678451b2d,e3ded48160082bf7aa68a35ec8c9b600f057c52b66527042fdd55e9969da72a6,312510*****,N.T.N.,Nữ,Quản lý công,quan ly cong,25,restricted,False,True,student_identity,token_v1,privacy_v1
stu_295fc88c4a9c9cd7,140158839d2273276357aaf1b329e2f7454764f86bffaa89241eb5e977aafbf6,312310*****,T.K.C.,Nữ,Kiến trúc và thiết kế đô thị thông minh,kien truc va thiet ke do thi thong minh,23,restricted,False,True,student_identity,token_v1,privacy_v1
stu_ffd41d2204d51a01,957d2d312a3f305ec40598fb47f121484b59276b3f00e3a52ec81eb2d84f5d7d,312510*****,Đ.G.A.,Nam,Quản trị kinh doanh,quan tri kinh doanh,25,restricted,False,True,student_identity,token_v1,privacy_v1
stu_156454d42c624414,ba3b3928bee8cceb0776bc4671d4814bd610daf50a35474eb7b38e06f9ddba1f,312410*****,Đ.H.N.,Nam,Kiến trúc và thiết kế đô thị thông minh,kien truc va thiet ke do thi thong minh,24,restricted,False,True,student_identity,token_v1,privacy_v1
stu_15651e10343d82cc,3a3b9e255b92b69141284693c64bfae6b5673c03c278131ab639664c74267b6a,312310*****,V.K.A.,Nữ,Khoa học máy tính,khoa hoc may tinh,23,restricted,False,True,student_identity,token_v1,privacy_v1
stu_6af0bc9e8676fe10,4fdc0cd563454edf6ab0bb8e843ad9d02272c0cd0168e19de6fddfeda4f27974,312510*****,D.T.K.,Nam,Công nghệ thông tin,cong nghe thong tin,25,restricted,False,True,student_identity,token_v1,privacy_v1
stu_db84bbe051523307,5561598c6bf507095a62b9816081567f44e0391aa1def728eba4947599c327c8,312510*****,H.H.C.,Nữ,Khoa học máy tính,khoa hoc may tinh,25,restricted,False,True,student_identity,token_v1,privacy_v1
stu_e82f884f052e22aa,151463396a91dfbe5597155c636fcddb4fba335e424c3f2705ea47c6795bfa4b,312310*****,L.Đ.T.,Nam,Kinh doanh số,kinh doanh so,23,restricted,False,True,student_identity,token_v1,privacy_v1
stu_8579677ab059acb2,acfbae9bb8faf431809e16a3e4d32b05ad0793041cc546ee2e10253ae1a39cf9,312510*****,P.G.S.,Nam,Khoa học dữ liệu,khoa hoc du lieu,25,restricted,False,True,student_identity,token_v1,privacy_v1
stu_9c7239e2b36f8590,8fd4d3ea77d8fd791a890802e5480a8826b9ca423fd547a0917aeee64eda448a,312510*****,T.M.V.,Nam,Công nghệ logistics tích hợp chứng chỉ FIATA,cong nghe logistics tich hop chung chi fiata,25,restricted,False,True,student_identity,token_v1,privacy_v1
stu_66968d95e7ea4fed,65b660e71b08e483bb84070888412e64e169344ce389be5e14cf935703d57a61,312410*****,L.B.T.,Nữ,Logistics và Quản lý chuỗi cung ứng,logistics va quan ly chuoi cung ung,24,restricted,False,True,student_identity,token_v1,privacy_v1
stu_398205d4e707eddf,70d47581c402d54aa257c4a49c881409856dfe3310945a1605dda8be73e3b028,312410*****,Đ.Đ.A.,Nam,Kinh tế đầu tư,kinh te dau tu,24,restricted,False,True,student_identity,token_v1,privacy_v1
stu_08106e5e4f15a253,b922d6e819f0ab1ea1a4297daea2502e28433232737820f337cbc7dff1ae63a4,312410*****,Đ.T.H.,Nữ,Kiến trúc và thiết kế đô thị thông minh,kien truc va thiet ke do thi thong minh,24,restricted,False,True,student_identity,token_v1,privacy_v1
stu_82453bf9ec29959e,770b96a1316c4b59c9ba549863577fafbad47ea095abdc863f1350e84f91edd8,312510*****,M.K.P.,Nữ,Toán tài chính,toan tai chinh,25,restricted,False,True,student_identity,token_v1,privacy_v1
stu_7a19c24d595fee72,b727688d8db99c573c1e646c4f1994bbfa204c7d74839d881b631c1804d2bdef,312410*****,T.P.T.,Nữ,Kiểm toán,kiem toan,24,restricted,False,True,student_identity,token_v1,privacy_v1
stu_3c0cd7750e52d2b0,b0ee3c24b9ae6ab9a6cbd57327dcb40b297b44ca2a0bddadf94b92b427d7b3aa,312510*****,Đ.T.K.,Nam,Khoa học dữ liệu,khoa hoc du lieu,25,restricted,False,True,student_identity,token_v1,privacy_v1
stu_da58fd22cf446b18,422d08789a47fcf2c8a6601a06d2268e2b5edfc3edf711804e6dc6f9fa7f0616,312510*****,L.V.T.,Nam,Kinh doanh quốc tế,kinh doanh quoc te,25,restricted,False,True,student_identity,token_v1,privacy_v1
stu_802cc997b260f976,0197a27ef216de80d0ab94399177c824810689f597e1386acc542c9e5a252ccb,312510*****,Đ.B.N.,Nữ,Công nghệ Tài chính,cong nghe tai chinh,25,restricted,False,True,student_identity,token_v1,privacy_v1
stu_2a4d5e630e5c4676,f4cdf3b54fcbab05098f476b3f1bcce74f1837ff52c7679fe615d7bf0f1b7d3c,312310*****,M.H.B.,Nam,Khoa học máy tính,khoa hoc may tinh,23,restricted,False,True,student_identity,token_v1,privacy_v1
stu_247307a8ab438387,f9d15a7dc09dd9fe283f81048599b76e4bf23642facfbe8052781d863e014bb8,312510*****,P.H.T.,Nam,Kế toán công,ke toan cong,25,restricted,False,True,student_identity,token_v1,privacy_v1
stu_dcafdef845af6a8f,de78aba16f8e73fcd7928ed39bf44c2a665706205129cfc72ea21237dc1fbc13,312410*****,P.M.N.,Nam,Công nghệ và đổi mới sáng tạo,cong nghe va doi moi sang tao,24,restricted,False,True,student_identity,token_v1,privacy_v1
stu_dcee7abb6562203f,d999c51b9ee19592225eac0d6f9ddb17c9c772081b14230b8a29df5ae59131ca,312410*****,D.T.T.,Nam,Kiến trúc và thiết kế đô thị thông minh,kien truc va thiet ke do thi thong minh,24,restricted,False,True,student_identity,token_v1,privacy_v1
stu_41e54387efdd3cf1,b1937424827d33c8ebab89f3ec9eac911922fb586c47f93844a94016b83fbc77,312410*****,V.V.T.,Nam,Kinh doanh quốc tế,kinh doanh quoc te,24,restricted,False,True,student_identity,token_v1,privacy_v1
stu_ead5cbb7b326ed22,b495e4e83e91424088d122b6b325a4b22a17190aa9d3e4255581d2d5e753ce75,312410*****,V.N.T.,Nữ,Kinh tế đầu tư,kinh te dau tu,24,restricted,False,True,student_identity,token_v1,privacy_v1
stu_4d726705918a6300,e47e6bde33aa8c8fc4cc6a866baeb808b907473b13f63ac531b4849dd9676ea6,312410*****,H.Á.H.,Nữ,Công nghệ Marketing,cong nghe marketing,24,restricted,False,True,student_identity,token_v1,privacy_v1
stu_e57d3e6d459e1d47,ea9f2cddc3d9c6b87aae64ef445fb227cefb6cf375048b494bf9f9c173282f31,312510*****,M.H.V.,Nam,Đầu tư tài chính,dau tu tai chinh,25,restricted,False,True,student_identity,token_v1,privacy_v1
stu_12d7d72b0b434de2,906531d32397bafda29c1b84a209a0418e2c5b4e521ab2d768930299741937e6,312310*****,L.G.N.,Nam,Khoa học máy tính,khoa hoc may tinh,23,restricted,False,True,student_identity,token_v1,privacy_v1
stu_17319b43a1747938,19e12830d32063d5f889843ab143f88c964cd54b7f8270078679fbfe243c97df,312310*****,N.V.T.,Nam,Ngân hàng,ngan hang,23,restricted,False,True,student_identity,token_v1,privacy_v1
stu_4e4607dcb4222eb7,09817ace505e2238d6b43c9a2e0957746d3eb1597d52d1ddd10296e590da7a90,312310*****,H.L.A.,Nữ,Kiểm toán,kiem toan,23,restricted,False,True,student_identity,token_v1,privacy_v1
stu_6706bb59e586ca37,56828e8d2f56301458679233fbc8c394317d22c23ff7ba1682d24d58e67c6197,312510*****,N.P.D.,Nữ,Tài chính,tai chinh,25,restricted,False,True,student_identity,token_v1,privacy_v1
stu_4562b634ff152b3d,8ff5fca6a153521ca906555641560eac83c00b89a5afe8dd2c44c9de7e4e4846,312310*****,L.T.Y.,Nữ,Toán tài chính,toan tai chinh,23,restricted,False,True,student_identity,token_v1,privacy_v1
stu_27648bdfceaf7769,275e6bb515aff24e223153979e272937a328d1494b4e1105fb9eaa472918e2c4,312410*****,H.T.D.,Nữ,Toán tài chính,toan tai chinh,24,restricted,False,True,student_identity,token_v1,privacy_v1
stu_029f263039081be7,e6b83935f59e05da918c5e57064a82052b18cdf7000374149ac64dc1566e82e9,312510*****,D.T.L.,Nam,Kinh tế,kinh te,25,restricted,False,True,student_identity,token_v1,privacy_v1
stu_85728ee71869da74,7c8b946093b635e85b4e6334a6b0c93f45df7f9ece3e9c406d7557dccf96fe7d,312510*****,P.K.T.,Nữ,Hệ thống thông tin kinh doanh,he thong thong tin kinh doanh,25,restricted,False,True,student_identity,token_v1,privacy_v1
stu_49975c4d78f32aa6,757faa03f377fd8d20c76c66066998815a008d8e0eea56e3313b320b4cc5d737,312510*****,L.T.T.,Nữ,Công nghệ Tài chính,cong nghe tai chinh,25,restricted,False,True,student_identity,token_v1,privacy_v1
stu_e7b34a6e84608917,973c4b5d2dd89b3f9ef39f45d2ab97a04b394cbe1468a051d4f6f42267c6521c,312310*****,N.G.M.,Nam,Hệ thống thông tin quản lý,he thong thong tin quan ly,23,restricted,False,True,student_identity,token_v1,privacy_v1
stu_803a6d46468e3884,45e11a3bdd21cf547404d632e982de4113c3f75df74d24fe4998a856897bafb8,312410*****,L.H.T.,Nữ,Quản trị Hải quan - Ngoại thương,quan tri hai quan ngoai thuong,24,restricted,False,True,student_identity,token_v1,privacy_v1
stu_dea67ca28550bb42,1f36ff1e294c4cbc20be14d1d61411f275cb90e930ec0aac0bbfc6947e8efdae,312310*****,B.V.T.,Nam,Bảo hiểm,bao hiem,23,restricted,False,True,student_identity,token_v1,privacy_v1
stu_8391601d41851392,85dde11369f6aeb83324e025114296ed08ed76c5b8f03e8203ace4dd904f8b8b,312310*****,L.N.Y.,Nữ,Công nghệ thông tin,cong nghe thong tin,23,restricted,False,True,student_identity,token_v1,privacy_v1
stu_1a658067260e2917,03b1b078f162ab3f491b82408e0cc561e010e5fa5516a18b729840aa49fa1cdf,312310*****,L.V.Đ.,Nam,Kế toán doanh nghiệp,ke toan doanh nghiep,23,restricted,False,True,student_identity,token_v1,privacy_v1
stu_aa513055375b63da,3182e44d1de43d8f4e01b6ddc09a33d87929b77d1d097098784637fa3d9a2dd9,312310*****,N.M.B.,Nam,Bất động sản,bat dong san,23,restricted,False,True,student_identity,token_v1,privacy_v1
stu_f35f14541de732da,476a58f11c1d28f9a151188e79ced6bb5b2c6ca388c26d9a7d045b7c2ca740f2,312310*****,T.H.D.,Nam,Kinh doanh nông nghiệp,kinh doanh nong nghiep,23,restricted,False,True,student_identity,token_v1,privacy_v1
stu_d53124e80c5718f7,69129281afc9dc3d23e9408491c52f273d2932767e2104438b414850cfe083ca,312410*****,L.Q.T.,Nam,Công nghệ thông tin,cong nghe thong tin,24,restricted,False,True,student_identity,token_v1,privacy_v1
stu_2fd3008efcbd4e0b,acdea16dfb5b535aa4cf0c05c580c75c5a545c43c914cb3f5528455b6201fee1,312510*****,P.L.V.,Nữ,Kinh doanh số,kinh doanh so,25,restricted,False,True,student_identity,token_v1,privacy_v1
stu_5e7bbb5a0898038f,9454c497a7318b7c94d1324dae0690b438379b7fa705e15d2b70a005039720ad,312410*****,T.M.Q.,Nam,Công nghệ và đổi mới sáng tạo,cong nghe va doi moi sang tao,24,restricted,False,True,student_identity,token_v1,privacy_v1
stu_627b671d477abbfd,4536198c24bfee1ef0bf979acede3c639d7ff19d08f898984407a8920c53f3f3,312310*****,N.M.S.,Nam,Công nghệ Marketing,cong nghe marketing,23,restricted,False,True,student_identity,token_v1,privacy_v1
stu_03d337a552253baf,fdd60d7e105a02bdbf4b0e80f8f32b888f261160eedab18a575e1c1ecb752e79,312310*****,T.V.H.,Nam,Kỹ sư Robot và Trí tuệ nhân tạo,ky su robot va tri tue nhan tao,23,restricted,False,True,student_identity,token_v1,privacy_v1
stu_c770a43cc26e0012,4f500bfc49f3f7edfbe9c4961e9dd6b56663af9e2f1080f89ef07b8926a5b692,312510*****,H.T.T.,Nữ,Công nghệ Tài chính,cong nghe tai chinh,25,restricted,False,True,student_identity,token_v1,privacy_v1
stu_abb9f5ee51a7fc80,423cd5788f32c05e7e28795ae0412004a59589c864ca82dc1bc680a6499b6130,312310*****,L.G.P.,Nam,Công nghệ nghệ thuật - ArtTech,cong nghe nghe thuat arttech,23,restricted,False,True,student_identity,token_v1,privacy_v1
stu_698d5ed6fb9b1e5d,d07c3b016ed49232d2a6eb2792b24b324fcb41bdca958a83e2240bfcf9a351ad,312510*****,P.M.N.,Nam,Luật kinh doanh quốc tế,luat kinh doanh quoc te,25,restricted,False,True,student_identity,token_v1,privacy_v1
stu_235a25e3735e0478,03d34d78ee88309b30f0d7f942691fcee512139ae3b969747af1537236722ebb,312410*****,H.G.B.,Nam,Thị trường chứng khoán,thi truong chung khoan,24,restricted,False,True,student_identity,token_v1,privacy_v1
stu_37519a034e27d6fb,c648359304784bee9ed0f1b798ec124af0862c120064499c6ae3e7fa4877d572,312510*****,Đ.T.T.,Nam,Hệ thống thông tin kinh doanh,he thong thong tin kinh doanh,25,restricted,False,True,student_identity,token_v1,privacy_v1
stu_9e7659cc121f33e0,99271b132883cf75502f302e368d7f2ad125adbf93badb12875b34eda7de500c,312510*****,P.H.D.,Nam,An toàn thông tin,an toan thong tin,25,restricted,False,True,student_identity,token_v1,privacy_v1
stu_12a74a388bc39122,d527d3b7e0e42328754b4cc8ef38ef80b8e93a588549e8cb280dc593dd1e9ec6,312510*****,D.Q.N.,Nam,Kinh tế,kinh te,25,restricted,False,True,student_identity,token_v1,privacy_v1
stu_ba93ef88bb2c2b71,b986fbc9c0da4674c0ad15ed2f33157a7a9bd5254fd2ff127e362054539add06,312310*****,L.A.K.,Nam,Công nghệ logistics tích hợp chứng chỉ FIATA,cong nghe logistics tich hop chung chi fiata,23,restricted,False,True,student_identity,token_v1,privacy_v1
stu_682fd8ed20d6d28b,bb646bf4db708aeb397c46038212e2e2f3ffca32453ee451bfd6898e7f1b24a4,312510*****,Đ.T.L.,Nam,Hệ thống hoạch định nguồn lực doanh nghiệp,he thong hoach dinh nguon luc doanh nghiep,25,restricted,False,True,student_identity,token_v1,privacy_v1
stu_e5de4d9ee0bcb2fb,7851453a537e99f2e13e3eb6ee1b470c9ab38973489a8a79d729524d04cbe324,312410*****,T.T.C.,Nữ,Marketing,marketing,24,restricted,False,True,student_identity,token_v1,privacy_v1
stu_c331167b55e05d8c,05d250c839ceeac56e31dcebecbc69aea1ff843857fcf62612d920db98cce0be,312310*****,L.H.D.,Nam,Toán tài chính,toan tai chinh,23,restricted,False,True,student_identity,token_v1,privacy_v1
stu_89b9e3905033e4ea,2b0d17e46b96ba30f87c7269ea03c9f276cc76bf8157b9066c228d8d0d22fe60,312310*****,T.L.P.,Nữ,Công nghệ Marketing,cong nghe marketing,23,restricted,False,True,student_identity,token_v1,privacy_v1
stu_991179f4d919cf36,c70e37d99837702983b44c7c952e4814e3e550d9d1eaf24043b575fd7b766398,312310*****,V.T.P.,Nữ,Luật kinh doanh quốc tế,luat kinh doanh quoc te,23,restricted,False,True,student_identity,token_v1,privacy_v1
stu_fe64cb71dafbba68,7ed14500b154160a662f296d077ffe87459c29422dfda11205309b35c09cf571,312310*****,P.P.M.,Nữ,Kế toán doanh nghiệp,ke toan doanh nghiep,23,restricted,False,True,student_identity,token_v1,privacy_v1
stu_832644cb7a59a4e2,8018f04aca4091b4cf50bf7058d501de7acbb0698d2715bb481e9c016b140f08,312410*****,T.P.H.,Nữ,Công nghệ Marketing,cong nghe marketing,24,restricted,False,True,student_identity,token_v1,privacy_v1
stu_b6fd867e3d4fa626,a5d82de01996d158be78405ba6a46cabde1e9f6ee65149cdcba6a69a73893013,312510*****,H.T.H.,Nam,Kế toán công,ke toan cong,25,restricted,False,True,student_identity,token_v1,privacy_v1
stu_678d59e2c6f3d01a,041f841e98908b2c18ca23b161b3952714a0fea48224ce0558469743c07ef26d,312510*****,V.B.P.,Nữ,Quản lý công,quan ly cong,25,restricted,False,True,student_identity,token_v1,privacy_v1
stu_c7a631645dd123ff,95ef9ae9cd02e1c04c2ee90098f535aa8042ae52392604bf88d7bf1bef1d7dde,312310*****,V.M.D.,Nam,Công nghệ và đổi mới sáng tạo,cong nghe va doi moi sang tao,23,restricted,False,True,student_identity,token_v1,privacy_v1
stu_d7c75c2557e1860f,57cb6e2a8d6461d57c7243765fdec85587a25d6d418d654aa5a0a9de2955f157,312410*****,B.Q.P.,Nam,Quản lý công,quan ly cong,24,restricted,False,True,student_identity,token_v1,privacy_v1
stu_54612f29017ef1f8,e271495552084eba0635a64bc65b14acc206f77aa92ac7ecfa8d2d5e6795c127,312510*****,T.H.M.,Nam,Hệ thống hoạch định nguồn lực doanh nghiệp,he thong hoach dinh nguon luc doanh nghiep,25,restricted,False,True,student_identity,token_v1,privacy_v1
stu_8709c6cc07a9c325,7aec5ddc8718d4e71bbbbb94bfc863768c2228d0076530442fdbb0b789c5180e,312410*****,P.L.T.,Nữ,Công nghệ nghệ thuật - ArtTech,cong nghe nghe thuat arttech,24,restricted,False,True,student_identity,token_v1,privacy_v1
stu_fc1d3dad4a9c17e6,3dd90e65c53c8f78378899dc52d9cd660d58dbdaa01e27a2f9f0dca695458899,312410*****,V.B.P.,Nữ,Quản lý công,quan ly cong,24,restricted,False,True,student_identity,token_v1,privacy_v1
stu_c7b1b3375b9b9517,390c70b03d8093982fe308bf2e45772bda570ba98318810721f473f6c20f7c6e,312510*****,T.V.T.,Nam,Marketing,marketing,25,restricted,False,True,student_identity,token_v1,privacy_v1
stu_eb9a8e6793d72550,967edb79a8fb711222ec260acadacce8c7ad1445dfe5b690a7c06c2feaf74d1a,312310*****,N.H.T.,Nam,Bất động sản,bat dong san,23,restricted,False,True,student_identity,token_v1,privacy_v1
stu_de4d55b3ecb0b17b,6d73fda7a2f94556ffad1e5f72917f3df191e5697c15a65678c66835bd7481d9,312510*****,L.B.D.,Nữ,Quản trị kinh doanh,quan tri kinh doanh,25,restricted,False,True,student_identity,token_v1,privacy_v1
stu_271b7d6d7755e2f2,169347e3b04dcae2beddecaf6a744847f084fee57a8d8c15e33f5cfc65a27a67,312310*****,P.N.Q.,Nữ,Kỹ sư Robot và Trí tuệ nhân tạo,ky su robot va tri tue nhan tao,23,restricted,False,True,student_identity,token_v1,privacy_v1
stu_20206c4b2964aefa,2fb6e971fa083dae83325e8e66246db3dbaedcbdbd93391755f7bd34f3894830,312310*****,N.A.P.,Nam,Kiến trúc và thiết kế đô thị thông minh,kien truc va thiet ke do thi thong minh,23,restricted,False,True,student_identity,token_v1,privacy_v1
stu_bbf52c285d4f3194,7f4621fa0c48b3f7a52fb27c8337774aca0e791cca1bd92c3db2f1399c1f81b7,312510*****,D.A.H.,Nam,Hệ thống hoạch định nguồn lực doanh nghiệp,he thong hoach dinh nguon luc doanh nghiep,25,restricted,False,True,student_identity,token_v1,privacy_v1
stu_357568d71f9e31c1,26f9db44a7d0b6caa6445aa036cd9bf87de6d61e64817b590f857b7311024b2c,312310*****,N.T.T.,Nữ,Logistics và Quản lý chuỗi cung ứng,logistics va quan ly chuoi cung ung,23,restricted,False,True,student_identity,token_v1,privacy_v1
stu_07e44bda789c1ef3,c7d6ca01ce58790976b38a3ebd8f8d7bb27109c82a8c667f6bd4b1485540e449,312510*****,N.K.Ý.,Nữ,Kinh doanh số,kinh doanh so,25,restricted,False,True,student_identity,token_v1,privacy_v1
stu_efdc8508e898c61b,3f90d3dda8ba8757e98ecb8174d3f9bef7638df6fa1e4c55ae56dff82dbe627b,312510*****,M.T.B.,Nam,Toán tài chính,toan tai chinh,25,restricted,False,True,student_identity,token_v1,privacy_v1
stu_0cf841dead3dd711,fc2c3f28fb29b20580586196f623dd7ab0c7e5888b0c21044717241705ca444d,312510*****,P.Đ.S.,Nam,Tài chính,tai chinh,25,restricted,False,True,student_identity,token_v1,privacy_v1
stu_058d34db56276a68,c345b96a8a4e4dd4896f4bee2b958b75ac34ae07febf7ded1f106a3b0c14650e,312510*****,Đ.N.V.,Nữ,Quản lý công,quan ly cong,25,restricted,False,True,student_identity,token_v1,privacy_v1
stu_a962b797c8920393,e1a8b79b784b865fb9debe95659dcf97141b99808a769f76e014f9151b2efa75,312510*****,H.T.M.,Nam,Công nghệ Marketing,cong nghe marketing,25,restricted,False,True,student_identity,token_v1,privacy_v1
stu_fcd9bfeaf2ce80c4,e2038a3a5d019e955200586f7e8921f331a0e42716679587ea585c9ea4795424,312310*****,T.B.M.,Nữ,Toán tài chính,toan tai chinh,23,restricted,False,True,student_identity,token_v1,privacy_v1
stu_72d6749306bb2475,b9e78460a28f50a7ef79398aaeacdd998c4734e60d6c477f2a5c14a181b0c285,312410*****,V.T.D.,Nữ,Kinh doanh quốc tế,kinh doanh quoc te,24,restricted,False,True,student_identity,token_v1,privacy_v1
stu_ce173bb7cc437fd0,c1ed30e424c3c565673efe5c8ba554dd9020734ce7497aaed7dc661b034ac89e,312410*****,Đ.H.H.,Nữ,Kinh tế,kinh te,24,restricted,False,True,student_identity,token_v1,privacy_v1
stu_920f28e00f5853f2,c6392ecbd4a7ebcad6d892bdc8d36c01e6d4c69f5b314ebef8844be1a4e092e6,312510*****,D.L.Q.,Nữ,Quản trị kinh doanh,quan tri kinh doanh,25,restricted,False,True,student_identity,token_v1,privacy_v1
stu_3243442fe9bad158,62d40c40ce9779dbe7909c847ee7c1b9fd8824eb8d4664f914fe5b5cbb8c9f1f,312310*****,L.Đ.K.,Nam,Công nghệ Marketing,cong nghe marketing,23,restricted,False,True,student_identity,token_v1,privacy_v1
stu_5896de9eda17229e,845789c39453a31ba0a28c83d1da6b2f6dd0044f85f6d174f3765b0b6f04ee90,312310*****,V.H.H.,Nam,Kiến trúc và thiết kế đô thị thông minh,kien truc va thiet ke do thi thong minh,23,restricted,False,True,student_identity,token_v1,privacy_v1
stu_4527b49a89f806c5,da5688699452fc26edf8d5bd0baed0f7e5a03b86221f473609144baf49493af4,312310*****,Đ.Đ.K.,Nam,Quản trị Hải quan - Ngoại thương,quan tri hai quan ngoai thuong,23,restricted,False,True,student_identity,token_v1,privacy_v1
stu_0d5541bf112d8bec,662edc2da3fe620fae0a66025bda09319f067b1332bb5c2494df2f57a39e8e8f,312410*****,D.T.N.,Nữ,Công nghệ và đổi mới sáng tạo,cong nghe va doi moi sang tao,24,restricted,False,True,student_identity,token_v1,privacy_v1
stu_c356c2060d37d76f,1d42f5d92da345c21e59d7d7a4d7e450199c7c77c1206a601ba9520cafd5232d,312310*****,Đ.T.T.,Nam,Hệ thống thông tin quản lý,he thong thong tin quan ly,23,restricted,False,True,student_identity,token_v1,privacy_v1
stu_bbf5d30306379485,054ac562e71bf40aaa0620046c55f8e2072c59369ba781691754b62d39f164fa,312510*****,L.L.U.,Nữ,Kinh doanh số,kinh doanh so,25,restricted,False,True,student_identity,token_v1,privacy_v1
stu_4f4596e6ae09f6c5,6cfdb60781ac7f571f712756222a8884c97870b46aeee69b0fde48afa689f64e,312410*****,T.N.N.,Nữ,Kỹ sư Robot và Trí tuệ nhân tạo,ky su robot va tri tue nhan tao,24,restricted,False,True,student_identity,token_v1,privacy_v1
stu_c8f35f47fb59ca65,d1c75ad1f239705bc43b61c9c1c40897fe1a6963310dae065401475f2716aef2,312410*****,Đ.K.C.,Nữ,Hệ thống hoạch định nguồn lực doanh nghiệp,he thong hoach dinh nguon luc doanh nghiep,24,restricted,False,True,student_identity,token_v1,privacy_v1
stu_93f10fa7149f2fa9,85436dbb918f981f4c1729fa179e8b0325b169524345485f6b942275ee0588d5,312410*****,H.L.L.,Nữ,Đầu tư tài chính,dau tu tai chinh,24,restricted,False,True,student_identity,token_v1,privacy_v1
stu_ecb87d4b6686e838,b1f5f6422d6e138c051b31aa36f8e45e457cb773a12494cd94ebef81bc03758e,312410*****,H.M.M.,Nam,Toán tài chính,toan tai chinh,24,restricted,False,True,student_identity,token_v1,privacy_v1
stu_1a0dc36f3df6c810,d91dbdf356db161e327e2bfaaee3b544c819e9936bccc90793ad3ef130ba15a8,312310*****,D.T.S.,Nam,Công nghệ thông tin,cong nghe thong tin,23,restricted,False,True,student_identity,token_v1,privacy_v1
stu_d3663997915a38bb,82bf062c3af8c51716bc71cf504d7935c9fa3f62eecb9ca0676a31e6ba995e43,312310*****,B.T.H.,Nam,Hệ thống thông tin kinh doanh,he thong thong tin kinh doanh,23,restricted,False,True,student_identity,token_v1,privacy_v1
stu_5b314e313c6fe16c,352fa474643bcd3415d3ac9afd4bcbaa87189f1e70db316fa9e032608ab6876a,312410*****,L.T.D.,Nam,Kinh tế,kinh te,24,restricted,False,True,student_identity,token_v1,privacy_v1
stu_970d1ec4fbb1c94d,5b50bdaa497157c95d85d2ee762d335bd3e9eb51d1d3b2918e5439d7ec08214f,312410*****,D.T.H.,Nam,Bảo hiểm,bao hiem,24,restricted,False,True,student_identity,token_v1,privacy_v1
stu_ac42ff71bf2b191b,d319d6953d8f0e5eb70fc9a778ed8127d13d4473ae545c66c7e9235f411e813a,312510*****,Đ.Á.N.,Nữ,An toàn thông tin,an toan thong tin,25,restricted,False,True,student_identity,token_v1,privacy_v1
stu_a44b06cec454064b,2a7c9137a02f63431bb2e5bed152bfb43a598dc41d990ece03543ed48d7ee5f6,312510*****,B.T.T.,Nữ,Đầu tư tài chính,dau tu tai chinh,25,restricted,False,True,student_identity,token_v1,privacy_v1
stu_83667fc9dcd5cab0,6f4e5cb33f8e5451da115feb09b8c589c1db210284bc620324629d13a76a5087,312310*****,Đ.V.T.,Nam,Bất động sản,bat dong san,23,restricted,False,True,student_identity,token_v1,privacy_v1
stu_8561a5ec6ee5bdb8,f174c6d3af32e6c7439010f9322e6b12fbd23b06ea25cc70d48f6222f30e9dbf,312410*****,B.V.T.,Nam,Kế toán doanh nghiệp,ke toan doanh nghiep,24,restricted,False,True,student_identity,token_v1,privacy_v1
stu_d2243d86d2e99a12,f91ea6db5fd4e8d050f85d30362d078c1462d3071e054d98d2bb986b74e13b69,312510*****,V.Q.A.,Nam,Hệ thống thông tin quản lý,he thong thong tin quan ly,25,restricted,False,True,student_identity,token_v1,privacy_v1
stu_5f8695620d3b40dc,d3a162589583db5b873ff37fec8fc514fe84693647d615f2116782e81421b188,312510*****,Đ.Đ.L.,Nam,Công nghệ nghệ thuật - ArtTech,cong nghe nghe thuat arttech,25,restricted,False,True,student_identity,token_v1,privacy_v1
stu_ed9d3238e0d6e30c,2a35b0e325a1cdab6adcb57a1b4014650a0428b51d93dfd437b85c3a06e70216,312410*****,Đ.Đ.H.,Nam,Quản trị Hải quan - Ngoại thương,quan tri hai quan ngoai thuong,24,restricted,False,True,student_identity,token_v1,privacy_v1
stu_c27daa0bbdb58e2f,e4e4e70eec1941da13e2ef2d4b519de42e4e2bb651eb74ef4fabca5c05b55ec2,312410*****,N.K.Q.,Nữ,Marketing,marketing,24,restricted,False,True,student_identity,token_v1,privacy_v1
stu_f8dc09c8703182d7,70f3b4aac5666709f226b3884b9ddd5402da06b6e7931ebf1c0ccfc32d34c950,312410*****,P.A.T.,Nam,Kinh doanh thương mại,kinh doanh thuong mai,24,restricted,False,True,student_identity,token_v1,privacy_v1
stu_80e79af732f78ea8,da1f9ac2c0f3a1497c94e76c0e2949e8887ea8009d9c12acbc4a2b65fa64decd,312410*****,N.N.Y.,Nữ,Ngân hàng,ngan hang,24,restricted,False,True,student_identity,token_v1,privacy_v1
stu_c5a6e8dcdf4656c3,63259bc6b36159ed5896a2383b4b19f0188652fb86e096faa3430b8e3a94e13c,312310*****,L.H.P.,Nữ,Công nghệ nghệ thuật - ArtTech,cong nghe nghe thuat arttech,23,restricted,False,True,student_identity,token_v1,privacy_v1
stu_d78e7c095b246585,52a856718d5c94a65b36007ef579af8ceb315fe361ce59f51b35f6414b8c0336,312510*****,L.T.T.,Nữ,Công nghệ Marketing,cong nghe marketing,25,restricted,False,True,student_identity,token_v1,privacy_v1
stu_38e6d25002be1f28,71dab705b0473dcad5ff6d916c146926d5d217bc6b3a87bd769feb29314b6f70,312410*****,T.N.L.,Nữ,Kiểm toán,kiem toan,24,restricted,False,True,student_identity,token_v1,privacy_v1
stu_9577f76b550b398e,73b8753bed26a11f67ec00a2ee48578fd07490010629e075fd79d8cf8a299232,312410*****,T.K.Y.,Nữ,Hệ thống thông tin kinh doanh,he thong thong tin kinh doanh,24,restricted,False,True,student_identity,token_v1,privacy_v1
stu_7c76293a9ab20f17,ddd51791db348e0012da9b84db0844688841fb818532a75fdd91d4ee715fb9ec,312410*****,V.T.A.,Nữ,Kinh doanh nông nghiệp,kinh doanh nong nghiep,24,restricted,False,True,student_identity,token_v1,privacy_v1
stu_b9fc85aab4045196,48b32563fbbb0dfdd02f3e68b097e6e85821500ca5f6ec80ea8aa448e3c06778,312410*****,P.K.T.,Nữ,Đầu tư tài chính,dau tu tai chinh,24,restricted,False,True,student_identity,token_v1,privacy_v1
stu_360cce01368cbc62,c20f2777fd59d4581fe088bc8677ce8ddd9eb2844a73362273740404722d243a,312410*****,N.H.N.,Nam,Hệ thống thông tin kinh doanh,he thong thong tin kinh doanh,24,restricted,False,True,student_identity,token_v1,privacy_v1
stu_d2cc4c244d54c346,6fbe313c6e086ba823d4cd3fca66405d5cf9911ca25fc3e67e68be9d621aa63b,312310*****,T.Á.Y.,Nữ,Quản trị Hải quan - Ngoại thương,quan tri hai quan ngoai thuong,23,restricted,False,True,student_identity,token_v1,privacy_v1
stu_0407993b24b07b26,ae03aaa9e3ad28314e6fec503b31b5c817eb4428519a2aca8623421373e9b320,312410*****,P.T.U.,Nữ,Marketing,marketing,24,restricted,False,True,student_identity,token_v1,privacy_v1
stu_9fd00f3d6ce2baa5,a54f8f131a3cbc7b39ff31a5c5771cc3bb4f8b7c1ecf758af4013f7d51dabcbf,312410*****,H.T.V.,Nam,Bảo hiểm,bao hiem,24,restricted,False,True,student_identity,token_v1,privacy_v1
stu_f3c2d95680383fe7,bb8213edafbb7c06fc52c3b214d7c9a05e422d29bf7d39b600b67535b38dadd4,312410*****,V.T.T.,Nam,Công nghệ và đổi mới sáng tạo,cong nghe va doi moi sang tao,24,restricted,False,True,student_identity,token_v1,privacy_v1
stu_83b1f09b9b1c1e8e,931bee9d4bfc0a6a79890c85f520f241d3bba57c9bc9989aa50d6fb1475a4f70,312310*****,Đ.T.U.,Nữ,Kinh doanh thương mại,kinh doanh thuong mai,23,restricted,False,True,student_identity,token_v1,privacy_v1
stu_9f5918b8087f719c,5597cbc12ccddbbb7d8db3362584500f7565ae8ca8fb53c5a442a68064a76826,312510*****,M.M.K.,Nam,Hệ thống thông tin quản lý,he thong thong tin quan ly,25,restricted,False,True,student_identity,token_v1,privacy_v1
stu_467d09ce64a2cd6d,0aaf665df277415393b57253c22e629525e6cacc48d34081847ff1d77a41a17b,312410*****,V.T.H.,Nữ,Kinh doanh quốc tế,kinh doanh quoc te,24,restricted,False,True,student_identity,token_v1,privacy_v1
stu_73456060fc4182de,a7bb0f253cde927c57aef517addd01c5e11daf0c5038622b0e0a5eeff57bb091,312510*****,N.M.H.,Nam,Toán tài chính,toan tai chinh,25,restricted,False,True,student_identity,token_v1,privacy_v1
stu_98ddc35b3863a82a,15fc9480f391411ae918e2772b6fbdf7ba69eff921ff9983bfd6734ed96fad62,312410*****,B.N.H.,Nữ,Kiến trúc và thiết kế đô thị thông minh,kien truc va thiet ke do thi thong minh,24,restricted,False,True,student_identity,token_v1,privacy_v1
stu_0015bc6641cd2650,10db132662133099b8eea79f6000545aec92836d159c7ec8f6c3ec9eecf34ded,312310*****,P.H.T.,Nam,Kế toán công,ke toan cong,23,restricted,False,True,student_identity,token_v1,privacy_v1
stu_8570ebef7e65b7ee,1d5b1d1e859dd80ff1122a76b8681e3469746dabf36ff8505cbede6991d88ee2,312510*****,N.A.C.,Nam,Thị trường chứng khoán,thi truong chung khoan,25,restricted,False,True,student_identity,token_v1,privacy_v1
stu_fd350d32670a2300,e9a90125572d660ad309e3170355089fe77d81804f544c49dabf6a1620b130ee,312310*****,Đ.K.Q.,Nữ,Công nghệ thông tin,cong nghe thong tin,23,restricted,False,True,student_identity,token_v1,privacy_v1
stu_a024578eae19c22b,aaca30b4bee1fe615d575444aa40126410dcc9549b8b23d193a88b8b551c7b9c,312410*****,H.K.A.,Nữ,Công nghệ và đổi mới sáng tạo,cong nghe va doi moi sang tao,24,restricted,False,True,student_identity,token_v1,privacy_v1
stu_a5c5d3ae7a14f5c6,95e5278d09b47fdc308fc6cc80ee56c10dc625a42979f471c62606a7fa7f2fd9,312310*****,V.T.H.,Nam,Công nghệ thông tin,cong nghe thong tin,23,restricted,False,True,student_identity,token_v1,privacy_v1
stu_3ff336e065b6e993,034632717da58174072daa8a800f974cb8e871516fcaa2fbd524cbadd79d4d72,312310*****,P.T.A.,Nữ,Kế toán công,ke toan cong,23,restricted,False,True,student_identity,token_v1,privacy_v1
stu_7c8c7bc68709da6c,db22ddbf1cf84d415274c755c13a45cc2ce809ca1abf877d220e4a561310d037,312410*****,P.V.H.,Nam,Quản trị kinh doanh,quan tri kinh doanh,24,restricted,False,True,student_identity,token_v1,privacy_v1
stu_83aa6ecfe386fc51,106235f55666f0e1f35e4f7c844b81eedb25b5aba4fa38b662be70b048bc0eac,312410*****,T.T.N.,Nữ,Công nghệ logistics tích hợp chứng chỉ FIATA,cong nghe logistics tich hop chung chi fiata,24,restricted,False,True,student_identity,token_v1,privacy_v1
stu_bf52824333645300,6fc15d77896e4064a1842bcd42454b0aefe38f5f3ac8ba63c7143d165cdd226b,312310*****,T.Q.K.,Nam,An toàn thông tin,an toan thong tin,23,restricted,False,True,student_identity,token_v1,privacy_v1
stu_4009c7414b4ef866,0b4ff03aae4327870c8f1c34140f1a79620129ce3b457357e4e3ce582f216b6a,312310*****,V.G.S.,Nam,Kinh doanh thương mại,kinh doanh thuong mai,23,restricted,False,True,student_identity,token_v1,privacy_v1
stu_e391d40e1a4aced6,ead2b7c7406fbf22268d17584dc60d6ef54d1f951a250cf77a1c43628b1e0f52,312310*****,Đ.G.C.,Nam,Kinh doanh thương mại,kinh doanh thuong mai,23,restricted,False,True,student_identity,token_v1,privacy_v1
stu_2ba8a80b6a0c3f08,5fa19d7e104fa771bafd8dfbf9643fb472f22821b735515c54af3f0443594aba,312510*****,P.T.K.,Nam,Công nghệ Tài chính,cong nghe tai chinh,25,restricted,False,True,student_identity,token_v1,privacy_v1
stu_14548e3510a2e0da,14af7a55f0010698767dce6145f048b459362a54511634b8cda53e6fed257ebf,312310*****,P.H.Đ.,Nam,Toán tài chính,toan tai chinh,23,restricted,False,True,student_identity,token_v1,privacy_v1
stu_ba1b6d09659e3382,9bec0c5b92af4bc29814e52263899130e300b357976b0d3b454dec880b203836,312510*****,D.H.K.,Nam,Kinh tế,kinh te,25,restricted,False,True,student_identity,token_v1,privacy_v1
stu_3bd31edae8312a13,f62930f16060149ea6aee7c7d41733f913f6c9d0ea7a968a10d83174ec7a04bd,312410*****,Đ.Q.T.,Nam,Kinh doanh thương mại,kinh doanh thuong mai,24,restricted,False,True,student_identity,token_v1,privacy_v1
stu_be8698a912cf9f7d,7ef74e058e9e4fb400910189912e4b4b10742c13d17e5ad3f6ab5d888c7efaba,312410*****,P.H.H.,Nữ,Công nghệ thông tin,cong nghe thong tin,24,restricted,False,True,student_identity,token_v1,privacy_v1
stu_eb72855fd684d795,7fd95b04f08ce6dec0876bff93aa9f2708aa3f9ecda603dfb433292648b7f974,312410*****,L.T.D.,Nữ,Quản trị Hải quan - Ngoại thương,quan tri hai quan ngoai thuong,24,restricted,False,True,student_identity,token_v1,privacy_v1
stu_6998bfa1c3bda6b4,ae354d81adb876b3610bc5eb219cdbb423b1d88624d6c049f658222bda46bedd,312410*****,Đ.Á.Ý.,Nữ,Kinh doanh quốc tế,kinh doanh quoc te,24,restricted,False,True,student_identity,token_v1,privacy_v1
stu_63e309d85b5af8c9,648267354d5389f6a503538b30e1a0ae3248a76c39d6ae9cfa0489c7fd620bb0,312510*****,L.Đ.P.,Nam,Kinh doanh nông nghiệp,kinh doanh nong nghiep,25,restricted,False,True,student_identity,token_v1,privacy_v1
stu_5b4d2336accce430,736d806ba027ad06c8a463197a54f1e7ff18850d394da3bd48e46c90d08f22c1,312310*****,Đ.N.A.,Nữ,Marketing,marketing,23,restricted,False,True,student_identity,token_v1,privacy_v1
stu_fc7db866dec265e2,dcb3cd17d492a6cc21636d13323b66c91e9f14c70886feae65ee70251f76cd2a,312510*****,D.H.D.,Nữ,Quản trị Hải quan - Ngoại thương,quan tri hai quan ngoai thuong,25,restricted,False,True,student_identity,token_v1,privacy_v1
stu_263d96e0b8e7c12b,f677e5de7464ae7c5c93231bd6a782944293d6e5d9550bce6de1104b7feebf0c,312310*****,T.T.L.,Nữ,Công nghệ thông tin,cong nghe thong tin,23,restricted,False,True,student_identity,token_v1,privacy_v1
stu_c4e85e6c38c58b06,5fb966b79f9afc288edbb1b698eb89465b5a43a0bded87274d84b8fdaf2649bf,312410*****,P.L.T.,Nữ,Công nghệ Marketing,cong nghe marketing,24,restricted,False,True,student_identity,token_v1,privacy_v1
stu_e3827bf7751ed5b3,ae40c2288c819c530b115593b59b5acd5cbe3a082ab0bb063a3d46a1647a7534,312310*****,V.L.Y.,Nữ,Công nghệ thông tin,cong nghe thong tin,23,restricted,False,True,student_identity,token_v1,privacy_v1
stu_81cb1ed516f6e5c9,409d250db6e43a6315861d2cf7c60c647e8894ee827d0159196c8216d01c7df0,312510*****,L.L.T.,Nữ,Kiểm toán,kiem toan,25,restricted,False,True,student_identity,token_v1,privacy_v1
stu_763bd0e477d1abe3,12aabcd6d2ae903574dc84cb6afe9433e7866fec19ac079707ba38cf6faf9c95,312510*****,D.H.D.,Nam,Quản trị Hải quan - Ngoại thương,quan tri hai quan ngoai thuong,25,restricted,False,True,student_identity,token_v1,privacy_v1
stu_46658add19f671d1,4fc4a1badef66c1e79f05647280fadec0fc6cdb2501e5443d562744528b5dec9,312410*****,H.V.D.,Nam,Khoa học máy tính,khoa hoc may tinh,24,restricted,False,True,student_identity,token_v1,privacy_v1
stu_a62f51096f49de13,178bda909e2aaf19438df1494f517af225ee77ee442468ff16163e468c347593,312310*****,H.Đ.T.,Nam,Công nghệ logistics tích hợp chứng chỉ FIATA,cong nghe logistics tich hop chung chi fiata,23,restricted,False,True,student_identity,token_v1,privacy_v1
stu_d2d0813b3bdbba6e,9531298f53fd86c1644fda2fd23690c8d1303ed71b01492132fce0dbd7e6c467,312310*****,L.H.Đ.,Nam,Kinh doanh quốc tế,kinh doanh quoc te,23,restricted,False,True,student_identity,token_v1,privacy_v1
stu_265e9c8c117c2493,8606d623d1885f66d942af457c6520b2686c497ccb2a36e3577aef966c145ee5,312310*****,L.H.N.,Nữ,Quản lý công,quan ly cong,23,restricted,False,True,student_identity,token_v1,privacy_v1
stu_9793641697a80aa6,4c542650c5684ca0439f5eda24b04ab96752f5bf49984af4c5c1cdf0bdebe794,312410*****,T.Đ.D.,Nam,Toán tài chính,toan tai chinh,24,restricted,False,True,student_identity,token_v1,privacy_v1
stu_bfc71c05bb69beaa,3a7616b069cf721ea1905272fe674647e6c08658824f63fa1975c0449749e7e5,312410*****,D.Á.C.,Nữ,Kinh tế đầu tư,kinh te dau tu,24,restricted,False,True,student_identity,token_v1,privacy_v1
stu_fe6ccd3fcda42d92,835f09e05f88ee3bdfe1ed40764a69e754d300dfbe9a61479d44b7b0447923f9,312310*****,H.Á.T.,Nữ,Bất động sản,bat dong san,23,restricted,False,True,student_identity,token_v1,privacy_v1
stu_5b812c3ff4ddd511,4fce334f2ca500b76d9d8473f4c42502b80cb35a6c83e2e054f4be24080f7f63,312410*****,L.T.Y.,Nữ,Công nghệ và đổi mới sáng tạo,cong nghe va doi moi sang tao,24,restricted,False,True,student_identity,token_v1,privacy_v1
stu_7c4b9295d23fbba2,e69f20f00e224ee21b86a1a284fec29b1d9bcf3cdf9a6743d949d2cadd27d1b2,312510*****,L.H.L.,Nữ,Quản trị Hải quan - Ngoại thương,quan tri hai quan ngoai thuong,25,restricted,False,True,student_identity,token_v1,privacy_v1
stu_bd009c2abcd95b38,cc9198f5c9ac9756747d24795311b8b985a636d7e29c45dc490fe1ec0be84f80,312310*****,L.L.T.,Nữ,Tài chính,tai chinh,23,restricted,False,True,student_identity,token_v1,privacy_v1
stu_80a275b580c68136,ff58df498c73addfe9a72c567af5828ebb309e8ac16b343a3163b9ef8ed128cf,312410*****,N.G.B.,Nam,Kinh doanh thương mại,kinh doanh thuong mai,24,restricted,False,True,student_identity,token_v1,privacy_v1
stu_bd6bcef36f5b33c5,d9e0f93aea9a8c772808bad6fdc90c5a3d3e98ea2d119ae5680c0e6ae63767dc,312410*****,B.Đ.D.,Nam,Công nghệ và đổi mới sáng tạo,cong nghe va doi moi sang tao,24,restricted,False,True,student_identity,token_v1,privacy_v1
stu_8ec72b502e9454fc,da663dcfa2e548ff7fd024689dac5b9fd4351e0bf4db58873aef22e845e8eda6,312410*****,Đ.T.M.,Nữ,Marketing,marketing,24,restricted,False,True,student_identity,token_v1,privacy_v1
stu_67d1d2307bec11d7,bec04936b0c5c03dcd73b4474dc67fb611daea9683c4a0a5159d0c4f4a386d87,312310*****,T.T.D.,Nữ,Khoa học dữ liệu,khoa hoc du lieu,23,restricted,False,True,student_identity,token_v1,privacy_v1
stu_0d116dbe6059711f,dd4572be3c736834855e3461f1f1fa8bfc9cd7be7fa03c71edc26de19b345b13,312310*****,N.H.Q.,Nam,Kinh doanh nông nghiệp,kinh doanh nong nghiep,23,restricted,False,True,student_identity,token_v1,privacy_v1
stu_186c4115dcab511f,903d2518fa3fddae3a3185f17078be6765f14f0b5b0b0427f8a36f223a6683a5,312410*****,T.H.T.,Nữ,Bất động sản,bat dong san,24,restricted,False,True,student_identity,token_v1,privacy_v1
stu_593bcbb8332972af,77362637a784e0aa0366b87375f44ecc3999f0f24d01c499c38b4031d6279916,312310*****,T.T.P.,Nữ,Kiểm toán,kiem toan,23,restricted,False,True,student_identity,token_v1,privacy_v1
stu_d167122f61861e3e,7e1b21a98a297af0a19e61c673736eb5a0bc6a69a8b5e9636f0ca329938397c3,312510*****,T.T.T.,Nữ,Kinh tế đầu tư,kinh te dau tu,25,restricted,False,True,student_identity,token_v1,privacy_v1
stu_7866af1fcd8ec6e8,0a15abe9b6667c5249818b9d297f6e3965b4dd5f2ea4ea314650bfe19f79f361,312510*****,B.A.H.,Nam,Công nghệ Tài chính,cong nghe tai chinh,25,restricted,False,True,student_identity,token_v1,privacy_v1
stu_0496b10309cb7df4,11e7cd093d8b177af829db5ac66e2786675b1a5a50dd6876765e30254ee4ce3a,312310*****,Đ.P.L.,Nữ,Kinh doanh số,kinh doanh so,23,restricted,False,True,student_identity,token_v1,privacy_v1
stu_03b078427c0c9235,7ebd003cc7435d13acb8cc6e1fa97db909c309d10c9e9615bc77d5e25434e39c,312510*****,Đ.T.B.,Nam,Quản trị Hải quan - Ngoại thương,quan tri hai quan ngoai thuong,25,restricted,False,True,student_identity,token_v1,privacy_v1
stu_9a7e6729e36016d8,ac534d85109e173e4eaedf253c88248758bfc30ef7a4d8a76b010afed02bcb27,312510*****,M.H.N.,Nam,Kinh doanh nông nghiệp,kinh doanh nong nghiep,25,restricted,False,True,student_identity,token_v1,privacy_v1
stu_bb19a4836f7581ff,e709354ee9e33b48f44413e9816c46d7f248f44b5db1444313de9b886c22b864,312510*****,L.L.U.,Nữ,Công nghệ Tài chính,cong nghe tai chinh,25,restricted,False,True,student_identity,token_v1,privacy_v1
stu_685eb296dc8c79b6,17433650ad4cba4ae4958e62a935be03eedd24e6d63bbc8f20ded022d6da0689,312410*****,L.K.U.,Nữ,Quản trị kinh doanh,quan tri kinh doanh,24,restricted,False,True,student_identity,token_v1,privacy_v1
stu_c6c8cd0427ddde30,d12dcf30e42df736c91359bdce2b0a9d855a8a97face79cad99ca70d5c4c983a,312410*****,P.P.T.,Nữ,Kinh doanh nông nghiệp,kinh doanh nong nghiep,24,restricted,False,True,student_identity,token_v1,privacy_v1
stu_ab2ad2ce196cb996,80efb1c92291a52235face12d60b885aaa3ad6ebd2bd6d2de032014a0cc6409d,312510*****,L.N.A.,Nữ,Khoa học máy tính,khoa hoc may tinh,25,restricted,False,True,student_identity,token_v1,privacy_v1
stu_9cb39b58d739aef0,1aeb49fac9f67bfb1f04992a2a8154ff36b026ae93297bb204ca27240634a5aa,312310*****,P.Á.N.,Nữ,Thị trường chứng khoán,thi truong chung khoan,23,restricted,False,True,student_identity,token_v1,privacy_v1
stu_3ec5ffe8ce82aae6,8860104826666ebf3927f1525f3cb6560a8b2b5344432689ba0b2d473d9c5d97,312510*****,Đ.Q.S.,Nam,Toán tài chính,toan tai chinh,25,restricted,False,True,student_identity,token_v1,privacy_v1
stu_a870e895d77f9715,dff53b82df0dc8aa8e19506aad9a49655415392377f63869d0c3ba72276f63f3,312310*****,Đ.Đ.T.,Nam,Quản lý công,quan ly cong,23,restricted,False,True,student_identity,token_v1,privacy_v1
stu_1008ab2eac917be9,f60d19bcb12733f8506969757152b77f79f3f207edea470c5a2bf5b7b42656dd,312310*****,N.T.P.,Nam,Kinh doanh quốc tế,kinh doanh quoc te,23,restricted,False,True,student_identity,token_v1,privacy_v1
stu_50491eac8b6564d3,8c6c6a26042347a075ed94b32b97b5726117e30a2a2768e95fff832a0861f0ce,312410*****,H.Q.D.,Nam,Hệ thống hoạch định nguồn lực doanh nghiệp,he thong hoach dinh nguon luc doanh nghiep,24,restricted,False,True,student_identity,token_v1,privacy_v1
stu_7e2d5d610ce8c7ff,a23ad474835bad147e7fb324c29a648c616e43fc00b910d4105a508ef5f86410,312310*****,Đ.A.Đ.,Nam,Đầu tư tài chính,dau tu tai chinh,23,restricted,False,True,student_identity,token_v1,privacy_v1
stu_46c8476e2a3a895f,02126378a4c4b534450aaa457184567ed534200b15886d2d8718091517bb6d53,312410*****,P.M.N.,Nam,Kỹ sư Robot và Trí tuệ nhân tạo,ky su robot va tri tue nhan tao,24,restricted,False,True,student_identity,token_v1,privacy_v1
stu_5a37b82ca5a29bcc,972d1e73011dda4832277681f128521486661c4566f89a8b9ba1f731bacc8e53,312310*****,L.N.C.,Nữ,Công nghệ và đổi mới sáng tạo,cong nghe va doi moi sang tao,23,restricted,False,True,student_identity,token_v1,privacy_v1
stu_c38d0150f6410a98,c99bea22b71a28549893859d36f18bfd254cd8b5f82ed3bab72b286a2b940a13,312310*****,B.G.P.,Nam,Quản trị Hải quan - Ngoại thương,quan tri hai quan ngoai thuong,23,restricted,False,True,student_identity,token_v1,privacy_v1
stu_c5dc53e87c0cbab4,b9d72e809ebcdae3f5f423aebd99dd5904cd169bc9396db15fffe90d7eaa1b73,312410*****,H.M.M.,Nam,Công nghệ Marketing,cong nghe marketing,24,restricted,False,True,student_identity,token_v1,privacy_v1
stu_dbbe5f3d9c98b061,5a80853a6fac68139634f1690712ff6c635bfb0899da5dd7541256ebd79aa078,312510*****,Đ.G.H.,Nam,Công nghệ thông tin,cong nghe thong tin,25,restricted,False,True,student_identity,token_v1,privacy_v1
stu_0228ea389f375d71,c625fece164094e0e4beeb48a23b10762d4563c2efddaf0360d8f94467a763e9,312410*****,M.H.Q.,Nam,Khoa học máy tính,khoa hoc may tinh,24,restricted,False,True,student_identity,token_v1,privacy_v1
stu_f8bf209a553ebd62,284a1909ba11fdd5d40fecd7d5f2b1d44f366ce90abd412f64194cb375c0d99e,312510*****,V.P.L.,Nữ,Kinh doanh số,kinh doanh so,25,restricted,False,True,student_identity,token_v1,privacy_v1
stu_6946f6c0d668e037,4ce369ad99c82939711e4b356cc2ccffb567c7559c985cc5637e2d396bce0859,312310*****,V.A.T.,Nam,Đầu tư tài chính,dau tu tai chinh,23,restricted,False,True,student_identity,token_v1,privacy_v1
stu_e9c4b99a17cab019,d00018e8dafda1ae123a82b71e83ec225dcca203060d9b9c1e102214281d8de4,312510*****,L.T.H.,Nữ,Khoa học máy tính,khoa hoc may tinh,25,restricted,False,True,student_identity,token_v1,privacy_v1
stu_cff5d9e4531292a1,628311300a2d078677b0e2096fa817c0d51f52bc7e7f6ce83b0e5de4068d7895,312510*****,V.K.H.,Nữ,Kinh doanh quốc tế,kinh doanh quoc te,25,restricted,False,True,student_identity,token_v1,privacy_v1
stu_e41ede9ab1bcdf19,7839df4cee1c1af279ec50f7bbd9ef671e63db6dafbb6f0b74d3f3d36a13cd47,312410*****,Đ.T.Ý.,Nữ,Kinh tế,kinh te,24,restricted,False,True,student_identity,token_v1,privacy_v1
stu_409e132439e1e213,b14dcc4db5e6ba0b4a29ec333058226d99bfe9c09d189725eebf646a79de8f07,312510*****,V.T.K.,Nam,Bất động sản,bat dong san,25,restricted,False,True,student_identity,token_v1,privacy_v1
stu_2f437c7d3f4127b4,cb853aad79ff32534a3e753f8201aa9f10b3e15972aa3f4f8b727a2b1550497f,312410*****,P.H.M.,Nữ,Kinh tế đầu tư,kinh te dau tu,24,restricted,False,True,student_identity,token_v1,privacy_v1
stu_919fcd415c22cf10,2b19daa93731ec38fdb8b687bd967c540f1e680292ec16180c365d72f4cca319,312410*****,V.K.D.,Nữ,Ngân hàng,ngan hang,24,restricted,False,True,student_identity,token_v1,privacy_v1
stu_e288f841948388bf,46dafff4fd7979761ed8c6013475cd289fcd98fd418d43cdcba16cd38172b022,312410*****,D.T.T.,Nam,Khoa học dữ liệu,khoa hoc du lieu,24,restricted,False,True,student_identity,token_v1,privacy_v1
stu_885b8f2111eac2b2,7527b2189899b46611eaf843139578ea8ac0d5beddc5c04b961c18d06f96eb8c,312410*****,L.P.P.,Nữ,Bất động sản,bat dong san,24,restricted,False,True,student_identity,token_v1,privacy_v1
stu_32ca13fb5a793870,9e1a4badd8ab6f839bacb5f038e466eb5d61c76e9a621e045237ae07b93a9ef3,312310*****,Đ.T.Q.,Nữ,Marketing,marketing,23,restricted,False,True,student_identity,token_v1,privacy_v1
stu_21c4ccba587bfe0c,339c78ecfccf5faa11f03a0e77a3dcdc9fcd8b9ddf9418787b161f2fe1a739b2,312510*****,D.T.C.,Nữ,Luật kinh doanh quốc tế,luat kinh doanh quoc te,25,restricted,False,True,student_identity,token_v1,privacy_v1
stu_7c23a0c70c0d2f5d,54b2fc119936fa4eb993406c16256f16ce8210557270d912d21c9ed912d203a0,312510*****,N.Đ.L.,Nam,Hệ thống thông tin kinh doanh,he thong thong tin kinh doanh,25,restricted,False,True,student_identity,token_v1,privacy_v1
stu_5a239bce7c3cdefd,8e47c894a94da923c0599d7e81ddbb3ab3361f81829c45f586f0e51ea8436075,312410*****,P.M.M.,Nam,Kinh doanh nông nghiệp,kinh doanh nong nghiep,24,restricted,False,True,student_identity,token_v1,privacy_v1
stu_a4c2b4486056c4c9,d1aa2eabf00a60cf60c7dca08382f3b943cdd40a9fb4b509bf1a6e507800710c,312510*****,M.Đ.Q.,Nam,Thị trường chứng khoán,thi truong chung khoan,25,restricted,False,True,student_identity,token_v1,privacy_v1
stu_b861c4429ebba1c9,1cb43dcb92e176050624ac713cdc27557ced5dfa33087ff53a7a8a2d3826c43c,312410*****,V.M.N.,Nam,Ngân hàng,ngan hang,24,restricted,False,True,student_identity,token_v1,privacy_v1
stu_596d948db163c273,1fd96ca4ab36ab4b9dd19765dac4fab599458c7f7ebc4d1d8142bb13d161841a,312410*****,N.T.K.,Nam,Kinh doanh quốc tế,kinh doanh quoc te,24,restricted,False,True,student_identity,token_v1,privacy_v1
stu_08672f0831cf09c3,79bb98376f3f9e473ce70863436bfa700d53c3b4fc2241d6fc3861f9996ee12b,312410*****,N.V.K.,Nam,Logistics và Quản lý chuỗi cung ứng,logistics va quan ly chuoi cung ung,24,restricted,False,True,student_identity,token_v1,privacy_v1
stu_3c550cc1a80c7b33,19a27b6f6dfcc69343e51af1f90701f5f3f946206fc9fb3ac721d39852a25044,312310*****,V.M.B.,Nam,Kế toán doanh nghiệp,ke toan doanh nghiep,23,restricted,False,True,student_identity,token_v1,privacy_v1
stu_d9126904e6308194,7749330cc57e5fb8fee2b0fa3600ee41e0aa02e7a4a88fdb0a9d8630afade739,312510*****,H.T.Q.,Nữ,Logistics và Quản lý chuỗi cung ứng,logistics va quan ly chuoi cung ung,25,restricted,False,True,student_identity,token_v1,privacy_v1
stu_a1839a40d039509c,d4e39bb69256cfbb292a2b86b45d5d9b64fdcb93ce06b2a26b6d7a43bf73d7c0,312510*****,Đ.Đ.V.,Nam,Hệ thống hoạch định nguồn lực doanh nghiệp,he thong hoach dinh nguon luc doanh nghiep,25,restricted,False,True,student_identity,token_v1,privacy_v1
stu_4721e0eb55b97f8e,c790b4b0290980e6f3ec7a8aff0d3c8b25b7d9fa2cee85343b3770695e3cfabd,312310*****,P.T.P.,Nam,Quản trị Hải quan - Ngoại thương,quan tri hai quan ngoai thuong,23,restricted,False,True,student_identity,token_v1,privacy_v1
stu_a2470dfb657514a7,2f9ad12ff6f73fe9f4c69691c063a24ef0f2cf25e102745a3ece906a717fb666,312410*****,P.L.L.,Nữ,Quản trị Hải quan - Ngoại thương,quan tri hai quan ngoai thuong,24,restricted,False,True,student_identity,token_v1,privacy_v1
stu_83c53e8c35f88a59,86580228f95521bb682eaaaf03c52e69fcbc93683f3db0c63e88741f00468baa,312510*****,N.M.T.,Nam,Kiến trúc và thiết kế đô thị thông minh,kien truc va thiet ke do thi thong minh,25,restricted,False,True,student_identity,token_v1,privacy_v1
stu_8f2fc1607e6cba24,dad0b46b99f25fefaec1321814fe34fc8625e2f22f9ec28907fe24474386e28f,312310*****,V.L.T.,Nữ,Đầu tư tài chính,dau tu tai chinh,23,restricted,False,True,student_identity,token_v1,privacy_v1
stu_b31a542234c41821,2fef4457c746cbd5e5bbaa37bdd34f93c96b2ed05331337f7e654b275138dd48,312410*****,L.T.T.,Nữ,Khoa học dữ liệu,khoa hoc du lieu,24,restricted,False,True,student_identity,token_v1,privacy_v1
stu_13b985c6e1be517f,954e8a644863c0fb3b546f5760d83201d0ebe82e16bb6ed4d39e45ffbdc77c1c,312410*****,P.P.T.,Nữ,Công nghệ và đổi mới sáng tạo,cong nghe va doi moi sang tao,24,restricted,False,True,student_identity,token_v1,privacy_v1
stu_95f50c9afecad0b8,fd69f9d065c2cdedea5d0bd14315f5fa4c8528c6f338ba2be8da56b4af9d575c,312310*****,T.T.M.,Nam,Khoa học máy tính,khoa hoc may tinh,23,restricted,False,True,student_identity,token_v1,privacy_v1
stu_14d7565dd95a4d0c,748923e43e32e295a7f7d4354bbfe5459e4fc2b508d34f9833ba09501bba45b5,312410*****,N.T.H.,Nam,Quản trị kinh doanh,quan tri kinh doanh,24,restricted,False,True,student_identity,token_v1,privacy_v1
stu_cb98dc089ef2628d,637317f02b7dc2e41771d46078901da3246f66c393e2342d53f1353c707cd801,312410*****,H.H.C.,Nữ,Kinh tế đầu tư,kinh te dau tu,24,restricted,False,True,student_identity,token_v1,privacy_v1
stu_0c5c77a472a70083,d769e81426a09dd9a950bb7ce7e5e7e72c504e1b0987a112033afa18718353b5,312410*****,B.Á.H.,Nữ,Hệ thống thông tin kinh doanh,he thong thong tin kinh doanh,24,restricted,False,True,student_identity,token_v1,privacy_v1
stu_52a69c7c5e697360,1f708188ecc104c06415b129009c194d52ec3c23853de1106d76fbc48a39df98,312410*****,H.K.H.,Nữ,Công nghệ nghệ thuật - ArtTech,cong nghe nghe thuat arttech,24,restricted,False,True,student_identity,token_v1,privacy_v1
stu_426c407670c7ac81,49aea7b76b2d96e4de027d706b5439ec57fb74d64fb8a0f8e58a05b3605ec2c9,312310*****,V.T.T.,Nữ,Kinh doanh quốc tế,kinh doanh quoc te,23,restricted,False,True,student_identity,token_v1,privacy_v1
stu_0e98da3e98b60e67,8bca56e910ef86e80fe804adec14a1b63523032e304d897d8e6e3c17535162b5,312410*****,Đ.T.T.,Nữ,Kiến trúc và thiết kế đô thị thông minh,kien truc va thiet ke do thi thong minh,24,restricted,False,True,student_identity,token_v1,privacy_v1
stu_1b7acb624a42ade5,679d36daa57090da1e05eea84095b406254797170e8607b57d16522bbc4d9e11,312410*****,H.H.T.,Nữ,Hệ thống hoạch định nguồn lực doanh nghiệp,he thong hoach dinh nguon luc doanh nghiep,24,restricted,False,True,student_identity,token_v1,privacy_v1
stu_dbba9c9019d13c74,ca68d7e04dfbd3559280f85e67d11e0cf12a0d339f2e4722510c9512d31ec94b,312310*****,V.M.B.,Nam,Công nghệ logistics tích hợp chứng chỉ FIATA,cong nghe logistics tich hop chung chi fiata,23,restricted,False,True,student_identity,token_v1,privacy_v1
stu_276f305aa7451517,cde1140edc6b9de30cadafd1cc077a9471a2e08c940c2b0b3f82ca2747a51679,312410*****,N.T.T.,Nữ,Quản trị kinh doanh,quan tri kinh doanh,24,restricted,False,True,student_identity,token_v1,privacy_v1
stu_b0fa83cb30b67a8f,ef61c8b9fac2759e90f784e1c2c1dd4d6bf89aecebd2ef3343318091fa5e5c01,312410*****,D.Á.H.,Nữ,Bất động sản,bat dong san,24,restricted,False,True,student_identity,token_v1,privacy_v1
stu_160f258e972bcfa9,50e7c6a5241de163935db2d2ac135f881b18f17772b69f4c744bf079ce941a38,312310*****,P.T.K.,Nam,Đầu tư tài chính,dau tu tai chinh,23,restricted,False,True,student_identity,token_v1,privacy_v1
stu_c87ac87f62de80d9,5cfa72527762891e28c738313606c39f830ceb95750796266c61be22bca60556,312510*****,T.L.L.,Nữ,Hệ thống hoạch định nguồn lực doanh nghiệp,he thong hoach dinh nguon luc doanh nghiep,25,restricted,False,True,student_identity,token_v1,privacy_v1
stu_d568b2c4ae1a5e9c,ed473c7f1bd642c95339711006983494f692155dd7443ebe971b648b08a3183c,312510*****,N.H.M.,Nam,An toàn thông tin,an toan thong tin,25,restricted,False,True,student_identity,token_v1,privacy_v1
stu_07ecfc89f0808d8d,08ad2e780827db54d2aa1d36f6ffd6ee4bfca1e2dd259ddae7dd8901d016be25,312510*****,N.K.H.,Nữ,Quản trị Hải quan - Ngoại thương,quan tri hai quan ngoai thuong,25,restricted,False,True,student_identity,token_v1,privacy_v1
stu_a2f48ea9554ed807,f5c9f6c5756a1b7877accf504637e6cb9e541fe54f3905408869d8a0fa831fd0,312410*****,B.M.A.,Nam,Logistics và Quản lý chuỗi cung ứng,logistics va quan ly chuoi cung ung,24,restricted,False,True,student_identity,token_v1,privacy_v1
stu_66d64493edc58b11,5e68b889fb38fecd6fde72d379873a5f932cf8519d1c32c484386c1b5976ca5b,312410*****,D.K.Ý.,Nữ,Công nghệ nghệ thuật - ArtTech,cong nghe nghe thuat arttech,24,restricted,False,True,student_identity,token_v1,privacy_v1
stu_5cf5e2ed3ab8f744,f1c2964f11bce6d879ea2e1308474f923a93dd504853d076169524ae7d1f3c1e,312410*****,B.L.H.,Nữ,An toàn thông tin,an toan thong tin,24,restricted,False,True,student_identity,token_v1,privacy_v1
stu_3eebd5b2565cad7a,8bbc34efdd1d22e0bac59dd2505a3fd9df15f8dd1454c994caf72fba72409c0a,312310*****,B.T.D.,Nữ,Kế toán công,ke toan cong,23,restricted,False,True,student_identity,token_v1,privacy_v1
stu_1173f31826ee9c03,90ba4b15123a0c23ac07c8adbe3185efcd2dc1a4581bdebf7d914f3143ee48c2,312510*****,H.T.K.,Nam,Kỹ sư Robot và Trí tuệ nhân tạo,ky su robot va tri tue nhan tao,25,restricted,False,True,student_identity,token_v1,privacy_v1
stu_0162381fab53ca26,1b00d9ab1327257f1af4001b4cd456166acaa5ed63be54a94d8d41f8ca2fff5d,312410*****,P.M.T.,Nam,Khoa học dữ liệu,khoa hoc du lieu,24,restricted,False,True,student_identity,token_v1,privacy_v1
stu_d34be92517b8a307,04528c77e1b859748f5247729ba3f128a68021ea438a4e3cf4f9c9f546316615,312410*****,P.T.Đ.,Nam,Logistics và Quản lý chuỗi cung ứng,logistics va quan ly chuoi cung ung,24,restricted,False,True,student_identity,token_v1,privacy_v1
stu_e41dbe547512b783,80516294b9b12ea2944462316c9b215b2fce868e36a3231d542fda8d26debd88,312510*****,Đ.H.S.,Nam,Marketing,marketing,25,restricted,False,True,student_identity,token_v1,privacy_v1
stu_48d07bed5440c34e,986d1a27e1209dd07af3b7a547b0996109ed2c13c5df6ae7ed587e0f182bb641,312310*****,H.Á.N.,Nữ,Tài chính,tai chinh,23,restricted,False,True,student_identity,token_v1,privacy_v1
stu_df36d8cc1a4a81bc,1736a33e158ac36b67d1cba157815092dd4f24457979e78afe106ac40f1811ad,312310*****,Đ.L.L.,Nữ,Marketing,marketing,23,restricted,False,True,student_identity,token_v1,privacy_v1
stu_cf6421a9fe724bb0,119c6a0809f7623c2e2b9dc287ad1ac2092f7d195340442566a3ec52a82f6a42,312510*****,T.H.Q.,Nam,Marketing,marketing,25,restricted,False,True,student_identity,token_v1,privacy_v1
stu_b23574662c822b52,a567c89f6e1910c7333971d3fbced670c6222a28feb35e5b0b79803f0a1a0cec,312510*****,L.H.H.,Nam,Quản lý công,quan ly cong,25,restricted,False,True,student_identity,token_v1,privacy_v1
stu_0887d747ae2b7de0,41770ab7616b2fba2f4687e16fb7604a6505ff6d03a4a7780a8e4717fb92b6c9,312410*****,L.Á.N.,Nữ,Công nghệ nghệ thuật - ArtTech,cong nghe nghe thuat arttech,24,restricted,False,True,student_identity,token_v1,privacy_v1
stu_80564474d87c9e67,2099693081ba7d978e8713ee32796d36df1370ee5cdd40249aa51b77bfc01dff,312310*****,V.H.T.,Nữ,Đầu tư tài chính,dau tu tai chinh,23,restricted,False,True,student_identity,token_v1,privacy_v1
stu_bc5c9bd751583984,100d0bd547182874a9586f0787c428da66c016d15bba88dc0d98899e192fd9f4,312510*****,T.H.D.,Nam,Kiến trúc và thiết kế đô thị thông minh,kien truc va thiet ke do thi thong minh,25,restricted,False,True,student_identity,token_v1,privacy_v1
stu_55a73fd4652cf105,604f074d162e47339c7892cf58a734f95b10a14b557f2ca14a42ffd31aab0557,312410*****,D.G.N.,Nam,Tài chính,tai chinh,24,restricted,False,True,student_identity,token_v1,privacy_v1
stu_6f20bb411eb68797,10e97b4277d757a4009a48909ee79af464837610b4ed0257190e42ac3a7bc57c,312410*****,Đ.V.D.,Nam,Kinh doanh thương mại,kinh doanh thuong mai,24,restricted,False,True,student_identity,token_v1,privacy_v1
stu_39ff63bdcd4d6605,f46be722601503f1ea33ec880c18ca7bbe78aa4151bf96021b4cc49ca90ef1fa,312310*****,T.T.T.,Nữ,Quản lý công,quan ly cong,23,restricted,False,True,student_identity,token_v1,privacy_v1
stu_2cc71ebd82509eb3,252a269cd708d37a2c08936f280407ac048b64c2445b13c9bc14d0c9b7733fb4,312410*****,D.L.N.,Nữ,Kinh doanh nông nghiệp,kinh doanh nong nghiep,24,restricted,False,True,student_identity,token_v1,privacy_v1
stu_db2fb888c0edbf0c,9763a8cd3c12670de4c1b350e349dc423c51bc13d41f6dcba7353a13f3ada1ce,312310*****,L.G.N.,Nam,Kinh doanh số,kinh doanh so,23,restricted,False,True,student_identity,token_v1,privacy_v1
stu_59176c1b825ce109,32e44ec79b56c6d0e5a3884e5b591cc06ed258661d8046248247c36c04c5275a,312410*****,N.Đ.D.,Nam,Công nghệ Tài chính,cong nghe tai chinh,24,restricted,False,True,student_identity,token_v1,privacy_v1
stu_0ee116ab3dd89374,54b01ce6cf8e76f9a8bfb4fc6efa71f16c2f4fce39e511bdef4caff3437a1bb3,312310*****,D.P.Ý.,Nữ,An toàn thông tin,an toan thong tin,23,restricted,False,True,student_identity,token_v1,privacy_v1
stu_7f95cbb7590a9931,efe20a3d6c82994834779de087a08609615c0c44b55b1e16909255aa518739b9,312410*****,H.K.D.,Nữ,Quản trị Hải quan - Ngoại thương,quan tri hai quan ngoai thuong,24,restricted,False,True,student_identity,token_v1,privacy_v1
stu_cbf7ffc2d04bac67,9f525f372d5856a8f29e7394b8379640fe20e51f1e87df5c9641944874f302c2,312310*****,P.V.L.,Nam,Công nghệ và đổi mới sáng tạo,cong nghe va doi moi sang tao,23,restricted,False,True,student_identity,token_v1,privacy_v1
stu_c2af2f6a42898040,33959ee391d5bab1eee92056147558e58886749526ce9190c4f08dd994e9a7da,312310*****,V.Đ.K.,Nam,Bảo hiểm,bao hiem,23,restricted,False,True,student_identity,token_v1,privacy_v1
stu_37a6cf9e30eeff31,b6006f0283ab9cbba7c20d2ad2c7e81aa353dc9b12a7318fd1944ce160337286,312310*****,H.Á.T.,Nữ,Hệ thống thông tin quản lý,he thong thong tin quan ly,23,restricted,False,True,student_identity,token_v1,privacy_v1
stu_1c874140009e5adb,77d52966e414ebe866bfbf4c36a8011cd47fc39162baecff9aabb70ce4511632,312310*****,D.A.Đ.,Nam,Bảo hiểm,bao hiem,23,restricted,False,True,student_identity,token_v1,privacy_v1
stu_06487d938ee47508,0b1e38c26248b0ba78ed9658bbdf4d423c0116e69e7a8def8df79710a4226eeb,312410*****,P.T.N.,Nam,Bảo hiểm,bao hiem,24,restricted,False,True,student_identity,token_v1,privacy_v1
stu_6e3138c4e181fd73,0e73e3caafd8c682586c02cbac7e53988958eebd63c58f2bd10541ecc827ffc8,312310*****,P.Đ.T.,Nam,Logistics và Quản lý chuỗi cung ứng,logistics va quan ly chuoi cung ung,23,restricted,False,True,student_identity,token_v1,privacy_v1
stu_4694fe6a52ee0a12,7d0e3e5e72d48dfb78c9a098a11552ae08854979d66ef19f0894094a57dab61f,312510*****,T.Á.T.,Nữ,Quản trị Hải quan - Ngoại thương,quan tri hai quan ngoai thuong,25,restricted,False,True,student_identity,token_v1,privacy_v1
stu_5339b02d1adb08be,a2efd542e7fee161e54cfa3ec6e67736917dedaece0eb549badcfbc3f15046b1,312510*****,V.T.U.,Nữ,Quản trị Hải quan - Ngoại thương,quan tri hai quan ngoai thuong,25,restricted,False,True,student_identity,token_v1,privacy_v1
stu_e24f22dda5dfe64d,b8024f5c71656cffb6988f1f8831b91d47648a67b40b4bb63c5ef7efad9279bd,312410*****,L.T.N.,Nữ,Bảo hiểm,bao hiem,24,restricted,False,True,student_identity,token_v1,privacy_v1
stu_8cad92d009ea6473,41853380bd84b9ba8b9f5f1da0a2771d5fe46db1de54f75d841a32dc61359130,312410*****,M.T.T.,Nữ,Luật kinh doanh quốc tế,luat kinh doanh quoc te,24,restricted,False,True,student_identity,token_v1,privacy_v1
stu_ba1c556d0fe2a15b,0aca4e55f71df86ed3f9ade8ab114017395a13d964132b7389b49be3cea5807b,312310*****,P.Á.Q.,Nữ,Marketing,marketing,23,restricted,False,True,student_identity,token_v1,privacy_v1
stu_aebbd95b7c455b96,2e6a95191c5e0081b3da8e0a2ae8cf67b3972df089c78e3f728b0e935bd893fc,312310*****,T.T.T.,Nam,Ngân hàng,ngan hang,23,restricted,False,True,student_identity,token_v1,privacy_v1
stu_7038da631408a5b6,924ce50d5de236452e6ff9ef1d7390b636da0ffe7b9205d5367e76f588c7eec5,312310*****,N.T.T.,Nữ,Quản lý công,quan ly cong,23,restricted,False,True,student_identity,token_v1,privacy_v1
stu_6ebdc047ab979edc,2f98f25477794ac9d891547bec68fa86e13c898ededd6e47cf6148adb9663201,312510*****,L.Á.H.,Nữ,Hệ thống hoạch định nguồn lực doanh nghiệp,he thong hoach dinh nguon luc doanh nghiep,25,restricted,False,True,student_identity,token_v1,privacy_v1
stu_6026cb9b3fe5d8e1,38b7ed66e54cc5365c1c38677324874681b282bfa3a2bcd9d81858acf653ae27,312310*****,P.P.T.,Nữ,Hệ thống thông tin kinh doanh,he thong thong tin kinh doanh,23,restricted,False,True,student_identity,token_v1,privacy_v1
stu_aee699b24063d688,e08996a004ab7f0240a863f9a584d9ab7d6a3766301d8a4446f98c977ef8bf8a,312310*****,N.T.N.,Nam,Kinh doanh nông nghiệp,kinh doanh nong nghiep,23,restricted,False,True,student_identity,token_v1,privacy_v1
stu_d96c503640e3aae3,9db23d5ce7c7dd22e18a68ffa083fcdee6a0c8736d413e7be367bcad906e4a73,312510*****,Đ.V.C.,Nam,Kinh doanh thương mại,kinh doanh thuong mai,25,restricted,False,True,student_identity,token_v1,privacy_v1
stu_483c5af7f1037b30,af8ef15f6bbf2677d032eb05da3fa755518bcca19f06dcd5a8a415a65ed8cb3d,312410*****,P.H.M.,Nam,Kinh doanh số,kinh doanh so,24,restricted,False,True,student_identity,token_v1,privacy_v1
stu_ec70bb571e50cd78,cef6620e67024c678d1c9185e2a2e66415c70b3f4f7d5b2dae5ae6c1f4cb7767,312410*****,T.H.N.,Nữ,Quản trị Hải quan - Ngoại thương,quan tri hai quan ngoai thuong,24,restricted,False,True,student_identity,token_v1,privacy_v1
stu_764a8a1bfd40985d,f0eb4534b7c593db6ae0c1c1301bd6b7cca7304f78f5fe08bf23c03aef927e28,312510*****,T.A.V.,Nam,Đầu tư tài chính,dau tu tai chinh,25,restricted,False,True,student_identity,token_v1,privacy_v1
stu_d3915ed00c0f10a4,3272894302417696e0c9dcbb6a692e0e7d93269f67a7c272275b58a2c88c84df,312310*****,L.V.H.,Nam,Công nghệ thông tin,cong nghe thong tin,23,restricted,False,True,student_identity,token_v1,privacy_v1
stu_f2fdcaf145490300,76afdb279336beb821ffa78709c33e6c531761c39f0b9508060e5e4e503fd002,312310*****,P.T.K.,Nam,Công nghệ Tài chính,cong nghe tai chinh,23,restricted,False,True,student_identity,token_v1,privacy_v1
stu_23d616ca323c2b10,8708172a90281a5fa13d2312285293a89e16abe0a35510ffddcbee0f0429e0bd,312510*****,P.N.Q.,Nữ,Kiến trúc và thiết kế đô thị thông minh,kien truc va thiet ke do thi thong minh,25,restricted,False,True,student_identity,token_v1,privacy_v1
stu_611575e92760cb42,af4eea1bda6a5f65ed6183447047e0f0ea637d7b9dfb751a9916475d77d288a3,312310*****,D.Đ.A.,Nam,Kinh doanh số,kinh doanh so,23,restricted,False,True,student_identity,token_v1,privacy_v1
stu_35ea1bcd1baebac1,2f16d0a069861c7077e877e320411023f9c82a4c185d1efd6e77d4bdd4e48f1f,312410*****,Đ.N.D.,Nữ,Khoa học dữ liệu,khoa hoc du lieu,24,restricted,False,True,student_identity,token_v1,privacy_v1
stu_54bc684bd2c01541,eb0f56c90676be24d91936cbd44d72fd174940cf0f8d2376e696911684ae6af7,312410*****,Đ.B.H.,Nữ,Kiểm toán,kiem toan,24,restricted,False,True,student_identity,token_v1,privacy_v1
stu_3de7e20ee4a2c0e3,8b3bc54b53d3e3edaddddc85093f7fe4912254411562e37adae7a75540136a82,312410*****,N.Đ.T.,Nam,Thị trường chứng khoán,thi truong chung khoan,24,restricted,False,True,student_identity,token_v1,privacy_v1
stu_59eedfb3321b883c,e2fb523fdd2565ae08e3266dd0e32e62b036e6d1fd2026f21f83c9fa244c75a3,312510*****,N.Á.H.,Nữ,Quản lý công,quan ly cong,25,restricted,False,True,student_identity,token_v1,privacy_v1
stu_c60777d711e0193d,853a8cea95b48b8b513f9d1142498921224889a6c06eae6623d6d281bab907bc,312510*****,L.T.Q.,Nam,An toàn thông tin,an toan thong tin,25,restricted,False,True,student_identity,token_v1,privacy_v1
stu_fbe8dd6510dd4dbe,fe85bb21d48e2c99f0a6032411fdd060e1a946bceb75c0c97f6b37cc3ad23b8d,312310*****,H.V.H.,Nam,Logistics và Quản lý chuỗi cung ứng,logistics va quan ly chuoi cung ung,23,restricted,False,True,student_identity,token_v1,privacy_v1
stu_1313dcef95b5f82b,5cf0c310e9ee0bbf42247dd5d8e1ea0a3adf5a38b24dfd591d32265df92cf51a,312510*****,N.P.V.,Nữ,Công nghệ logistics tích hợp chứng chỉ FIATA,cong nghe logistics tich hop chung chi fiata,25,restricted,False,True,student_identity,token_v1,privacy_v1
stu_025567b2c7534f7b,7f771a942236bd40a8360144816e2246c1403e3a61c68a4346a74cca41c0b6d4,312510*****,Đ.T.N.,Nữ,Kinh doanh nông nghiệp,kinh doanh nong nghiep,25,restricted,False,True,student_identity,token_v1,privacy_v1
stu_d4c7ce3be9f05ac0,eb6f5bc837f4c0b1eae7a96758491aa227cf5586d4f4f8b0f0aa6a8eb9036744,312510*****,D.B.V.,Nữ,Thị trường chứng khoán,thi truong chung khoan,25,restricted,False,True,student_identity,token_v1,privacy_v1
stu_3f51a004654da1d5,b0dd95409ceb3f1ec2540f534f8b203b2552e6678dd7d34ede86a371e4728d9c,312510*****,P.K.D.,Nữ,Ngân hàng,ngan hang,25,restricted,False,True,student_identity,token_v1,privacy_v1
stu_8a2aa1ab8d4b2d77,0d443f90cfe55af800241d9cd184d950b17d39cf1d00b15149d30d336b3152bc,312510*****,H.H.V.,Nữ,Bất động sản,bat dong san,25,restricted,False,True,student_identity,token_v1,privacy_v1
stu_c24e205f0b933cd5,88b158bb328ef7e8a4209549979be18b116154e64b64c8876e3ddf661b877e7c,312310*****,Đ.T.L.,Nữ,Kiến trúc và thiết kế đô thị thông minh,kien truc va thiet ke do thi thong minh,23,restricted,False,True,student_identity,token_v1,privacy_v1
stu_e25ad0d56e5ebee7,eeff277063d36af5b988d8953b67bdaf6a2426627adfb1ed8a45c232460332c3,312310*****,V.K.T.,Nữ,Bảo hiểm,bao hiem,23,restricted,False,True,student_identity,token_v1,privacy_v1
stu_12e4e338175465b5,77f9706bfc34487a8027e7e82f2abf6aad839b74eae20c628c933fecb2570d81,312310*****,Đ.T.H.,Nam,Tài chính,tai chinh,23,restricted,False,True,student_identity,token_v1,privacy_v1
stu_f2903e334f47465b,8ba8b7e12006edb3cd788afb33f073d1dc6dd448ae46554a16dab38bd8c3c8e2,312310*****,D.T.N.,Nam,Kinh doanh thương mại,kinh doanh thuong mai,23,restricted,False,True,student_identity,token_v1,privacy_v1
stu_a9a86dcd86a21bce,ffa7e962ab9a96a73142a29fbd84345f23d5ee75deca6354cf2da597f2eb1a20,312410*****,T.G.K.,Nam,An toàn thông tin,an toan thong tin,24,restricted,False,True,student_identity,token_v1,privacy_v1
stu_067ae3fc94cf085b,ffb50f96388bf1aece61ea3e3e506a09e69acd5821d98d2208437f246efe8dd0,312410*****,T.N.T.,Nữ,Kế toán doanh nghiệp,ke toan doanh nghiep,24,restricted,False,True,student_identity,token_v1,privacy_v1
stu_7f6de2f7a4ee56bf,2b8576ad09574e2737f6de301e93d210273ab94e029ad763029659708c93a7ba,312510*****,B.H.N.,Nam,Thị trường chứng khoán,thi truong chung khoan,25,restricted,False,True,student_identity,token_v1,privacy_v1
stu_27bda6cf2da3a0da,0e34d89512eca9eb839f7286412b3dff04325ed32e743e3a5fbdc9d88868d752,312410*****,H.Đ.T.,Nam,Hệ thống thông tin quản lý,he thong thong tin quan ly,24,restricted,False,True,student_identity,token_v1,privacy_v1
stu_05de2be78857c2e2,4c7a6382ba0abb9de1cc12aa80bd77910c5772e0f120f36aeb0f1057d26e0d15,312310*****,H.Á.L.,Nữ,Công nghệ nghệ thuật - ArtTech,cong nghe nghe thuat arttech,23,restricted,False,True,student_identity,token_v1,privacy_v1
stu_d69980b3ef56adf6,a5fdc164fac7c90af1c65ffe4f34f066ab310c0f4d074058e9ca098cdefe1490,312310*****,T.H.U.,Nữ,Ngân hàng,ngan hang,23,restricted,False,True,student_identity,token_v1,privacy_v1
stu_3462859de8f577b9,584372e61a1808ae9dcb10c77493fd19508a324bb6b6def706f0eb2ca4c86dfc,312410*****,N.Á.T.,Nữ,Logistics và Quản lý chuỗi cung ứng,logistics va quan ly chuoi cung ung,24,restricted,False,True,student_identity,token_v1,privacy_v1
stu_ac9029c1fab442dd,aa20963c93f6d7f9266bd7599c72407580fef6310e718562dfea4061d3a7d5c3,312310*****,L.A.H.,Nam,Luật kinh doanh quốc tế,luat kinh doanh quoc te,23,restricted,False,True,student_identity,token_v1,privacy_v1
stu_a5c310b401cd27be,4ee877cb858432bdc21386a440a6fdccff0a75e8bef7de869bb4935b8ca7daf5,312510*****,D.A.B.,Nam,Tài chính,tai chinh,25,restricted,False,True,student_identity,token_v1,privacy_v1
stu_8eefb91075079d03,45cd4f6c1f492cebdb15acc8bdfc1eaeb99a6b79c96f4377fe1df0ed7d068c15,312510*****,M.Đ.D.,Nam,Hệ thống hoạch định nguồn lực doanh nghiệp,he thong hoach dinh nguon luc doanh nghiep,25,restricted,False,True,student_identity,token_v1,privacy_v1
stu_16208ae3b97a6dbe,4ae6f59d7b29ff7315e917bf754c12a8620cfaa9fe13ce65647fdce9fafb6fae,312410*****,T.H.H.,Nữ,Công nghệ thông tin,cong nghe thong tin,24,restricted,False,True,student_identity,token_v1,privacy_v1
stu_b97a60bdfeec38c5,2c92e1d9f97ebe338c7348cc87197b21dad35d2769cce55a26dd1b7b1b3dbe04,312410*****,Đ.K.T.,Nữ,Công nghệ thông tin,cong nghe thong tin,24,restricted,False,True,student_identity,token_v1,privacy_v1
stu_14e61f7e3343b382,5565ff0377c40298ee0dde307ebae3a5185a16b4dd225035a5f3375b78fd3ed9,312310*****,T.K.N.,Nữ,Bảo hiểm,bao hiem,23,restricted,False,True,student_identity,token_v1,privacy_v1
stu_284856f2a14afe2a,a92aca38c92f386cff5ec38cc950eee3467bf8f51470916cea20e77436bf0762,312310*****,N.T.V.,Nữ,Kế toán công,ke toan cong,23,restricted,False,True,student_identity,token_v1,privacy_v1
stu_9395998a1ee3e70e,22401a9f201278a59ab1df0eb705ccf988beb0e2f201f6f87a0a6e9922cfdcad,312310*****,L.L.N.,Nữ,Kinh doanh thương mại,kinh doanh thuong mai,23,restricted,False,True,student_identity,token_v1,privacy_v1
stu_b48bff81764ebf1d,3ffae0ea60020ec94add7197e40d17315811c920f41ed746fd1c928ea301c539,312410*****,M.N.H.,Nữ,Ngân hàng,ngan hang,24,restricted,False,True,student_identity,token_v1,privacy_v1
stu_0440ff9a482aadb5,1d95a7f061d3ad2aacb3780fce8f5015042e7ba3bc56c6add6e299af047db49f,312510*****,D.N.P.,Nữ,Tài chính,tai chinh,25,restricted,False,True,student_identity,token_v1,privacy_v1
stu_0c76b03704d01369,c63dcf4e4990332827d8946d82f058bce66fa4650806cc5c289bd9a84c6f1ae1,312510*****,H.B.T.,Nữ,Công nghệ nghệ thuật - ArtTech,cong nghe nghe thuat arttech,25,restricted,False,True,student_identity,token_v1,privacy_v1
stu_88cae935e3532882,f2fee9ed962e130a4536f87464480653530a092c35fa812c1024fc974a8fdf60,312510*****,V.T.L.,Nữ,Kinh doanh số,kinh doanh so,25,restricted,False,True,student_identity,token_v1,privacy_v1
stu_b0c2626b638d0c39,6fbdae8aa09ef7056ae6f3abf62d49111f1d9a447b3db8f8be524c070cea81a9,312510*****,L.T.V.,Nữ,Bảo hiểm,bao hiem,25,restricted,False,True,student_identity,token_v1,privacy_v1
stu_efa75463a8abc96f,b5a1ad0e9060a706e38d1ce151fab023ed888693dbccc51eca0adb593716c316,312310*****,T.H.L.,Nam,Công nghệ nghệ thuật - ArtTech,cong nghe nghe thuat arttech,23,restricted,False,True,student_identity,token_v1,privacy_v1
stu_6a11fe4bcde12ad9,88c4fc5806e02a940a6aabd19882fa7d203928b48cc6bfabd5dca748d47e5f96,312510*****,L.M.A.,Nam,Quản trị kinh doanh,quan tri kinh doanh,25,restricted,False,True,student_identity,token_v1,privacy_v1
stu_085f9edeaab999ea,361c191c1cf7d94f4f96ed1e75199c981e53dac1df845a6f4515199be998baba,312310*****,L.H.Ý.,Nữ,Kiểm toán,kiem toan,23,restricted,False,True,student_identity,token_v1,privacy_v1
stu_81c80bf4cfe82a2d,add9276266a7bfe9e52f579c2424e11bd48cc93b7a0d1c481093d0c8794cdfb3,312410*****,L.V.Q.,Nam,Kinh doanh quốc tế,kinh doanh quoc te,24,restricted,False,True,student_identity,token_v1,privacy_v1
stu_ddf59d3421f5f8c9,c9e418064712816928143c2f51372e913fac134a6697043f1f0ba0d222bba5b3,312310*****,Đ.T.T.,Nam,Marketing,marketing,23,restricted,False,True,student_identity,token_v1,privacy_v1
stu_dcca5354912a0732,fcf81939bfe267d1caebb50c648bae46526c64267728a0cc95f50fb3789f3121,312310*****,L.M.P.,Nam,Khoa học máy tính,khoa hoc may tinh,23,restricted,False,True,student_identity,token_v1,privacy_v1
stu_771e5844d657d99c,063bba19b36a2fe40abc9f05f2afd2da7b6debfeb168325093e2ad6147763d46,312310*****,H.T.T.,Nam,Đầu tư tài chính,dau tu tai chinh,23,restricted,False,True,student_identity,token_v1,privacy_v1
stu_58229738120afab7,df04165cb78e8d7826c8c8ee3bfa8f3b01b8260f84c96e564e5d5dbc861bbb4b,312310*****,H.T.C.,Nữ,Hệ thống hoạch định nguồn lực doanh nghiệp,he thong hoach dinh nguon luc doanh nghiep,23,restricted,False,True,student_identity,token_v1,privacy_v1
stu_e871750c8426a555,75ea5f5eada6ebedbb2030c93f7851ff42eb7f8554c859ade1e336015c126626,312410*****,H.P.P.,Nữ,Kinh doanh nông nghiệp,kinh doanh nong nghiep,24,restricted,False,True,student_identity,token_v1,privacy_v1
stu_e9d50edc64b29156,db8eb2ecdd4455b6042eb8b86b421beb92b8e0ea3d0a71b3cc18dff055c8fd3d,312410*****,P.Q.T.,Nam,Khoa học máy tính,khoa hoc may tinh,24,restricted,False,True,student_identity,token_v1,privacy_v1
stu_60d04dc049563a08,c38e6b403c8d0fd703877837b1a5e9b96f766e8c13dc6cdc39c6ccd795a844bd,312410*****,P.K.C.,Nữ,Khoa học dữ liệu,khoa hoc du lieu,24,restricted,False,True,student_identity,token_v1,privacy_v1
stu_77ceee09c9ca0ecd,14aa4ab9935c5fe2feda4760b94e3c93221e547cb6a5edb098b158e6319bbf1e,312410*****,L.Á.A.,Nữ,Kinh doanh quốc tế,kinh doanh quoc te,24,restricted,False,True,student_identity,token_v1,privacy_v1
stu_97447b2feb5f5c72,81b2977b6774c5e838266db97058ac6a0e021257ea7aaec2079b83a026f1cf71,312510*****,V.H.N.,Nam,Luật kinh doanh quốc tế,luat kinh doanh quoc te,25,restricted,False,True,student_identity,token_v1,privacy_v1
stu_ba1f9123c4fc4df6,e8ce2a9b7b552549ff9084125a9478b23e723209c0941a633ddf1fcaa91fe3b2,312310*****,Đ.G.T.,Nam,Công nghệ Tài chính,cong nghe tai chinh,23,restricted,False,True,student_identity,token_v1,privacy_v1
stu_32822319d9020b58,86b26987cd433ad1e1355ecd69d47af104b7204b95f086749bbe0a28a7ceaae7,312310*****,H.T.K.,Nam,Ngân hàng,ngan hang,23,restricted,False,True,student_identity,token_v1,privacy_v1
stu_2882241844de4d04,8c5552491338a496266032af8f6caf4b365b467330544353b93b5946ea63c476,312310*****,L.Á.C.,Nữ,Hệ thống hoạch định nguồn lực doanh nghiệp,he thong hoach dinh nguon luc doanh nghiep,23,restricted,False,True,student_identity,token_v1,privacy_v1
stu_69cb966287d70795,fce7483c46444413e29dce435bf72f86901c03bf7b2f0e1d321441d41dc24a7f,312410*****,H.T.C.,Nữ,An toàn thông tin,an toan thong tin,24,restricted,False,True,student_identity,token_v1,privacy_v1
stu_2988f2d5b97b36a6,60a9d0005126d9835ec0c8c8448da9ff79d32c726b985af1d5df05c399763ac9,312410*****,H.T.L.,Nữ,Quản trị kinh doanh,quan tri kinh doanh,24,restricted,False,True,student_identity,token_v1,privacy_v1
stu_0a72d2271f583154,fac95a981012053b8852fb7467e969ea7c7933082727152c16429e2f0c1cf580,312410*****,L.G.C.,Nam,Tài chính,tai chinh,24,restricted,False,True,student_identity,token_v1,privacy_v1
stu_a3e0e700ff07b829,f045c5aaeab23db42af3080d0644839d180e4cbb629025c2286d854ab2b8ba4a,312310*****,H.H.N.,Nam,Kinh doanh nông nghiệp,kinh doanh nong nghiep,23,restricted,False,True,student_identity,token_v1,privacy_v1
stu_6e73b790820b8d8c,5d662025fa67462676018d64971d0abd8638c23b5c702738b853ec082a3b74f4,312310*****,B.K.T.,Nữ,Marketing,marketing,23,restricted,False,True,student_identity,token_v1,privacy_v1
stu_73c1b437048f4584,65a5c4e70ca0bc1a72115bb59609f94ac45798286e7b4994e6a561247854a8bd,312310*****,B.B.T.,Nữ,Kiểm toán,kiem toan,23,restricted,False,True,student_identity,token_v1,privacy_v1
stu_f78006a3c8a7b1ff,8f9d04950dcb65eb27c16795a2ea10d461ee7c5862f6787edcfc890f654dc919,312310*****,N.G.Đ.,Nam,Kinh doanh số,kinh doanh so,23,restricted,False,True,student_identity,token_v1,privacy_v1
stu_4a341994c436f40f,90f521d7b6a73fd6ce219047e57fd02b8338c007044543b4764b2b87506df041,312310*****,N.H.Đ.,Nam,An toàn thông tin,an toan thong tin,23,restricted,False,True,student_identity,token_v1,privacy_v1
stu_87ceec5d6fee1fc4,b145a0f4c853dd18cb22845a3523a96fd73ba8ffff5e3351953dac126922df6c,312510*****,L.V.V.,Nam,Logistics và Quản lý chuỗi cung ứng,logistics va quan ly chuoi cung ung,25,restricted,False,True,student_identity,token_v1,privacy_v1
stu_906c11f6a96a5e8f,7a423c5f0719e0a70d94dbddf93e96fbdae9925030fd802594a4cad8617f60b8,312410*****,H.N.A.,Nữ,Công nghệ thông tin,cong nghe thong tin,24,restricted,False,True,student_identity,token_v1,privacy_v1
stu_d4cde0abb468c9a9,adb20ba77fc01d9173aa70a70bef63b4301133f16b6c8b777c5cb033fdb74f21,312410*****,D.V.M.,Nam,Công nghệ thông tin,cong nghe thong tin,24,restricted,False,True,student_identity,token_v1,privacy_v1
stu_3d02e934d1362a6d,936dc4d09922b7e68c6ee13099f3fa5d739f5d0900ec6a392002cd088cda5d5c,312410*****,P.T.Ý.,Nữ,Bảo hiểm,bao hiem,24,restricted,False,True,student_identity,token_v1,privacy_v1
stu_dbd365bc63dbe609,04230838ad8511b94eef2932314bb49c0cb6900abb40921dffb4afb7af71b146,312510*****,L.T.B.,Nam,Kinh doanh nông nghiệp,kinh doanh nong nghiep,25,restricted,False,True,student_identity,token_v1,privacy_v1
stu_47cf78289f182e84,f46f1a3fa98dc4c4787a714ecaafbbf67bd5f283b4d76936e03e637045c807d7,312410*****,N.Q.T.,Nam,Kiểm toán,kiem toan,24,restricted,False,True,student_identity,token_v1,privacy_v1
stu_0371c59c46b7c396,eb290ed20acdbe504450fb9b85999341661301aba4452e962a004df24fcc14ce,312410*****,H.H.L.,Nữ,Công nghệ thông tin,cong nghe thong tin,24,restricted,False,True,student_identity,token_v1,privacy_v1
stu_a50615ac8dab7383,2472642afd7f5b660f8a68b0175fdfe6eb99f9710cc939e3b08b58d2e4f006bd,312310*****,L.M.N.,Nam,Hệ thống thông tin kinh doanh,he thong thong tin kinh doanh,23,restricted,False,True,student_identity,token_v1,privacy_v1
stu_62700c5411b71152,d4d99378c218377ab5dbd32a164d67475a662ef5ddac4cb8314d968282e7ad20,312510*****,P.T.V.,Nữ,Kế toán doanh nghiệp,ke toan doanh nghiep,25,restricted,False,True,student_identity,token_v1,privacy_v1
stu_792e2a9755944b94,3218d5fc055a2963cfba5f1b3ed70fb8cf96a018fb28967f4bda2b39f6fde242,312510*****,N.P.C.,Nữ,Khoa học máy tính,khoa hoc may tinh,25,restricted,False,True,student_identity,token_v1,privacy_v1
stu_3793d989c907c894,465762687c3521616cf382045fcdf3becc3485b34def597b7047dbe730b6e6a6,312410*****,P.H.T.,Nữ,Kinh doanh quốc tế,kinh doanh quoc te,24,restricted,False,True,student_identity,token_v1,privacy_v1
stu_b29cdd1496422cad,fc314962de5728d7e50c1d72912d37ea5d54c1b298289452e5d066f9b083b474,312410*****,V.V.N.,Nam,Quản trị Hải quan - Ngoại thương,quan tri hai quan ngoai thuong,24,restricted,False,True,student_identity,token_v1,privacy_v1
stu_cf8695dde3c2075e,24c8948d536bd9b48116e890ee239f1471e593be20e44239a384ccb48b657a7b,312510*****,N.P.L.,Nữ,Luật kinh doanh quốc tế,luat kinh doanh quoc te,25,restricted,False,True,student_identity,token_v1,privacy_v1
stu_6e25a3c0d9f7a235,f213adb74885da54590e6f7b05bc1264eb98d0e501c291f30129b6c3c095cd47,312310*****,V.Đ.C.,Nam,Kinh doanh số,kinh doanh so,23,restricted,False,True,student_identity,token_v1,privacy_v1
stu_d7a80b37576699b5,84242fd3d9399df5c78aa64df48f41842401f25ec56d501711c25e899a7bf8b2,312310*****,Đ.T.H.,Nữ,Khoa học dữ liệu,khoa hoc du lieu,23,restricted,False,True,student_identity,token_v1,privacy_v1
stu_0d9d0b1b7ae16980,1c833b4dde2e8850dd55715f2bc27184c7316d1925b5a2aade8c8dc4ddf6b472,312410*****,T.T.N.,Nam,Bảo hiểm,bao hiem,24,restricted,False,True,student_identity,token_v1,privacy_v1
stu_7ed0b3e85d8ace5b,ea7b371868f20e3a6e395a79b57a80a9a7ca8ff4d53a9bd2c687608c022cb5cb,312310*****,B.V.Q.,Nam,Khoa học dữ liệu,khoa hoc du lieu,23,restricted,False,True,student_identity,token_v1,privacy_v1
stu_91824d80b8f25d7e,2d18c613d1b5341b1654a73c27782b776c5cccf912a2752482a172fce0be5592,312310*****,P.Á.Y.,Nữ,Thị trường chứng khoán,thi truong chung khoan,23,restricted,False,True,student_identity,token_v1,privacy_v1
stu_aa60d9ec57782cea,f9760b36f2b45fdd3120d1f7d36ead0b099e7faf136fbb792fb7750304d6fb6b,312310*****,H.T.C.,Nam,Công nghệ thông tin,cong nghe thong tin,23,restricted,False,True,student_identity,token_v1,privacy_v1
stu_c6df96930d5bc7ac,a4ffa1b89dbd348342ae6138eea9156848c7a1a1297404dffe0725ae598d6641,312310*****,Đ.G.T.,Nam,Công nghệ và đổi mới sáng tạo,cong nghe va doi moi sang tao,23,restricted,False,True,student_identity,token_v1,privacy_v1
stu_df051793e892dc93,e22cd5ada30505940a6e87173c69a75fcd7606d33490f96e2a482c2ec255ff62,312310*****,L.V.P.,Nam,Công nghệ Marketing,cong nghe marketing,23,restricted,False,True,student_identity,token_v1,privacy_v1
stu_8280bfe28013ac02,e48f49afa0eec087c9a6c5279703efc2ecdc95f0622b7b0566ba9591cbb6f5ba,312410*****,V.L.Ý.,Nữ,Kinh tế đầu tư,kinh te dau tu,24,restricted,False,True,student_identity,token_v1,privacy_v1
stu_88d74e1535922e66,803fab534032eaef5b7a28fb6a1472d7c8249b3a5c7ac7cc8c2aa0f5e5bd3017,312410*****,N.L.Ý.,Nữ,An toàn thông tin,an toan thong tin,24,restricted,False,True,student_identity,token_v1,privacy_v1
stu_c58497af4afce7df,a8e3c1288082f61d8fd53d89560fbe1d1dbafe41e7ddffff613914aee8ff6995,312410*****,D.H.Q.,Nam,Công nghệ Tài chính,cong nghe tai chinh,24,restricted,False,True,student_identity,token_v1,privacy_v1
stu_f900926ad528f157,88fce5ba3b98fd24ddc77cbce03ef2e8cc686ea4b9c9c6cf0c9066a6fe9a2b9a,312310*****,M.H.N.,Nam,Hệ thống thông tin quản lý,he thong thong tin quan ly,23,restricted,False,True,student_identity,token_v1,privacy_v1
stu_0cf14061b37d70f8,d45796245031bdf4a343340241ac8978381e5b8fb7c5e45adbfe27d4dffd58cf,312510*****,Đ.P.T.,Nữ,Hệ thống thông tin quản lý,he thong thong tin quan ly,25,restricted,False,True,student_identity,token_v1,privacy_v1
stu_530dc9bf55657acc,44d66557e14598729c2f3a9b6914825a0276d0c4b5c44b9b1281b7545d0f557c,312310*****,T.V.H.,Nam,Ngân hàng,ngan hang,23,restricted,False,True,student_identity,token_v1,privacy_v1
stu_a9abfc9d2708f0da,b5a6366b14e9d6f800148a4ee36cf11c96f1175672d40f18a7625f2fb093bb86,312510*****,Đ.L.V.,Nữ,Kinh doanh nông nghiệp,kinh doanh nong nghiep,25,restricted,False,True,student_identity,token_v1,privacy_v1
stu_82fa74e97dbcf5f6,dfe648b78320d99cd4649b756f8c2c5b78970f1aa1cf8201b57daf6b0dc0ff54,312310*****,M.T.N.,Nữ,Đầu tư tài chính,dau tu tai chinh,23,restricted,False,True,student_identity,token_v1,privacy_v1
stu_38d75e4314f1ff3f,9a20bf8236afe7063200420cfd6331e22a9477b3be64301370bed39203c34841,312310*****,T.Q.H.,Nam,Kinh tế,kinh te,23,restricted,False,True,student_identity,token_v1,privacy_v1
stu_ac4abd368ce62e24,9c3428f3547a1e007282ea956671dbea44b732fad776461f0db15cff423715fe,312310*****,P.B.L.,Nữ,Kỹ sư Robot và Trí tuệ nhân tạo,ky su robot va tri tue nhan tao,23,restricted,False,True,student_identity,token_v1,privacy_v1
stu_b138f0f16129362b,5e88f91255f4b11e86a59b0c456ece05142c834d4e53ed3e03265ec107f50bab,312410*****,D.L.P.,Nữ,Công nghệ Marketing,cong nghe marketing,24,restricted,False,True,student_identity,token_v1,privacy_v1
stu_a57e457b0dadbd71,0c1b7013766435b77ca7591cfc8c918d6c92b587a2ea542208baf1725bc757d5,312510*****,B.N.H.,Nữ,Kinh doanh số,kinh doanh so,25,restricted,False,True,student_identity,token_v1,privacy_v1
stu_9160bfa320bef3b8,42220c2841debf6dc153daced0e6ce20aeb11673803e0da3388d89d6977c198b,312310*****,N.Q.M.,Nam,Quản lý công,quan ly cong,23,restricted,False,True,student_identity,token_v1,privacy_v1
stu_c3bfe047ee8075cd,6d5752672e166eddf97916f487fb6571a590d39eef2fa0a3a4c33cefbfc19610,312510*****,L.T.T.,Nam,Quản lý công,quan ly cong,25,restricted,False,True,student_identity,token_v1,privacy_v1
stu_a6be15ed867ca4e3,98c3571eddf60ea750d8db286167d7ed84d1873c05f5c29b9a6748a8b0720027,312410*****,Đ.V.C.,Nam,Kế toán công,ke toan cong,24,restricted,False,True,student_identity,token_v1,privacy_v1
stu_7042a8cb2209c2b9,16724530724d08146fc73fcffdd7b7594a79cfddc9ea7cc222b06bc505a5ac5b,312310*****,H.T.V.,Nam,Kinh doanh thương mại,kinh doanh thuong mai,23,restricted,False,True,student_identity,token_v1,privacy_v1
stu_0c815075b416a6e7,29915667fc4f9d986c56d5d3f36ad38acdd26531341be05b84548318997393c0,312510*****,T.T.L.,Nữ,Hệ thống thông tin quản lý,he thong thong tin quan ly,25,restricted,False,True,student_identity,token_v1,privacy_v1
stu_2236805f84eed49f,a074da2f201b9b20bfd775a9529261da5aae76fdfa172862e3dccf49f35d443a,312410*****,V.M.Q.,Nam,Hệ thống thông tin quản lý,he thong thong tin quan ly,24,restricted,False,True,student_identity,token_v1,privacy_v1
stu_6422ac77d02b516e,4f41265a29c2599f202efc680b325e3a8c6ac10bd3e69d4275eb6151e8522de5,312310*****,N.M.N.,Nam,Kỹ sư Robot và Trí tuệ nhân tạo,ky su robot va tri tue nhan tao,23,restricted,False,True,student_identity,token_v1,privacy_v1
stu_c7507ed5203b5025,c45ff62791cca042c5c2a2a8f862d3315078ad1cd50b0002dfa5914c753c251d,312310*****,H.H.Q.,Nam,Công nghệ Tài chính,cong nghe tai chinh,23,restricted,False,True,student_identity,token_v1,privacy_v1
stu_f1250580ab9bd94f,c9252f74952c42d7d0c057aec1080d453a6e15bbca3703d14d1038be3e3cef02,312410*****,Đ.T.K.,Nam,Kế toán công,ke toan cong,24,restricted,False,True,student_identity,token_v1,privacy_v1
stu_a424d6762e788c75,abfd854486e38a8d449caa043ed6c68dbe8f58233f53d4e4bf3fe63c5bea1635,312510*****,P.M.H.,Nam,Thị trường chứng khoán,thi truong chung khoan,25,restricted,False,True,student_identity,token_v1,privacy_v1
stu_2a12025038d0dbb3,dc135a7e1c5a09cf718b3806c3e0a0589beee6aceb7dd29b023ede78f6e0b739,312310*****,Đ.T.Ý.,Nữ,Hệ thống thông tin quản lý,he thong thong tin quan ly,23,restricted,False,True,student_identity,token_v1,privacy_v1
stu_b031bc096ddec00a,4e317fcc462d5a141386bb9ecbd553d08a527b49de263976b6e3ed08541ee061,312510*****,M.G.L.,Nam,Marketing,marketing,25,restricted,False,True,student_identity,token_v1,privacy_v1
stu_9a0eb93ddf34a16f,465082ef5ae8bd06389cb7de4995b56bd6d1c720f95893c79ff14cf80ce3b76f,312410*****,V.T.N.,Nữ,Toán tài chính,toan tai chinh,24,restricted,False,True,student_identity,token_v1,privacy_v1
stu_77672b0c65904a84,baf306341c6a8bce62d529fd042fcba281f6455e88fd40695f0ee6a8301927bd,312510*****,P.T.T.,Nữ,Công nghệ và đổi mới sáng tạo,cong nghe va doi moi sang tao,25,restricted,False,True,student_identity,token_v1,privacy_v1
stu_5052093c96f38d5a,9062e8dc52bcb90abfbb2597adb3f9b0408e73dfdffdeb8c2b81bd4803d8a426,312310*****,Đ.T.T.,Nữ,Công nghệ Marketing,cong nghe marketing,23,restricted,False,True,student_identity,token_v1,privacy_v1
stu_9b63ef2b652134c3,e43f7dc4728289f8fa8f508d9b79fcacc54d4d070d306f829cc7720c1d3d5be9,312410*****,Đ.H.T.,Nữ,Thị trường chứng khoán,thi truong chung khoan,24,restricted,False,True,student_identity,token_v1,privacy_v1
stu_83cd21c35877fe3c,97202c06b8e1d5337b44e6f0585fc5fcba1b17739e4d64949c81099eba691f11,312410*****,T.T.L.,Nữ,Quản trị Hải quan - Ngoại thương,quan tri hai quan ngoai thuong,24,restricted,False,True,student_identity,token_v1,privacy_v1
stu_9117e52beebb4151,0db808711cb41600bd0315bf5304604e6edf7675b712b061bf5fc42bf9d15b51,312310*****,H.Q.P.,Nam,Kế toán doanh nghiệp,ke toan doanh nghiep,23,restricted,False,True,student_identity,token_v1,privacy_v1
stu_de6a7b8da271015a,6a90180ae065c107aea32c5c806379e2316622d2e27245fd6253c6fbd8c27c45,312410*****,Đ.T.K.,Nam,Marketing,marketing,24,restricted,False,True,student_identity,token_v1,privacy_v1
stu_e159e0b4f3ef9e51,dab8556e2e363a0651d5a5b6371f511d5a8286a182e0eca720b38ea1682a48db,312310*****,Đ.A.H.,Nam,Công nghệ nghệ thuật - ArtTech,cong nghe nghe thuat arttech,23,restricted,False,True,student_identity,token_v1,privacy_v1
stu_6618aa041a6936dc,6841c637a2af1f219769461d8aab0f25366445677c17d3f86732e84f93861630,312310*****,D.H.T.,Nam,Kinh doanh thương mại,kinh doanh thuong mai,23,restricted,False,True,student_identity,token_v1,privacy_v1
stu_21f73b046502f2db,a77992161ab39f8b49e2c288cf26600991810987b4ceea421095f03c47c8f888,312410*****,N.P.Q.,Nữ,Kinh doanh số,kinh doanh so,24,restricted,False,True,student_identity,token_v1,privacy_v1
stu_1306430dae6aa7fb,9802a9be08449fe8451451ebfc0849d160159f47843909a8d9b7890f031ae346,312410*****,N.N.T.,Nữ,Quản trị Hải quan - Ngoại thương,quan tri hai quan ngoai thuong,24,restricted,False,True,student_identity,token_v1,privacy_v1
stu_812d4cffadf6e037,bb2c916fbae7aaad41268e143615f67829f43f9c8c95d4631c779f3f24396156,312410*****,Đ.H.P.,Nam,Kế toán doanh nghiệp,ke toan doanh nghiep,24,restricted,False,True,student_identity,token_v1,privacy_v1
stu_c962767e85d61649,131ebc5692d1e79976e2ecbefddf2900e2598b56d1a76145f51f8fb47085ddcb,312510*****,V.Q.D.,Nam,Tài chính,tai chinh,25,restricted,False,True,student_identity,token_v1,privacy_v1
stu_72a5eb87e07be9bf,e4d249f0ca2595f54ed230b28bfd309f7b09aaadaacddd54cde22fc9df383b8b,312310*****,L.Q.Q.,Nam,Công nghệ thông tin,cong nghe thong tin,23,restricted,False,True,student_identity,token_v1,privacy_v1
stu_af719c0ca63081de,a2c806a7a296f50722ed9411ff5576598ba9c3fb390a880841ddf4b51a10e39c,312510*****,Đ.K.L.,Nữ,Hệ thống thông tin quản lý,he thong thong tin quan ly,25,restricted,False,True,student_identity,token_v1,privacy_v1
stu_f36ff10b2d0404ca,c1c027306a862aa5563cddb28f27e14e113471de51ec8d223456ee1544aca91e,312510*****,N.K.N.,Nữ,Công nghệ và đổi mới sáng tạo,cong nghe va doi moi sang tao,25,restricted,False,True,student_identity,token_v1,privacy_v1
stu_e9f0e77ee7c64423,e77dae2dfbf15e091f8edf4f2ebf171244e7f2d66f408bd3623e9ab13cf8455b,312410*****,L.H.H.,Nam,Kinh doanh thương mại,kinh doanh thuong mai,24,restricted,False,True,student_identity,token_v1,privacy_v1
stu_36bc751a686362f8,2d6a87287e963a8e9e4d79d0906668396adde7bf01926b1c9d6857b193ace30c,312310*****,L.Q.H.,Nam,Logistics và Quản lý chuỗi cung ứng,logistics va quan ly chuoi cung ung,23,restricted,False,True,student_identity,token_v1,privacy_v1
stu_3db8e6b643b2fed4,c9147d6e70b02705249dae788910f8d11c90e16f5a35564b994f026559432fb6,312410*****,B.T.P.,Nữ,Kỹ sư Robot và Trí tuệ nhân tạo,ky su robot va tri tue nhan tao,24,restricted,False,True,student_identity,token_v1,privacy_v1
stu_550cf7210a8ae9ce,4d02c7192cc3185c6386a8fb9ab928a71afe0fa0155fcf62433f031144ea0306,312410*****,P.Á.T.,Nữ,Hệ thống thông tin quản lý,he thong thong tin quan ly,24,restricted,False,True,student_identity,token_v1,privacy_v1
stu_e736759e1fd86b08,4a9d19a7da83bb7fa1a549f1469a05bf7bf8bc3853525c2b6cc77b34fadfebfb,312310*****,T.M.P.,Nam,Kỹ sư Robot và Trí tuệ nhân tạo,ky su robot va tri tue nhan tao,23,restricted,False,True,student_identity,token_v1,privacy_v1
stu_13c99b5847e53c93,e5f9a3eb25749390d4a0bedfc6a978684e280435d4459fe9ef240b97c5a1247b,312410*****,B.B.T.,Nữ,An toàn thông tin,an toan thong tin,24,restricted,False,True,student_identity,token_v1,privacy_v1
stu_f74f934c1dff5afb,4f2ac16bb582e24dfc4a67b9812df6b69d5700336116fa1c984b69f19f81f96e,312510*****,L.K.P.,Nữ,Marketing,marketing,25,restricted,False,True,student_identity,token_v1,privacy_v1
stu_d3c9f2dcb0c3d061,36e88686e11843b5ebcffa183a87524477f00027cd4ac413d0f4b6607fa79312,312510*****,H.T.N.,Nam,Bảo hiểm,bao hiem,25,restricted,False,True,student_identity,token_v1,privacy_v1
stu_1b068656253ab335,3f6559000f952277d8c81cedf45b1d76a21dcc0feae1d689480d9ece4bf73c78,312410*****,L.H.T.,Nữ,Logistics và Quản lý chuỗi cung ứng,logistics va quan ly chuoi cung ung,24,restricted,False,True,student_identity,token_v1,privacy_v1
stu_e6e77406ec4c54eb,b601ab3c24962a35fbf04bc565c7d5a2f01cc34627ef0da263574ba1a6f0f978,312410*****,T.Á.N.,Nữ,Hệ thống thông tin quản lý,he thong thong tin quan ly,24,restricted,False,True,student_identity,token_v1,privacy_v1
stu_e80744e50125a6e1,d3638d58ff6fea26e94f1bdc599a3cbe72c6a1425820e8086e6b002c7b326955,312310*****,T.G.Đ.,Nam,Công nghệ nghệ thuật - ArtTech,cong nghe nghe thuat arttech,23,restricted,False,True,student_identity,token_v1,privacy_v1
stu_118372a654a661df,ce4cc58f68aa5b999a3f1030eec685781220f85393ac849f4d844d9e8050038b,312310*****,H.T.L.,Nam,Bảo hiểm,bao hiem,23,restricted,False,True,student_identity,token_v1,privacy_v1
stu_d38a3682c9ac2d5a,b10ec1c3fe006932d960eaef95b0257a0eedf3db457301a77b44b346d0009c5b,312410*****,D.V.S.,Nam,Kế toán doanh nghiệp,ke toan doanh nghiep,24,restricted,False,True,student_identity,token_v1,privacy_v1
stu_f89a5a54489d0632,a407f7a7e28ab71f7d6c4c5878bbe80a3fb377e6e0d859470ef62f5cdf8d14eb,312310*****,N.P.L.,Nữ,Thị trường chứng khoán,thi truong chung khoan,23,restricted,False,True,student_identity,token_v1,privacy_v1
stu_bf3c063af1e09e33,0b035165a25da57c79c67618231a784910a9f64db2acb87195b927e624422e83,312310*****,L.T.T.,Nữ,Công nghệ thông tin,cong nghe thong tin,23,restricted,False,True,student_identity,token_v1,privacy_v1
stu_3680331e0cc643f6,0c65a8d57d6bdd9709cd8f80e28235e370ef8be685feaff69d85d7c0628189a6,312310*****,N.Á.L.,Nữ,Kế toán công,ke toan cong,23,restricted,False,True,student_identity,token_v1,privacy_v1
stu_183305ff64662949,6920534927d962373b24d3b3021c04229d8b22d32cbbe4e214bf9c4be69a12d4,312510*****,V.B.A.,Nữ,Kinh doanh nông nghiệp,kinh doanh nong nghiep,25,restricted,False,True,student_identity,token_v1,privacy_v1
stu_323d3accc949fa8c,0df84c216f1dbf7781a26d29758fec200e05ee9772aa7c90e0092fb0ac9a5900,312410*****,M.B.U.,Nữ,Đầu tư tài chính,dau tu tai chinh,24,restricted,False,True,student_identity,token_v1,privacy_v1
stu_2a64fd5e71b9177d,ff8076b382cea82248a083bca72bf964c1d709a878087348adc5a70b64a615e1,312510*****,D.L.C.,Nữ,Kinh doanh số,kinh doanh so,25,restricted,False,True,student_identity,token_v1,privacy_v1
stu_33eeab8aec08e3ff,51efa444d3126fd490d678b4e7e68de7420be2ade2caeef2eb551a80f3b1d890,312410*****,Đ.K.T.,Nữ,Công nghệ nghệ thuật - ArtTech,cong nghe nghe thuat arttech,24,restricted,False,True,student_identity,token_v1,privacy_v1
stu_7d3ca4c3a2a76a33,cf4937d4ee39750ecea0aaeb5386a780d223676df45203dc2f9d0252bcfb81b3,312410*****,M.Đ.V.,Nam,Hệ thống thông tin kinh doanh,he thong thong tin kinh doanh,24,restricted,False,True,student_identity,token_v1,privacy_v1
stu_e606a17d1fe86979,adc193675731bc930923e05b1c54c1e3483d2aaa6eb9a259c0113e0fcfea8c35,312510*****,H.V.M.,Nam,Kinh tế đầu tư,kinh te dau tu,25,restricted,False,True,student_identity,token_v1,privacy_v1
stu_3593d9bcaff5bc50,a84c5f7e478e2e911c4d6397439293431667d3fb33f89ef4e70d0827b907c7b9,312410*****,L.B.T.,Nữ,Hệ thống hoạch định nguồn lực doanh nghiệp,he thong hoach dinh nguon luc doanh nghiep,24,restricted,False,True,student_identity,token_v1,privacy_v1
stu_bfb02dbd6e02050b,7c79286488e8a9699b83b21cff180263f673fd9eb3f2e6525b74b231729b8783,312510*****,L.T.U.,Nữ,Luật kinh doanh quốc tế,luat kinh doanh quoc te,25,restricted,False,True,student_identity,token_v1,privacy_v1
stu_1a3ea1bfda929f5c,8643c5e0c328eb1b2dc206384aa75ff7f7eedb58bddf746be2574e2d4985ba4f,312410*****,V.Q.H.,Nam,Kinh doanh quốc tế,kinh doanh quoc te,24,restricted,False,True,student_identity,token_v1,privacy_v1
stu_478a071da78d9c56,d4e9cf4bbe46b1f0b0551e337dc4afc79e6f93c54910b6d55dca4ca0d1d06800,312410*****,D.Đ.Q.,Nam,Bất động sản,bat dong san,24,restricted,False,True,student_identity,token_v1,privacy_v1
stu_4416838c769fcca6,933d817f82a0e5bc63b6c23a464556a7a25e3ec12a3c7a7c71f59569a0eeb285,312310*****,N.T.D.,Nam,Logistics và Quản lý chuỗi cung ứng,logistics va quan ly chuoi cung ung,23,restricted,False,True,student_identity,token_v1,privacy_v1
stu_97cf4e6c8813307d,22a92260c0542ccb5a4266e9b10403d10582ceb7b54a48889329c4cd84cf8cac,312410*****,L.Á.D.,Nữ,Công nghệ và đổi mới sáng tạo,cong nghe va doi moi sang tao,24,restricted,False,True,student_identity,token_v1,privacy_v1
stu_3e0dd4b97dbc5db8,553b294e1c7b7166edc14fa0db4f26e3f78836e7c9a42f44f66843b32eab52dc,312510*****,D.M.Đ.,Nam,Công nghệ nghệ thuật - ArtTech,cong nghe nghe thuat arttech,25,restricted,False,True,student_identity,token_v1,privacy_v1
stu_62db605892ce43d7,fb11f1678e612201a89a06a49e16c1c5ddde4b3f15f9ae89c1a5c3ecf15d3960,312310*****,M.H.K.,Nam,Kiểm toán,kiem toan,23,restricted,False,True,student_identity,token_v1,privacy_v1
stu_fc215070ca9e383d,b355c33f2d81f55b69ea86365b5914f80c1a5f7f6c568b362b045e85c4432b27,312310*****,H.T.A.,Nữ,Kiến trúc và thiết kế đô thị thông minh,kien truc va thiet ke do thi thong minh,23,restricted,False,True,student_identity,token_v1,privacy_v1
stu_0d68f986f2bad717,e43d5f289b727a41e76eed0e94a9da864b8d2c16367793af4d813f253b597a9c,312310*****,H.B.C.,Nữ,Kiểm toán,kiem toan,23,restricted,False,True,student_identity,token_v1,privacy_v1
stu_18a141b1e4cb1bb0,1f5d8fbfc833c418905d5b9cdbb589efb80d074bcf93ed5348cf3d1b285ad0a3,312310*****,Đ.H.T.,Nam,Toán tài chính,toan tai chinh,23,restricted,False,True,student_identity,token_v1,privacy_v1
stu_68faf81dfba3eb26,812fbc2c9d27117bf8c1246a9abde1397fdb961d36bc2740dc1b2bafdb6bfb66,312410*****,T.Đ.L.,Nam,Kinh doanh nông nghiệp,kinh doanh nong nghiep,24,restricted,False,True,student_identity,token_v1,privacy_v1
stu_fc80f85d6a19eed0,3480270942f5a41d5f0133c560d865092f0cee0d863c3e174fbe688e0618ae36,312410*****,L.V.T.,Nam,Khoa học dữ liệu,khoa hoc du lieu,24,restricted,False,True,student_identity,token_v1,privacy_v1
stu_c6c95bf7279ee78d,04d462d1cf8a4965b49df5785f4cb6213632bf751f3641894d1a0e1eb03f0d25,312310*****,L.Q.D.,Nam,Bảo hiểm,bao hiem,23,restricted,False,True,student_identity,token_v1,privacy_v1
stu_c8a5ea9785cff009,c9f04b67eb1c6dcc2ac6f02340b684d16a9294c223fe3dd8f2582935352481c1,312510*****,N.H.D.,Nam,Hệ thống hoạch định nguồn lực doanh nghiệp,he thong hoach dinh nguon luc doanh nghiep,25,restricted,False,True,student_identity,token_v1,privacy_v1
stu_cd4bd80642bf1d48,75cfe7abdd73611ca5d1aa2e2a47f43ebb47379b8db5f3325cd80f302aef086a,312410*****,M.Q.K.,Nam,Kinh doanh quốc tế,kinh doanh quoc te,24,restricted,False,True,student_identity,token_v1,privacy_v1
stu_020fdfaa5fa49d33,e7db47d4b1be948761d19e7e40f849534ffa74f3c9534ab81641229ac5a82a95,312410*****,P.H.S.,Nam,Logistics và Quản lý chuỗi cung ứng,logistics va quan ly chuoi cung ung,24,restricted,False,True,student_identity,token_v1,privacy_v1
stu_f9607c85a1acc82c,2680035772f7c60d7b7c670915372762cd5c53245a72d4060d62abd21c7c3b9a,312310*****,B.T.T.,Nữ,Kinh doanh quốc tế,kinh doanh quoc te,23,restricted,False,True,student_identity,token_v1,privacy_v1
stu_5cd4d57210db05e1,aa0b75f7ae5549322d1485e413ecebf71135900c7421221c3745af84fc2c2353,312410*****,V.G.S.,Nam,Kế toán công,ke toan cong,24,restricted,False,True,student_identity,token_v1,privacy_v1
stu_07e3f8abbc0f2955,97e3af93dfa5e7169e7a4185222d045977a3167638d101a051aa7d7fba81deb8,312310*****,Đ.L.T.,Nữ,Bất động sản,bat dong san,23,restricted,False,True,student_identity,token_v1,privacy_v1
stu_028b11ad8cbc6bdf,e8a741d4c6387133a11f28261b8b0bc91d2d97ec6620abe66f0fca604e7ed59c,312510*****,V.H.T.,Nam,Công nghệ Tài chính,cong nghe tai chinh,25,restricted,False,True,student_identity,token_v1,privacy_v1
stu_e1d48b6a4c65343f,17c5d0c4d92915f59c29fed7c4f213315d4ea6b871d9eb41441615d543bd0387,312510*****,H.T.L.,Nữ,Kinh doanh quốc tế,kinh doanh quoc te,25,restricted,False,True,student_identity,token_v1,privacy_v1
stu_c179f633b016db53,6ebed64b52b71dfb25d866ca9ca0173f919dd63c473b0441a10126d7075e1f66,312510*****,B.V.T.,Nam,Kinh doanh quốc tế,kinh doanh quoc te,25,restricted,False,True,student_identity,token_v1,privacy_v1
stu_cbcf979bc7792c61,3dfe54ef9a9aa54b097cfe7ccdb54667f7969b4da2541b86173125a91020c562,312410*****,Đ.G.A.,Nam,Ngân hàng,ngan hang,24,restricted,False,True,student_identity,token_v1,privacy_v1
stu_3ead5b17d47a7510,bf7b882af9c702bde06af2ecb5fc52868f6c8a34079d08dbc7b754cddadce265,312310*****,Đ.Q.T.,Nam,Kế toán doanh nghiệp,ke toan doanh nghiep,23,restricted,False,True,student_identity,token_v1,privacy_v1
stu_6d9c046f49e3fd3f,fb273e3c72d06cf7a329e5d32df97c40d870dde90398ef6bce778af05e4720e8,312510*****,H.T.Đ.,Nam,Khoa học dữ liệu,khoa hoc du lieu,25,restricted,False,True,student_identity,token_v1,privacy_v1
stu_b2a2bf7629465f39,b4a34737bd1cd72147802295214698c14f85203f9189d0e4a661327576772367,312310*****,P.T.M.,Nữ,Kiến trúc và thiết kế đô thị thông minh,kien truc va thiet ke do thi thong minh,23,restricted,False,True,student_identity,token_v1,privacy_v1
stu_5b704c6711290a80,691fd3bc743575db83f1925990bbdff572fc3deacb821a62c4c846e441e1553f,312510*****,V.T.B.,Nam,Ngân hàng,ngan hang,25,restricted,False,True,student_identity,token_v1,privacy_v1
stu_ca7ccc71f3b0ed34,9cb0b58c33005928b14e4b39ff5933cc52eaf24f5967ec5c566234e224099bc7,312410*****,N.B.P.,Nữ,Thị trường chứng khoán,thi truong chung khoan,24,restricted,False,True,student_identity,token_v1,privacy_v1
stu_aece5c2935621a4d,d20322e6afcab234ab8991130d113e15d533acbfcd367666fad41c31a4d1082f,312310*****,V.Q.T.,Nam,Kinh doanh số,kinh doanh so,23,restricted,False,True,student_identity,token_v1,privacy_v1
stu_14344c660b92a853,1f013da2fb6ace385e5701a6b1edc0a52ece240f504b23964851cfbb3002525f,312510*****,D.V.C.,Nam,Kinh tế đầu tư,kinh te dau tu,25,restricted,False,True,student_identity,token_v1,privacy_v1
stu_7506a10977c1bdda,934b445e3f207d4cbd09aefb5d44b95355ee78936a15ab2d55e4a8aa7d16fc62,312310*****,H.Q.H.,Nam,Quản trị Hải quan - Ngoại thương,quan tri hai quan ngoai thuong,23,restricted,False,True,student_identity,token_v1,privacy_v1
stu_a875139532c39251,41339d1c7863918bae0568220cbd679d2c2e92b091025a5fa7bfbb33a0d716a4,312310*****,V.H.C.,Nam,Công nghệ nghệ thuật - ArtTech,cong nghe nghe thuat arttech,23,restricted,False,True,student_identity,token_v1,privacy_v1
stu_73a25e6f286c7ab0,a40171e6474bd499ebdcddb2195e70d467705b8a2a5123b280dd1e86547430ab,312510*****,H.B.M.,Nữ,Marketing,marketing,25,restricted,False,True,student_identity,token_v1,privacy_v1
stu_bb75985b5fb6c47e,fd6e6d72c64d21b4b1b46195b7f9f2efc7df1cce00d281055531b6ade7d441d8,312310*****,Đ.T.N.,Nam,Marketing,marketing,23,restricted,False,True,student_identity,token_v1,privacy_v1
stu_f96a5c5262f50d17,85b6521899dab31da3972d00a5850483903f0b7e96e94af67382631ccdb6befb,312510*****,L.T.Q.,Nữ,Ngân hàng,ngan hang,25,restricted,False,True,student_identity,token_v1,privacy_v1
stu_4195df7362e92d58,184cee0a2ae6b6b2a3fd2026056dacd210d6916fe6fe0b804fd6c2ef5a207984,312410*****,D.P.U.,Nữ,Logistics và Quản lý chuỗi cung ứng,logistics va quan ly chuoi cung ung,24,restricted,False,True,student_identity,token_v1,privacy_v1
stu_3b6e994ccf29a6ac,00136af0ffbbc1217f144ee90d04adec3d0ce67695826dd55894283e3b600c06,312310*****,H.Đ.C.,Nam,Marketing,marketing,23,restricted,False,True,student_identity,token_v1,privacy_v1
stu_cd6e17a79a2740da,c6c821f540edf0cb5b8c706440df4b954ea7a14484ebe3b1ae03778e517ea159,312510*****,L.M.N.,Nam,Kinh doanh nông nghiệp,kinh doanh nong nghiep,25,restricted,False,True,student_identity,token_v1,privacy_v1
stu_601c837fdbe73a19,093de0e758f98becc16ad1dfc1c7f7d1711dd47bb8ae204eb08b87ac62649484,312410*****,Đ.P.V.,Nữ,Kinh tế đầu tư,kinh te dau tu,24,restricted,False,True,student_identity,token_v1,privacy_v1
stu_66f0c7c5173b6af9,60cd4f3b7cda2f5abf168b53a70eeecfb9f16663219ca92c9eaa454209d8fba1,312310*****,L.Q.H.,Nam,Quản trị kinh doanh,quan tri kinh doanh,23,restricted,False,True,student_identity,token_v1,privacy_v1
stu_4d1d011103ec92bb,ae7c64f928e89cb45d7665079f58ad21c00a30da7a7f924b71ea99f29358270c,312310*****,L.P.T.,Nữ,Hệ thống thông tin quản lý,he thong thong tin quan ly,23,restricted,False,True,student_identity,token_v1,privacy_v1
stu_8d91cafa2d523e87,9dae3ed3e1b5d8f3feed208fc3001db356a2dc0d9bb4c731c640e3b7e694075e,312510*****,L.K.Y.,Nữ,Logistics và Quản lý chuỗi cung ứng,logistics va quan ly chuoi cung ung,25,restricted,False,True,student_identity,token_v1,privacy_v1
stu_ce3862beafe817b3,5cd56290f8cf6ac959d70f48d40d4a6ccc53c277a3211b46beaf515041115342,312410*****,H.G.K.,Nam,Công nghệ Marketing,cong nghe marketing,24,restricted,False,True,student_identity,token_v1,privacy_v1
stu_2b4c1f8ce5c23913,28718acedad19ed8d1d361f5d19d4c346e8d854a1ec784c6a4a001bd2c66a146,312410*****,Đ.Á.Q.,Nữ,Hệ thống thông tin quản lý,he thong thong tin quan ly,24,restricted,False,True,student_identity,token_v1,privacy_v1
stu_faeac9b21c2fdfa2,cdbb49ce2695d832470faaa373b88342ecf474e0386f7be90a38b4f5dc92b93e,312510*****,V.B.T.,Nữ,Công nghệ logistics tích hợp chứng chỉ FIATA,cong nghe logistics tich hop chung chi fiata,25,restricted,False,True,student_identity,token_v1,privacy_v1
stu_de3bd59d89e7be83,3ff2de0843c34180cc8d53c1720c2327fdb9e6275c9948bd51afdcd2ee8a00c4,312410*****,H.T.T.,Nam,Bất động sản,bat dong san,24,restricted,False,True,student_identity,token_v1,privacy_v1
stu_60bdb20256cb07ca,6e973249f6b07dc7d10d3fec73f3be4efd0f6cc0b36cd37ca8cb3336382d86d0,312510*****,V.L.Y.,Nữ,Quản lý công,quan ly cong,25,restricted,False,True,student_identity,token_v1,privacy_v1
stu_564247854bfac6b6,429b7e18bf5758d8939b2ede36a7b3c57c5004f7ffeca4a5759484f4f459d3e8,312310*****,H.Đ.N.,Nam,Hệ thống hoạch định nguồn lực doanh nghiệp,he thong hoach dinh nguon luc doanh nghiep,23,restricted,False,True,student_identity,token_v1,privacy_v1
stu_e0a950aabd1181a5,6099aacdfc5e71fe2f74337573d7b3b6fba7ccc1c3dd82220396141173b63e08,312510*****,H.P.N.,Nữ,Công nghệ nghệ thuật - ArtTech,cong nghe nghe thuat arttech,25,restricted,False,True,student_identity,token_v1,privacy_v1
stu_62fcd1fe67cc02ed,7321f09bad06093dfe03f228c65ec574d64eb7b637c99c19a96be648fcb76777,312510*****,T.K.T.,Nữ,Kinh doanh nông nghiệp,kinh doanh nong nghiep,25,restricted,False,True,student_identity,token_v1,privacy_v1
stu_f86d79b63e2ce697,504824e643a9cfb0009ccbe29f1503e41508a46787ab4da95cd43a60f38349a4,312310*****,H.K.L.,Nữ,Công nghệ nghệ thuật - ArtTech,cong nghe nghe thuat arttech,23,restricted,False,True,student_identity,token_v1,privacy_v1
stu_e2ddd255c4f10552,a0c8cf5398c2a5765a32492ae2771036654f1a4dccf8407be294038f3626a749,312510*****,H.A.A.,Nam,Logistics và Quản lý chuỗi cung ứng,logistics va quan ly chuoi cung ung,25,restricted,False,True,student_identity,token_v1,privacy_v1
stu_5bfa66e934d15278,483096ced4c1ba102349d1d0e15ea5b385cadb3b61c569439a2543ec3bd9f4b9,312310*****,Đ.P.N.,Nữ,Công nghệ Tài chính,cong nghe tai chinh,23,restricted,False,True,student_identity,token_v1,privacy_v1
stu_c3218ba78fceb325,26ed364ea35fabfa81e0bc1720a47fbdcdaf2befe007726f0a3c7c5afd27d9ba,312310*****,H.N.L.,Nữ,Marketing,marketing,23,restricted,False,True,student_identity,token_v1,privacy_v1
stu_d09b0d9ee482f0e4,93feb77eb8c8eaea1dcafb2b28e13ed36b5a86eea550126f8c64b26af5ee122b,312310*****,D.G.L.,Nam,Quản trị Hải quan - Ngoại thương,quan tri hai quan ngoai thuong,23,restricted,False,True,student_identity,token_v1,privacy_v1
stu_42b80f69d1fc58e7,f51b426e5e202c317f4a8a603f1aeac7ff13d4c5d9168dafaadab81fd44af81c,312310*****,P.T.T.,Nam,Hệ thống thông tin kinh doanh,he thong thong tin kinh doanh,23,restricted,False,True,student_identity,token_v1,privacy_v1
stu_36b229ef7c53c11f,6ba9ba83f7cd947705398b278c36aaa0264f273f5edd6027196b9381e2c4af30,312510*****,H.H.P.,Nam,Ngân hàng,ngan hang,25,restricted,False,True,student_identity,token_v1,privacy_v1
stu_9c3d566b0c22dcd0,3aca509133fe32b944ab7f9f7736a65552cb5a20f0c34729b2cb52a8185a72fd,312410*****,L.T.A.,Nữ,Công nghệ nghệ thuật - ArtTech,cong nghe nghe thuat arttech,24,restricted,False,True,student_identity,token_v1,privacy_v1
stu_a43d58050eb3e95a,cbf63772dead8ad2cd524f194ddb2681198a3458adf8b86814d4a7cf95c15b74,312410*****,N.V.N.,Nam,Khoa học dữ liệu,khoa hoc du lieu,24,restricted,False,True,student_identity,token_v1,privacy_v1
stu_6cd6f3bc4c78db27,65eec37a1a95b9cec8e93f9ab1da805800271a99eff455d0b3056f80eb59147c,312510*****,P.Q.H.,Nam,An toàn thông tin,an toan thong tin,25,restricted,False,True,student_identity,token_v1,privacy_v1
stu_bc3977a519c7c1a7,0f746dcb040bda5126f783a272e5164b2787ccb5284cce7a173ffbdd0ca2f0b7,312410*****,L.Á.P.,Nữ,An toàn thông tin,an toan thong tin,24,restricted,False,True,student_identity,token_v1,privacy_v1
stu_f384158fe8a6d230,33f1fecdc57ee069319dd837500162075e28b64a6fc966b96f67b978bf502499,312410*****,B.B.Q.,Nữ,Marketing,marketing,24,restricted,False,True,student_identity,token_v1,privacy_v1
stu_e381a59cb90cc796,ccbbadf9d7afa266a4b601f1518f2c18df3d62067d204e55aa831ba6f515d031,312410*****,Đ.T.D.,Nam,Logistics và Quản lý chuỗi cung ứng,logistics va quan ly chuoi cung ung,24,restricted,False,True,student_identity,token_v1,privacy_v1
stu_1f665242d29ee535,71ea575e32fc62a140c9379654c5270bc20d42c24e28c95f0ca70e50e68ffe51,312410*****,H.T.Ý.,Nữ,An toàn thông tin,an toan thong tin,24,restricted,False,True,student_identity,token_v1,privacy_v1
stu_6cf21cc550869290,af778426f9ab0fa5ef2ad0444fbae47b50746ccf30c7585f22fe929d89a952e1,312510*****,Đ.A.T.,Nam,Công nghệ thông tin,cong nghe thong tin,25,restricted,False,True,student_identity,token_v1,privacy_v1
stu_7aa6030c44d1dc99,ddfaf839ba02dfc87add67682630848f6ef5a69a46732094eec0e7571bbdd869,312510*****,N.T.A.,Nam,Quản trị kinh doanh,quan tri kinh doanh,25,restricted,False,True,student_identity,token_v1,privacy_v1
stu_16e666be3df5bd35,fb6afe20c6d67ebd929b0ab35e6ca2b52908d5b0e8c37a6bdaf24c962835111a,312310*****,D.B.Ý.,Nữ,Kinh tế,kinh te,23,restricted,False,True,student_identity,token_v1,privacy_v1
stu_469ca137a1e17b29,921a4127908aff82a385b6fd3df534a03253a2a51bfc71ebca7b2ab6bbded7ea,312410*****,Đ.Đ.Đ.,Nam,Quản trị Hải quan - Ngoại thương,quan tri hai quan ngoai thuong,24,restricted,False,True,student_identity,token_v1,privacy_v1
stu_267c3e0439655b3f,c8bd706dcb6b6f9fec3091a470afe5e394dd145b11ebb322d370e110be79d8b7,312510*****,M.B.H.,Nữ,Công nghệ Tài chính,cong nghe tai chinh,25,restricted,False,True,student_identity,token_v1,privacy_v1
stu_bf8f78332d6b7b32,25bc926c06b7767a4986a3034c7399cb82a3d0fae2b7862d4f9843707cd6417a,312510*****,H.A.C.,Nam,Thị trường chứng khoán,thi truong chung khoan,25,restricted,False,True,student_identity,token_v1,privacy_v1
stu_fef7a337f29dc019,448d4e598be1b5206ff5d3903b724df96f58facca5efe31c3eae06c6c87e57c6,312510*****,H.Á.H.,Nữ,Kinh doanh nông nghiệp,kinh doanh nong nghiep,25,restricted,False,True,student_identity,token_v1,privacy_v1
stu_b4a0274f5f1930e9,4255c3e11779c1bdcf761160d7f2bf77668853c5838387e535709503b117c737,312510*****,V.Q.K.,Nam,Quản trị kinh doanh,quan tri kinh doanh,25,restricted,False,True,student_identity,token_v1,privacy_v1
stu_20315623058ea68c,4a6b2cd0464ab5b3ea5d42f9b54be3072d3ae3b658f9956b484e9cc54eed9be8,312310*****,H.T.T.,Nam,Công nghệ nghệ thuật - ArtTech,cong nghe nghe thuat arttech,23,restricted,False,True,student_identity,token_v1,privacy_v1
stu_af096a55b49a00df,0f4fdd311f296f113bf55b9be5f04abf62c45445e114577703b73f1fdfb30cda,312310*****,L.T.H.,Nữ,Kiểm toán,kiem toan,23,restricted,False,True,student_identity,token_v1,privacy_v1
stu_04a9d6e971e1b953,695a688fc05fadc9fbfe2e70d976216feff5cf3ecf4dd810cf4c0f3f1a87da6a,312510*****,L.T.M.,Nữ,Toán tài chính,toan tai chinh,25,restricted,False,True,student_identity,token_v1,privacy_v1
stu_e40301b4fb5b1d99,ea5e5125079b00b6a2a71d2eb9676cd3079fc4c57416d6bbae8cfe96642ce03e,312510*****,H.H.T.,Nữ,Công nghệ Marketing,cong nghe marketing,25,restricted,False,True,student_identity,token_v1,privacy_v1
stu_3d2f8f337ef82be7,7088707c7009ee300186168a4935bb448ea1fd68818e15b90760e2402f364e73,312310*****,Đ.H.D.,Nam,Kế toán doanh nghiệp,ke toan doanh nghiep,23,restricted,False,True,student_identity,token_v1,privacy_v1
stu_d4b64c4b07f3981f,a054010cfb3866fdd404ae2d2087814197652cd5387fc3e91a8f7c8f557dc688,312410*****,P.G.S.,Nam,Công nghệ nghệ thuật - ArtTech,cong nghe nghe thuat arttech,24,restricted,False,True,student_identity,token_v1,privacy_v1
stu_da34612da7ce8e40,2eaaa0a48ac5d59c5ad8605736b61c620c9e7ad57cf0f76ee795acab55d1e7df,312410*****,Đ.V.N.,Nam,Công nghệ và đổi mới sáng tạo,cong nghe va doi moi sang tao,24,restricted,False,True,student_identity,token_v1,privacy_v1
stu_9223f17fa503bbfe,0c9d00c42a0cf4605326e623d88bdefd3b3c238023468349e7d50809e2d8fdb3,312310*****,B.T.H.,Nữ,Toán tài chính,toan tai chinh,23,restricted,False,True,student_identity,token_v1,privacy_v1
stu_789c1996c7ce52ab,6076abeb96ec1d334a992b4f434483ec8e27bda051c9bbf37d4499c73cacaa45,312510*****,P.Đ.A.,Nam,Thị trường chứng khoán,thi truong chung khoan,25,restricted,False,True,student_identity,token_v1,privacy_v1
stu_4f0f432ed8efd2c8,3aee929f8df44a32e1dd72b962a75d86edb23332ca037f4388df73d485fcba6e,312410*****,Đ.Q.Đ.,Nam,Toán tài chính,toan tai chinh,24,restricted,False,True,student_identity,token_v1,privacy_v1
stu_dba0881fafceb98c,ceae1ad39385d7812ab257fd76c1582289cbb9f89fd21627cd08b3cef6f581d6,312310*****,H.T.Ý.,Nữ,Quản lý công,quan ly cong,23,restricted,False,True,student_identity,token_v1,privacy_v1
stu_f61dfb8a877d09f7,dd8b700514d6e892fc56c70076dcdb934cc8ac2b2a4acf3ce8dec510b94fdcff,312410*****,V.G.Đ.,Nam,Kinh doanh quốc tế,kinh doanh quoc te,24,restricted,False,True,student_identity,token_v1,privacy_v1
stu_c7aa7be38bb77f7c,2ea31e0adfcbbbaabba083c8b2d71ee8fa63bad066cdc4271b04e70b75f9b380,312410*****,T.T.H.,Nữ,Kế toán công,ke toan cong,24,restricted,False,True,student_identity,token_v1,privacy_v1
stu_8f2cab88a6552082,734abbbc85fab7192c324a146c15a7e549827e55b95aef9e259870c3674178b1,312510*****,H.A.T.,Nam,Kế toán công,ke toan cong,25,restricted,False,True,student_identity,token_v1,privacy_v1
stu_84afd3a585c1d7cf,8fbde01ce3656b5914a66306d23f6895e3d74845a401e05bd317ceee3e46eef8,312510*****,L.Đ.Q.,Nam,Kinh doanh nông nghiệp,kinh doanh nong nghiep,25,restricted,False,True,student_identity,token_v1,privacy_v1
stu_6ddd8232101979e1,0ea09a20f1a613b86de9a91c8a6227a076b921514b9493d8a890b9df25d7e84b,312510*****,H.P.D.,Nữ,Marketing,marketing,25,restricted,False,True,student_identity,token_v1,privacy_v1
stu_1b7806115868343b,160212a47575c026944c13056049babc3537043ebd353bcc5865e13e650813d6,312510*****,P.H.T.,Nữ,Thị trường chứng khoán,thi truong chung khoan,25,restricted,False,True,student_identity,token_v1,privacy_v1
stu_8747379452ac0659,7fff0b8dfd54c6c9fb1d8657db14e2c1edb3ccf388095b77fce3cbf648b3c49b,312310*****,Đ.A.K.,Nam,Công nghệ Tài chính,cong nghe tai chinh,23,restricted,False,True,student_identity,token_v1,privacy_v1
stu_96c2408bad998516,07ded7f018944307013b740269b4617df9683c3be1f20d94f7e420f7c5fc7dde,312410*****,Đ.N.L.,Nữ,Công nghệ và đổi mới sáng tạo,cong nghe va doi moi sang tao,24,restricted,False,True,student_identity,token_v1,privacy_v1
stu_71ede728785c661c,3e6183a2deccb012a2f9dcce1947d6cdb94638cec7b4df8fee38519d10f76877,312510*****,Đ.G.D.,Nam,Kế toán công,ke toan cong,25,restricted,False,True,student_identity,token_v1,privacy_v1
stu_f015318cd82e0019,850fad8b4d929f101dfaad972c3e7e34c668f76228236d0804dacd6e706e7eac,312410*****,T.H.S.,Nam,Đầu tư tài chính,dau tu tai chinh,24,restricted,False,True,student_identity,token_v1,privacy_v1
stu_75bc0b440eeed455,8f3c3f092978ac9c5460490b876afd602534cc16a56cb9ab17d3b931fbbb4d91,312310*****,Đ.T.N.,Nam,Quản trị kinh doanh,quan tri kinh doanh,23,restricted,False,True,student_identity,token_v1,privacy_v1
stu_dd228c04a1496c71,b5d46b6e5c09d67eca1b9301150d3d083d6b0dee3caebfc9f2dbc4866a3fa58b,312310*****,V.T.H.,Nữ,Marketing,marketing,23,restricted,False,True,student_identity,token_v1,privacy_v1
stu_f0b9a87eea21ea11,49c49b8963439b3d162bab3e4efb941c689cf3624ab436f3e04abfedebb4ccb0,312410*****,M.N.T.,Nữ,Khoa học dữ liệu,khoa hoc du lieu,24,restricted,False,True,student_identity,token_v1,privacy_v1
stu_a006a02066f967f8,d7f1f40dce2ae858b5b0d1842d0241662907d512d816db6478cddbc9527a89cb,312410*****,V.Á.Q.,Nữ,Công nghệ nghệ thuật - ArtTech,cong nghe nghe thuat arttech,24,restricted,False,True,student_identity,token_v1,privacy_v1
stu_06b0496b50fedac7,3686d56816a80c0ec9e55b96151c6e5117882972f575ade31dcb4a3aa4cb2f63,312310*****,P.A.H.,Nam,An toàn thông tin,an toan thong tin,23,restricted,False,True,student_identity,token_v1,privacy_v1
stu_cd43e409fff3bd01,66c9003ef9feb42a89e46eded197dff9e6b12cbfdef5528df37e7c7452fb0d38,312310*****,V.T.Y.,Nữ,Kế toán doanh nghiệp,ke toan doanh nghiep,23,restricted,False,True,student_identity,token_v1,privacy_v1
stu_17fdb29905da19eb,cde127bc514d1ab797af039cf9bf39cb035252e921dae6474db3b53020f8b00c,312410*****,Đ.L.H.,Nữ,Hệ thống thông tin kinh doanh,he thong thong tin kinh doanh,24,restricted,False,True,student_identity,token_v1,privacy_v1
stu_f5ba26783bf235a6,a7136b4b1845036b60686848c384105383d6d1585f47970a63003552b40945af,312410*****,H.V.T.,Nam,Công nghệ Tài chính,cong nghe tai chinh,24,restricted,False,True,student_identity,token_v1,privacy_v1
stu_2c9e50bcb8f600af,e664675522dadf50fe56d7b9787235922f69517cadfcda82ad58e4251cb6762a,312510*****,L.H.Y.,Nữ,Kỹ sư Robot và Trí tuệ nhân tạo,ky su robot va tri tue nhan tao,25,restricted,False,True,student_identity,token_v1,privacy_v1
stu_fcdb55914d443964,ce5bfaa545806efd5807a2281acddd25827b80a8ee044a444e9aea3cb7b716a5,312510*****,P.H.K.,Nam,Toán tài chính,toan tai chinh,25,restricted,False,True,student_identity,token_v1,privacy_v1
stu_bd5e2b1eb0d28103,eec82f87b26441eadadc76a0c9568aaaf7f3b7bfcec09378880bd3101defccab,312310*****,B.T.C.,Nữ,Hệ thống thông tin kinh doanh,he thong thong tin kinh doanh,23,restricted,False,True,student_identity,token_v1,privacy_v1
stu_d4822f7634809b1c,8d7c5fa563001707b1ce5e14a2f58be60426803a959d6ff94e5e9b27c9020e71,312510*****,L.H.N.,Nam,Công nghệ và đổi mới sáng tạo,cong nghe va doi moi sang tao,25,restricted,False,True,student_identity,token_v1,privacy_v1
stu_2400e12035e234e0,e09e2c36ccd22fefc73a5a6f5b536d5c8cad83ab3e2f2ac34026f4f5f333a272,312310*****,Đ.H.L.,Nữ,Bất động sản,bat dong san,23,restricted,False,True,student_identity,token_v1,privacy_v1
stu_88b35791aafc14a3,2bfa75e230be52a274bab05a8d93c6f53ff8eacd1d1847915a0842de5ddbf00e,312510*****,Đ.V.H.,Nam,Marketing,marketing,25,restricted,False,True,student_identity,token_v1,privacy_v1
stu_776f3f8100ce2e55,9108d2801a2179dcb4050d41304bfbb9671fd6094673dc899dcb00f0c29c15d2,312510*****,H.L.T.,Nữ,Kiến trúc và thiết kế đô thị thông minh,kien truc va thiet ke do thi thong minh,25,restricted,False,True,student_identity,token_v1,privacy_v1
stu_1303460de55ded81,3ae98284184b815893b7f64d148f071ce4c1748f89288097051b2af28f7dd9d5,312510*****,P.V.M.,Nam,Kinh doanh quốc tế,kinh doanh quoc te,25,restricted,False,True,student_identity,token_v1,privacy_v1
stu_fcc5ac50bef41f43,3c94dc5e63fd69258028f66c8d056d4e860932049e7a2ff6c69a28b9e0c5f319,312310*****,P.N.Ý.,Nữ,Bất động sản,bat dong san,23,restricted,False,True,student_identity,token_v1,privacy_v1
stu_fbe659a57c6cefca,bb03569d89be0e129713b5242283aed7fde70ec1737debad506d69b32cae5be9,312310*****,V.N.Ý.,Nữ,Kỹ sư Robot và Trí tuệ nhân tạo,ky su robot va tri tue nhan tao,23,restricted,False,True,student_identity,token_v1,privacy_v1
stu_a99f2c8b2e56e639,50a61383d1ca36d6195808084d0ac9a8c64acd2637219d1f3ca22dccce3b2f00,312310*****,V.P.L.,Nữ,Marketing,marketing,23,restricted,False,True,student_identity,token_v1,privacy_v1
stu_74feb3cba7fde0c3,05b3793ea609f316951ce6abc0c2e5e0b56bf75870770d2286dbf1ad84363ec9,312410*****,N.N.V.,Nữ,Logistics và Quản lý chuỗi cung ứng,logistics va quan ly chuoi cung ung,24,restricted,False,True,student_identity,token_v1,privacy_v1
stu_ee90103afceffbb1,9db735dca6af2e85264dad8151de3277a9fa88ede72e9d70618ae8846632a54e,312310*****,P.T.Y.,Nữ,Kế toán công,ke toan cong,23,restricted,False,True,student_identity,token_v1,privacy_v1
stu_9be9988d16c2656b,6b0ee0d38f772e08142b72c797273c708b758753fcf7f98ac6c0e728ca848226,312510*****,H.T.T.,Nữ,Tài chính,tai chinh,25,restricted,False,True,student_identity,token_v1,privacy_v1
stu_2510c64d9077b90f,05d0aeca49872d14df724a4c367137bdb001ad5b214f62549cc90703256b9711,312310*****,L.T.D.,Nam,Kinh tế đầu tư,kinh te dau tu,23,restricted,False,True,student_identity,token_v1,privacy_v1
stu_f20fa20cdae9cc9e,714a7012586b1e03f0974e97842b082a19b23b1166c907a3584ff409b681ce83,312310*****,L.T.D.,Nữ,Toán tài chính,toan tai chinh,23,restricted,False,True,student_identity,token_v1,privacy_v1
stu_43982c5a7fb61633,e5c0c026d72550ef23804aeadd0509a3c4b60fc1ead36f29728d6e3af5bee387,312410*****,V.T.A.,Nam,Kinh tế,kinh te,24,restricted,False,True,student_identity,token_v1,privacy_v1
stu_51c3a0e68be68cc9,9532f45b69b00d737053bf44674d020cfb3553a3728106895b2da731622ce79e,312410*****,P.T.L.,Nữ,Công nghệ Tài chính,cong nghe tai chinh,24,restricted,False,True,student_identity,token_v1,privacy_v1
stu_d51ae4444125ee29,b5cd0ac967d21ac49833b2a127462d964038b27010ec880539fb578015372ac4,312510*****,P.H.Q.,Nữ,Thị trường chứng khoán,thi truong chung khoan,25,restricted,False,True,student_identity,token_v1,privacy_v1
stu_5e1700d5197a60d5,55949ab518ef7dd845fd2af4dd62634461f06f965ff117222ef09f719ac414af,312510*****,T.M.Q.,Nam,Kiến trúc và thiết kế đô thị thông minh,kien truc va thiet ke do thi thong minh,25,restricted,False,True,student_identity,token_v1,privacy_v1
stu_a268a3cf9f999cc8,7cc6542b8ac4e675d6dccb8a664d6cfffab54c097544a95277d432c600e69721,312310*****,L.L.H.,Nữ,Kinh tế đầu tư,kinh te dau tu,23,restricted,False,True,student_identity,token_v1,privacy_v1
stu_c8d8b0bd9c54e13c,3263d248328bfa94f866d9fcd987379cf952b99143d1ed1e33d482cf6a464b10,312310*****,H.M.T.,Nam,Khoa học máy tính,khoa hoc may tinh,23,restricted,False,True,student_identity,token_v1,privacy_v1
stu_662d8b6c4e2c4f85,f93df7d8c20f0f17ca44a60fd2d6c55315109b10fcb5d341a968b3d3608d8579,312310*****,V.L.T.,Nữ,Kiểm toán,kiem toan,23,restricted,False,True,student_identity,token_v1,privacy_v1
stu_8b26e52a0b8bab6c,7893c885bac8bca1b6dd125f99a5a8d73730690ef37ccf35a27c60494a96ddd4,312310*****,D.H.N.,Nữ,Quản lý công,quan ly cong,23,restricted,False,True,student_identity,token_v1,privacy_v1
stu_f884410fbda27182,b54dde621999cfbed7b2180ee9a88d98a4b998783e4e68ddedf924fc61ebb64b,312410*****,Đ.H.P.,Nam,Kiểm toán,kiem toan,24,restricted,False,True,student_identity,token_v1,privacy_v1
stu_21d8b823552beae3,e89a57298ec614deb93e8cba262a18dae7110e09fbc21f23bd153d51bf519706,312410*****,L.Q.C.,Nam,Luật kinh doanh quốc tế,luat kinh doanh quoc te,24,restricted,False,True,student_identity,token_v1,privacy_v1
stu_df9c7d5068e3ac98,449a7194ee1b18c403b99b72fdaf6069729beac896a2a60e3b87120d5458da0a,312510*****,Đ.H.Đ.,Nam,Hệ thống hoạch định nguồn lực doanh nghiệp,he thong hoach dinh nguon luc doanh nghiep,25,restricted,False,True,student_identity,token_v1,privacy_v1
stu_8e0ba601d093b799,83730c18faa69f2df0500762f85b240f900b0b8b095908d6930152ab795210f0,312410*****,L.A.H.,Nam,An toàn thông tin,an toan thong tin,24,restricted,False,True,student_identity,token_v1,privacy_v1
stu_c68844691193f8ed,91e653164eac28eba9cdc14672949a55773e2691c8e7a287fabb620607721db4,312510*****,N.L.L.,Nữ,Toán tài chính,toan tai chinh,25,restricted,False,True,student_identity,token_v1,privacy_v1
stu_4037afe71c5883fb,d2dcc27f5bc081aa0625405291522f16648e3ce029152fb25c9f5f7346ec8e70,312510*****,V.H.Ý.,Nữ,An toàn thông tin,an toan thong tin,25,restricted,False,True,student_identity,token_v1,privacy_v1
stu_bc61b1a77e7b74e3,34b443cf7fbf7cb975eacab7eba1d389cb71c9f11acf60eba88fe50190746afe,312510*****,Đ.Q.K.,Nam,Bất động sản,bat dong san,25,restricted,False,True,student_identity,token_v1,privacy_v1
stu_0f6da65e10dbef52,c16b6af650c101251b394afb93567edcd26f38b46ae2711fc7d0a91b6d769813,312410*****,T.P.T.,Nữ,Công nghệ Marketing,cong nghe marketing,24,restricted,False,True,student_identity,token_v1,privacy_v1
stu_b1c822f7f49568d5,0cf5956eee0db3bfa938749f6c1635b386bc89e68a68bf84fa7d648e16bbabbf,312310*****,B.Q.K.,Nam,Kinh tế đầu tư,kinh te dau tu,23,restricted,False,True,student_identity,token_v1,privacy_v1
stu_5f01d7ffecca7c06,df23ea5ef24df61755a617afbc439c1952ac1209c4c0e2ba5eb48dd9cca8fce6,312410*****,Đ.K.L.,Nữ,Công nghệ thông tin,cong nghe thong tin,24,restricted,False,True,student_identity,token_v1,privacy_v1
stu_b076998d57132cc3,16d397ddeafc665d761b986292f052ff83e67538ee496980eeafd0481f63a373,312510*****,P.K.U.,Nữ,An toàn thông tin,an toan thong tin,25,restricted,False,True,student_identity,token_v1,privacy_v1
stu_6b4863804fd66b19,7b42e4e1e9f64d508e4b96e34182b9ced0a5a7dae442167d4b863577703d19a6,312410*****,T.T.A.,Nữ,Bất động sản,bat dong san,24,restricted,False,True,student_identity,token_v1,privacy_v1
stu_61c1f5ec15f58796,054847a79c23a9e6f5fc5740b7b92f17db9e89d994522dc6342c9895caa7dcae,312410*****,P.T.Q.,Nữ,Quản lý công,quan ly cong,24,restricted,False,True,student_identity,token_v1,privacy_v1
stu_cac2d0d56d82a332,508bffe4d5115cad41679d89c31f5710549e1eb7459435b0ee8b7e3e244be483,312410*****,P.Đ.Đ.,Nam,Hệ thống thông tin kinh doanh,he thong thong tin kinh doanh,24,restricted,False,True,student_identity,token_v1,privacy_v1
stu_24135733bd6afdac,d6e7c566bdb5ec1813d81e97264fbfa355904ce7f572532cc9d34f9532c31749,312310*****,N.H.Đ.,Nam,Hệ thống thông tin quản lý,he thong thong tin quan ly,23,restricted,False,True,student_identity,token_v1,privacy_v1
stu_2b255e2556279069,7be762cadeb5aa7733178b7bc0e68cf840793f553f689e60c2350de4e1540e1e,312310*****,V.Á.T.,Nữ,An toàn thông tin,an toan thong tin,23,restricted,False,True,student_identity,token_v1,privacy_v1
stu_8c85a96637a7dd84,bf57169a47b81a6b040010473410eb10d0242ae18eb42dc905f54346d3108065,312410*****,H.H.N.,Nữ,Kinh tế,kinh te,24,restricted,False,True,student_identity,token_v1,privacy_v1
stu_6e4e8f27ba83315c,f0427aa8c5f7e5173afeb6164a7a0cedd850cb14237680f692005c5d8b68643b,312410*****,H.N.Q.,Nữ,Công nghệ Tài chính,cong nghe tai chinh,24,restricted,False,True,student_identity,token_v1,privacy_v1
stu_70247d517d2d1a8e,7d40bea3ac811a28748fd4b57736a3798e1edb1aa67c1c13c98c483c961344bd,312310*****,P.Q.P.,Nam,Marketing,marketing,23,restricted,False,True,student_identity,token_v1,privacy_v1
stu_db3da2129bc7838c,2fa42691b0d4c06a8e6d7ae3c80ace36bb7c1ebd0351497daf456ebf5e28a093,312310*****,B.T.L.,Nữ,Bất động sản,bat dong san,23,restricted,False,True,student_identity,token_v1,privacy_v1
stu_2ac445fe19748eb7,a6cef0f3af500271d8cd56afbf0fafbdf5cac1d59077227e11e20d30f438f9b0,312410*****,P.P.T.,Nữ,Hệ thống thông tin quản lý,he thong thong tin quan ly,24,restricted,False,True,student_identity,token_v1,privacy_v1
stu_e909d330444a2dd0,7363605d9741648bb022a8d72d05ae620bec4fb007c96e817bc95c2b114da0c8,312410*****,B.Đ.H.,Nam,Kỹ sư Robot và Trí tuệ nhân tạo,ky su robot va tri tue nhan tao,24,restricted,False,True,student_identity,token_v1,privacy_v1
stu_0aa4677ff83b3a35,498252047f6c1f01fbb5d680e1a1dca8bd85240108f12a264eace08f3de05897,312310*****,N.M.H.,Nam,Kinh tế đầu tư,kinh te dau tu,23,restricted,False,True,student_identity,token_v1,privacy_v1
stu_49f90642c6c8fd85,0c3a9d25a71911289a18fd9113494e3d6f9d919b76b129207a9fb8080e7259e7,312510*****,T.T.T.,Nam,Kinh doanh thương mại,kinh doanh thuong mai,25,restricted,False,True,student_identity,token_v1,privacy_v1
stu_927cb67620b52ef2,30a2f06ebf9771f4cd79444d1f75ff60b265804035190089052ea984c8cdf8dd,312410*****,Đ.Á.D.,Nữ,An toàn thông tin,an toan thong tin,24,restricted,False,True,student_identity,token_v1,privacy_v1
stu_98d77553f9c171f5,287de5562dd0afa89e0db06e69122c64c4dc78859094060e68a2e7d60e21a219,312310*****,Đ.M.M.,Nam,Marketing,marketing,23,restricted,False,True,student_identity,token_v1,privacy_v1
stu_3c7a0187492f3803,82c93f1090622efcd2c12b65c46c416222afd51ea2b7b94da7a32b029422bdd7,312310*****,N.Q.Đ.,Nam,Kiểm toán,kiem toan,23,restricted,False,True,student_identity,token_v1,privacy_v1
stu_38fe82dfc755b552,bb57e484ca362507e69344dec48e0f3c4be489e0a392fb20e2d66d6fbe9a264b,312510*****,P.G.H.,Nam,Công nghệ Tài chính,cong nghe tai chinh,25,restricted,False,True,student_identity,token_v1,privacy_v1
stu_c47fecf01a2a0a69,7fea4e051fec40e0faebeff53c9f317130e0c72fb94c88ce7e18d1e1ac3462cd,312310*****,T.K.L.,Nữ,Kế toán doanh nghiệp,ke toan doanh nghiep,23,restricted,False,True,student_identity,token_v1,privacy_v1
stu_8028d65bb8cb89e7,f8da0336d8f7a42021488bae626c4676e1101ff0f44675cddd3dc1af2c121524,312410*****,L.V.T.,Nam,Đầu tư tài chính,dau tu tai chinh,24,restricted,False,True,student_identity,token_v1,privacy_v1
stu_41c4c6a3958d138b,b72a2af80c129fd99c07f343e227134cc110b4619765c42be7b3cfec57dc5797,312510*****,V.T.T.,Nam,Luật kinh doanh quốc tế,luat kinh doanh quoc te,25,restricted,False,True,student_identity,token_v1,privacy_v1
stu_09c38bd8a97bd27f,a253884dd4c34ca752e8e99c1c693dbf8b12fef2235ef44cdf07d7b90275ee48,312310*****,T.K.H.,Nữ,Quản trị kinh doanh,quan tri kinh doanh,23,restricted,False,True,student_identity,token_v1,privacy_v1
stu_80d95cf114c97fcd,ee24957b6534f21bbeeb2f1330096ba85be22734de4a0cc729e1cc55c854ca8a,312410*****,N.B.P.,Nữ,Kiểm toán,kiem toan,24,restricted,False,True,student_identity,token_v1,privacy_v1
stu_8fa3f01a196edb8a,5b178b1a703ab5002e749ec5addb641cd25e147718adf438e49404ff1b42631b,312310*****,T.T.L.,Nam,Công nghệ logistics tích hợp chứng chỉ FIATA,cong nghe logistics tich hop chung chi fiata,23,restricted,False,True,student_identity,token_v1,privacy_v1
stu_db2ba2a735de7fa9,7556224a241ac654b4e91802bbdd9117c1a6849941167a30ead180868af955a3,312410*****,N.M.N.,Nam,Kiến trúc và thiết kế đô thị thông minh,kien truc va thiet ke do thi thong minh,24,restricted,False,True,student_identity,token_v1,privacy_v1
stu_6eca2f5521ec5e8d,79a8b0bd041795e909f19579be0fc0034a844d81457c2a23685cd4766feb744d,312410*****,P.T.A.,Nữ,Quản trị Hải quan - Ngoại thương,quan tri hai quan ngoai thuong,24,restricted,False,True,student_identity,token_v1,privacy_v1
stu_b3f7d74eded5d032,c0896ae8ca22b42b2c802d97da47d198d787473d5ad64840df6dee0cf6a0e407,312310*****,Đ.L.U.,Nữ,Kỹ sư Robot và Trí tuệ nhân tạo,ky su robot va tri tue nhan tao,23,restricted,False,True,student_identity,token_v1,privacy_v1
stu_57b6f720d4c51eb9,1782800759c5a9c0ee8236af6780cc0bd318d660f9911d3834f0d1a78c07fd82,312310*****,P.L.T.,Nữ,Kinh tế,kinh te,23,restricted,False,True,student_identity,token_v1,privacy_v1
stu_09d753d0f71aa805,ad16a2c6551781dd40ad8b7fafe4df63d60e545c255ca067c94da88d8d711450,312310*****,T.G.L.,Nam,Công nghệ nghệ thuật - ArtTech,cong nghe nghe thuat arttech,23,restricted,False,True,student_identity,token_v1,privacy_v1
stu_f936aefdb8bf2a6b,0bdd9cdd8daf786561e3150e148b7fabee12202736f9f02e51637665e46a6224,312510*****,L.H.T.,Nam,Hệ thống thông tin quản lý,he thong thong tin quan ly,25,restricted,False,True,student_identity,token_v1,privacy_v1
stu_ebb48ae541dc123c,cac9605aed0fba3cd8c95245caadc0d1812c87f05c23598fb33a284e54413540,312410*****,P.H.H.,Nữ,Kinh doanh số,kinh doanh so,24,restricted,False,True,student_identity,token_v1,privacy_v1
stu_28dce47396dd3068,816090d03bd5267b9a3145c14635471bee66562e2d908e99d0acbc7c5684e2ae,312310*****,L.K.V.,Nữ,Bất động sản,bat dong san,23,restricted,False,True,student_identity,token_v1,privacy_v1
stu_889b3e35188f9297,4dee4537ac56737ef248bc0262af2795a6d54fafe80ac5f747ff944b7b741b3f,312410*****,N.H.Đ.,Nam,Kinh doanh thương mại,kinh doanh thuong mai,24,restricted,False,True,student_identity,token_v1,privacy_v1
stu_958f1892f45954ea,6a1cb7d71843dd523ca2ea86c129d8f046e25751470c8d0189bde8c1a64457e0,312510*****,H.G.N.,Nam,Luật kinh doanh quốc tế,luat kinh doanh quoc te,25,restricted,False,True,student_identity,token_v1,privacy_v1
stu_4b037dfa5392e3d6,bbe6036528d0771958b4a49fc99847e10ff202f4bab6b80e4aec926034c988bb,312410*****,P.Đ.Đ.,Nam,Công nghệ và đổi mới sáng tạo,cong nghe va doi moi sang tao,24,restricted,False,True,student_identity,token_v1,privacy_v1
stu_184c02d4b318061f,c78d96ba40f6ee53e30c9f57c7b81ecb0283c28f455d72216375d9361a4c3cb6,312510*****,D.H.T.,Nam,Toán tài chính,toan tai chinh,25,restricted,False,True,student_identity,token_v1,privacy_v1
stu_cb4093ad298306bb,6b9a14e991af5600fcfb9ef525f036871337db1eaf618c794ba1b38a709f6c1d,312410*****,P.N.A.,Nữ,Kỹ sư Robot và Trí tuệ nhân tạo,ky su robot va tri tue nhan tao,24,restricted,False,True,student_identity,token_v1,privacy_v1
stu_73aaaa21b9518f5f,b97b74613fa1eb7c17926f44b2813b759c26cbb3c964737363eb9889ff5ba4e7,312510*****,Đ.A.H.,Nam,Hệ thống hoạch định nguồn lực doanh nghiệp,he thong hoach dinh nguon luc doanh nghiep,25,restricted,False,True,student_identity,token_v1,privacy_v1
stu_ac7f8b5b428f8bbb,27abdbe244f533b4773c95e54ea96f9cab6d6ad67695a526710a2c1c5a2aef69,312410*****,Đ.T.K.,Nam,Thị trường chứng khoán,thi truong chung khoan,24,restricted,False,True,student_identity,token_v1,privacy_v1
stu_f3a036161b2b0f3b,7bd23294599cc37d46e23c8b53e6ef0695d03d9c75d2db37ad7d699ebd3e5b34,312310*****,L.Q.P.,Nam,Công nghệ thông tin,cong nghe thong tin,23,restricted,False,True,student_identity,token_v1,privacy_v1
stu_9611ba39eea470ff,6ee76ea3a42c1b8d8e540ad496b854b56fc4ef2d97f9879dc20f1961f86bf668,312510*****,H.K.C.,Nữ,Bất động sản,bat dong san,25,restricted,False,True,student_identity,token_v1,privacy_v1
stu_5915fc313bdd1e51,ad7218e68c43ecc92ba669352919727616c4c7b88e78546e7567a3f4e33f88fa,312310*****,N.T.T.,Nam,Khoa học dữ liệu,khoa hoc du lieu,23,restricted,False,True,student_identity,token_v1,privacy_v1
stu_482d43fa032ab2a3,e231520b7587f3e52986af5ef6fa1543394b764495fdc293cd6e2916a2f1421c,312410*****,H.P.Ý.,Nữ,Kinh tế,kinh te,24,restricted,False,True,student_identity,token_v1,privacy_v1
stu_5de60144d72bc4dd,bc068d80c05decaa247d4106f30518170e548da8b7109c0a06fc8759bba315a9,312410*****,Đ.Q.N.,Nam,Kiến trúc và thiết kế đô thị thông minh,kien truc va thiet ke do thi thong minh,24,restricted,False,True,student_identity,token_v1,privacy_v1
stu_301585d69b1622b1,aafe038dbeb02d2771b9114929db12d0ba56a31789d64239c25ea29d5ac4b23c,312410*****,H.T.T.,Nam,Hệ thống thông tin kinh doanh,he thong thong tin kinh doanh,24,restricted,False,True,student_identity,token_v1,privacy_v1
stu_28ebb8988a559255,bc65eefdb5d72f43340396c5ec0f99dd2f030f4216bb8b985e188ee32ebb2518,312310*****,B.T.L.,Nam,Kỹ sư Robot và Trí tuệ nhân tạo,ky su robot va tri tue nhan tao,23,restricted,False,True,student_identity,token_v1,privacy_v1
stu_6d918ce8532b683d,14c5cdd3cefd9d131688b836658ee8420040787729605f24cab2f2d91f3571ad,312310*****,N.T.H.,Nam,Logistics và Quản lý chuỗi cung ứng,logistics va quan ly chuoi cung ung,23,restricted,False,True,student_identity,token_v1,privacy_v1
stu_31193bfd3dbcd5cf,3931bcd202aaa26f0dcb6f408810b8ea0690c6ee8e48232cbe62261fb96f5765,312310*****,D.M.K.,Nam,Quản trị kinh doanh,quan tri kinh doanh,23,restricted,False,True,student_identity,token_v1,privacy_v1
stu_4be63d39c331c7bf,07cc408377f2d425c8416c4f5b0e2fc3637aa0ff55329a273bfed79356a8576a,312510*****,Đ.V.P.,Nam,Hệ thống thông tin quản lý,he thong thong tin quan ly,25,restricted,False,True,student_identity,token_v1,privacy_v1
stu_e7c87ef2b3626bfa,08c413e54ceb8a7f040e4791684347707f710c8544579928057af18f6be0464f,312310*****,L.M.C.,Nam,Hệ thống hoạch định nguồn lực doanh nghiệp,he thong hoach dinh nguon luc doanh nghiep,23,restricted,False,True,student_identity,token_v1,privacy_v1
stu_a4df50731c935826,dd1443a22bf0a5fde18c086fb93ae93bf6bf60ad5c4d7325cfd903f07c679bf4,312310*****,P.H.H.,Nữ,Marketing,marketing,23,restricted,False,True,student_identity,token_v1,privacy_v1
stu_927f2a25443f9edf,db7f1ab7e46589dc37922ff27b6380092877312379cee818c4849ed2643fe307,312510*****,H.T.H.,Nữ,An toàn thông tin,an toan thong tin,25,restricted,False,True,student_identity,token_v1,privacy_v1
stu_ddeb495e016f222b,047101b7ed7c57fb247220eb1c38e92459b9aaac522269f8db8224f3464dc790,312510*****,V.H.N.,Nam,An toàn thông tin,an toan thong tin,25,restricted,False,True,student_identity,token_v1,privacy_v1
stu_2ca4748ff447177e,055dedb338b909494f20ae7aa4f20eb43401894393e24218c9b07af8d2bbfa46,312510*****,N.H.K.,Nam,Đầu tư tài chính,dau tu tai chinh,25,restricted,False,True,student_identity,token_v1,privacy_v1
stu_6032012828ecf865,ac72b0713b1f8a622fa5c356c3f94b83775fdb6bc2e5f92901baf2d70697683c,312510*****,H.A.N.,Nam,Kinh doanh số,kinh doanh so,25,restricted,False,True,student_identity,token_v1,privacy_v1
stu_91a38fb38027c5ec,b79f4d8e4bd75cadfe93f1476f453dc387b687f45ee4ce25a798d0bf7bf07769,312310*****,L.N.M.,Nữ,Ngân hàng,ngan hang,23,restricted,False,True,student_identity,token_v1,privacy_v1
stu_9a36baf6448f5118,6756ef32af548b2f5958d266be120420ca70d5f7d5529e1b610a10db6c619ae7,312510*****,L.T.A.,Nữ,Công nghệ logistics tích hợp chứng chỉ FIATA,cong nghe logistics tich hop chung chi fiata,25,restricted,False,True,student_identity,token_v1,privacy_v1
stu_e91227d54214fb97,519e5b4add4e7b4ac7eca2c97d90a2af22f785671400cf9ed7e6cad11310bcf3,312310*****,P.H.T.,Nữ,Bất động sản,bat dong san,23,restricted,False,True,student_identity,token_v1,privacy_v1
stu_19eb3c058267c278,75b0bfbe09ba0babf9271e00f3bba98edb537d50d57bf50308125b6fb6b3315c,312310*****,V.Đ.T.,Nam,Đầu tư tài chính,dau tu tai chinh,23,restricted,False,True,student_identity,token_v1,privacy_v1
stu_4349537f70462f9b,83b37fe9dd59c470daf3f26199de90e7e84dc5545e6ecbb91ce5b2ffc34cbb91,312410*****,V.P.H.,Nữ,Đầu tư tài chính,dau tu tai chinh,24,restricted,False,True,student_identity,token_v1,privacy_v1
stu_4ff071ccf542fad7,3458a992cbaed1e92a0ab2f49a2237e8ae0b7d46f45962b63f9b975b81532a61,312310*****,P.T.S.,Nam,Quản trị Hải quan - Ngoại thương,quan tri hai quan ngoai thuong,23,restricted,False,True,student_identity,token_v1,privacy_v1
stu_ebaaed1112dc7b74,cd385a8ca1aa714e4609cac47499712f11a8a5fa3a9b7808b7cfafb7c36c82a4,312510*****,Đ.H.B.,Nam,Công nghệ Marketing,cong nghe marketing,25,restricted,False,True,student_identity,token_v1,privacy_v1
stu_cd71c973fce8b850,9801331b57a190fa280eda9d9c43a3c8d01945e53c88300b8b82cb2ab0034f2d,312310*****,M.N.T.,Nữ,Đầu tư tài chính,dau tu tai chinh,23,restricted,False,True,student_identity,token_v1,privacy_v1
stu_9a02990d0fe0bf96,345c73777d9032f141de5d745dfae6f194be7cc30b62ad17702ee70d03aa4fe1,312510*****,M.K.Q.,Nữ,Đầu tư tài chính,dau tu tai chinh,25,restricted,False,True,student_identity,token_v1,privacy_v1
stu_56ece45b73719b87,4dcbe97de79ec8c1ec4da872195bf07c84754584c3e75c3232c03aaa4f226182,312410*****,V.T.A.,Nữ,Công nghệ Tài chính,cong nghe tai chinh,24,restricted,False,True,student_identity,token_v1,privacy_v1
stu_8c38dff253b8d6cb,53225c521a0f508816d32217a90564b983cdc9b6522eabef52006ab75bb53327,312510*****,H.P.T.,Nữ,Đầu tư tài chính,dau tu tai chinh,25,restricted,False,True,student_identity,token_v1,privacy_v1
stu_b62ed9929dcee08a,37173dbb0e2d5320e02acc67aa07a38d932158ff8c81312a5d1c3ff964a1b5bf,312310*****,V.N.D.,Nữ,Quản trị kinh doanh,quan tri kinh doanh,23,restricted,False,True,student_identity,token_v1,privacy_v1
stu_8b48638f5da5f15d,92189b2eb4abdc590f9406d4052c1393d0a52cefde86ef5d2182ca8ee79ce7a7,312310*****,Đ.T.T.,Nữ,Kinh doanh quốc tế,kinh doanh quoc te,23,restricted,False,True,student_identity,token_v1,privacy_v1
stu_ccfe8b97202423c8,2ea09f6cc8d848d9a79ce1cb385a46d8de112baa4d1e7ad3ae29030ad65c26c1,312410*****,M.T.H.,Nữ,Marketing,marketing,24,restricted,False,True,student_identity,token_v1,privacy_v1
stu_cc4f978b721fb057,c557fddbf7ba24ab613dd6a262d5a6a191cf929df9aa780e27357c1b71bd7e33,312410*****,L.H.T.,Nữ,Khoa học dữ liệu,khoa hoc du lieu,24,restricted,False,True,student_identity,token_v1,privacy_v1
stu_ef8fee084820b1bf,dcab793c3cf2328ee3e92c4f855009b218a31922c450203d8d1e265f204effb7,312510*****,L.L.T.,Nữ,Toán tài chính,toan tai chinh,25,restricted,False,True,student_identity,token_v1,privacy_v1
stu_b84e3dfe4d1a9f4b,3ca3c6b873296ea25347e721e52383862c1d8e922f61d3b8dcfb349fee19a41e,312510*****,L.Q.S.,Nam,Thị trường chứng khoán,thi truong chung khoan,25,restricted,False,True,student_identity,token_v1,privacy_v1
stu_327cdcb2372cdf38,df94e0e0e10267d21f94b4f1a002c754ecf6da09f424ace26fde634c9f591205,312310*****,L.Á.H.,Nữ,An toàn thông tin,an toan thong tin,23,restricted,False,True,student_identity,token_v1,privacy_v1
stu_34f5fc2eb2b289f1,aded55cea3f168fb757cdd20249c1b5f8e283d53eeadfac1817e7535d154dc8d,312310*****,H.K.T.,Nữ,Công nghệ thông tin,cong nghe thong tin,23,restricted,False,True,student_identity,token_v1,privacy_v1
stu_d56d834e9fa381c6,307d55d02aa6ee0fc326c693b4a9d6fbd342e3bc57011dd9ce5a7249fc56e9de,312510*****,P.Q.B.,Nam,Đầu tư tài chính,dau tu tai chinh,25,restricted,False,True,student_identity,token_v1,privacy_v1
stu_77a8ff9452740fda,55abaa3d4f24cd555dc7bd1f92c633fa5a70ed0870c01624f05dc3ba0a02e0e8,312310*****,H.V.T.,Nam,Công nghệ và đổi mới sáng tạo,cong nghe va doi moi sang tao,23,restricted,False,True,student_identity,token_v1,privacy_v1
stu_f76127edfc4dfa5d,80041f0ff705157fbdac78a0794f9495ab70b4b0c372946c1fa43fe40d7c87f6,312310*****,T.H.Đ.,Nam,Kinh tế,kinh te,23,restricted,False,True,student_identity,token_v1,privacy_v1
stu_73f9c21514598d6b,a029941be4e0a05debad2530aa2b1f26614b3bf775c0904a578e5c7c36f9dc50,312310*****,H.T.M.,Nữ,Hệ thống hoạch định nguồn lực doanh nghiệp,he thong hoach dinh nguon luc doanh nghiep,23,restricted,False,True,student_identity,token_v1,privacy_v1
stu_f9c3ca3286eeb3c8,d7a9631afabd710b68e1ea3474c5fdd6c76759a3f544c0141cf2ba1e8ec23dbd,312310*****,H.N.T.,Nữ,Công nghệ Marketing,cong nghe marketing,23,restricted,False,True,student_identity,token_v1,privacy_v1
stu_9863145f1a9881c5,01be5f2444f41abb8d21488ea9c842e631f2e016d31d93144d694b3dd579ab14,312510*****,L.P.P.,Nữ,Công nghệ và đổi mới sáng tạo,cong nghe va doi moi sang tao,25,restricted,False,True,student_identity,token_v1,privacy_v1
stu_def204a1d5d5fc0f,08f7b5023a8e0f98c24b226146c0b3665e25baa86f7a5263c2acf90e66e81275,312510*****,Đ.H.H.,Nam,Ngân hàng,ngan hang,25,restricted,False,True,student_identity,token_v1,privacy_v1
stu_e70996fd27e427fb,d41aeb059f4022071dd6dfdfe646c38887b3b1b00299a90c8b2c5c0fe60a3c8e,312510*****,Đ.M.A.,Nam,Công nghệ logistics tích hợp chứng chỉ FIATA,cong nghe logistics tich hop chung chi fiata,25,restricted,False,True,student_identity,token_v1,privacy_v1
stu_b30930040e630a36,432dd44c5fc601fd0c64f68894066db2a47ebd37a65d752fce60194c1df1d9b8,312410*****,L.K.Y.,Nữ,Logistics và Quản lý chuỗi cung ứng,logistics va quan ly chuoi cung ung,24,restricted,False,True,student_identity,token_v1,privacy_v1
stu_f13a64de17f99708,4118a2191e609f1cce294a6399457852d88ef22c97b89c1b785461889bd35076,312410*****,N.M.N.,Nam,Tài chính,tai chinh,24,restricted,False,True,student_identity,token_v1,privacy_v1
stu_12cd44d256ab1272,9d423ef5bb4b57e3cca47ef509bfbd466b863bdb73f758a61ab3a1b243819697,312510*****,P.Đ.T.,Nam,Công nghệ nghệ thuật - ArtTech,cong nghe nghe thuat arttech,25,restricted,False,True,student_identity,token_v1,privacy_v1
stu_5d421b2a63eac2ae,78f73f8f30645f8843bef3ca6a0a7fffbbc0dd7c62018f68f7d96d503e4ad3ff,312310*****,L.G.C.,Nam,Công nghệ logistics tích hợp chứng chỉ FIATA,cong nghe logistics tich hop chung chi fiata,23,restricted,False,True,student_identity,token_v1,privacy_v1
stu_63aae67ede012222,f622f3d83f9f5faf3ce509f474bfe86b05b297ebdbd3d56203f331fb1fc0592f,312410*****,H.N.C.,Nữ,Quản lý công,quan ly cong,24,restricted,False,True,student_identity,token_v1,privacy_v1
stu_fe98af88513c1582,9a087840a624e6eee77dfd4333e4e9c424cf0bb1c169b411050530385e37d3a2,312510*****,V.H.D.,Nam,Kinh tế,kinh te,25,restricted,False,True,student_identity,token_v1,privacy_v1
stu_6242251c41315b39,06260a15aff271766ec403241f9d380c7d4a9bcb62659a6e9c59ea7d3e7ee78c,312410*****,N.B.N.,Nữ,Công nghệ Marketing,cong nghe marketing,24,restricted,False,True,student_identity,token_v1,privacy_v1
stu_45ec62aa98aea38e,9a4a9769c7bebe54849b83ef318ad6de7006f05257472c2f15d59e61fe861f94,312510*****,P.G.A.,Nam,Hệ thống hoạch định nguồn lực doanh nghiệp,he thong hoach dinh nguon luc doanh nghiep,25,restricted,False,True,student_identity,token_v1,privacy_v1
stu_17b98164a81f5c86,5cd3ae710d09422e8d854390d3b06b5522ca9b1d8d5a465a97a03b299e09c6b8,312310*****,T.Q.N.,Nam,Kinh doanh nông nghiệp,kinh doanh nong nghiep,23,restricted,False,True,student_identity,token_v1,privacy_v1
stu_44b370a6a9502d29,46aa9e51788e5581a1e1993ada711a87a05040def716eef154a9c6c5d5077de3,312510*****,T.A.B.,Nam,Công nghệ nghệ thuật - ArtTech,cong nghe nghe thuat arttech,25,restricted,False,True,student_identity,token_v1,privacy_v1
stu_690643ea96985640,172d9ee7b5afc807fb856d09b22919f1b4d0abf6f31d5e27cf18584df87d0376,312410*****,N.T.N.,Nữ,Công nghệ logistics tích hợp chứng chỉ FIATA,cong nghe logistics tich hop chung chi fiata,24,restricted,False,True,student_identity,token_v1,privacy_v1
stu_ffe495bf22532e01,c5fb1f97d11a91ac68af30c8f245cd720c878ff49acaa158f24ffbf094b11124,312510*****,H.T.H.,Nữ,Logistics và Quản lý chuỗi cung ứng,logistics va quan ly chuoi cung ung,25,restricted,False,True,student_identity,token_v1,privacy_v1
stu_72cdec30864e9c2c,378b9d36c8f81ba9463ee58021f300adfcd0897121e065a5ed8d448ed2a5c4f4,312410*****,Đ.M.A.,Nam,Công nghệ Tài chính,cong nghe tai chinh,24,restricted,False,True,student_identity,token_v1,privacy_v1
stu_1f5c81ac7d6e6149,9174edb0e1c1d661a635aa60781ba0985e43d540f1aed01e0c307048842b265e,312410*****,Đ.M.H.,Nam,Kinh tế đầu tư,kinh te dau tu,24,restricted,False,True,student_identity,token_v1,privacy_v1
stu_d42dab8f8cc640db,137eb03b53b512abe31c01b36211fb0ecb8816f9c9b62ad0fd3f09454160a1b8,312310*****,V.Q.H.,Nam,Quản lý công,quan ly cong,23,restricted,False,True,student_identity,token_v1,privacy_v1
stu_045ecdfbf1de14e6,add8bf917cc6b88c26f8d7f97be731e9d39516aec7ba2c347e14c886565df9d1,312510*****,D.N.P.,Nữ,Hệ thống hoạch định nguồn lực doanh nghiệp,he thong hoach dinh nguon luc doanh nghiep,25,restricted,False,True,student_identity,token_v1,privacy_v1
stu_7679028d55b23ec4,7780c0135dfece01cc8f483f7f72d4e0609235480ceec245458a7836ab40ca3c,312410*****,T.P.M.,Nữ,Kiến trúc và thiết kế đô thị thông minh,kien truc va thiet ke do thi thong minh,24,restricted,False,True,student_identity,token_v1,privacy_v1
stu_b5a479f4fc60b614,fdae8cb82d8c12c50670e70ee01a20ffc31be47793c68fc0911c7fffbd362440,312510*****,H.G.Đ.,Nam,Kế toán công,ke toan cong,25,restricted,False,True,student_identity,token_v1,privacy_v1
stu_77df32deb018e7d0,caeaf03384b7c3537cd871de86cbccdc19154ab5477825a5b1928a403c7a7f25,312310*****,L.T.T.,Nữ,Công nghệ Tài chính,cong nghe tai chinh,23,restricted,False,True,student_identity,token_v1,privacy_v1
stu_baad4fbb7c89dfa8,8fc2813016331f30688a0b70db6c009196833f16c2fd209a91db6bbe3e969248,312410*****,Đ.M.C.,Nam,Công nghệ Tài chính,cong nghe tai chinh,24,restricted,False,True,student_identity,token_v1,privacy_v1
stu_ff0b0f0a9516c442,94a78f1f288938bbb4325956fb43d709742e15e6acfcd8725e6f0d588f59aa5e,312510*****,L.T.L.,Nữ,Kiểm toán,kiem toan,25,restricted,False,True,student_identity,token_v1,privacy_v1
stu_ad6666897ac2df89,167038e0784e25a8acebb30a031f7f774cd68460a37c1a4069c0198a072cafee,312410*****,D.N.H.,Nữ,Quản lý công,quan ly cong,24,restricted,False,True,student_identity,token_v1,privacy_v1
stu_a592e1cd1c8a2059,560f5109bfdf8e1edaec9051dbc44a67ce6ac68d65c13a8e4e3907c7eec36eac,312310*****,H.P.Ý.,Nữ,Quản trị Hải quan - Ngoại thương,quan tri hai quan ngoai thuong,23,restricted,False,True,student_identity,token_v1,privacy_v1
stu_69128c528af58195,808b7d3f57518f280035d192b39dcd29df6775b73db2ae3d25d3c5a464de1fce,312410*****,Đ.T.T.,Nữ,Công nghệ và đổi mới sáng tạo,cong nghe va doi moi sang tao,24,restricted,False,True,student_identity,token_v1,privacy_v1
stu_37c666c00ebd10e3,a5894482d0ec7dfe75b3e7de16d5996ac32557789aff64007f60f6235032fd2f,312410*****,M.V.M.,Nam,Tài chính,tai chinh,24,restricted,False,True,student_identity,token_v1,privacy_v1
stu_09e8bc714e7d251c,e87d39bb124df65a1a22ab6a2d3bf66b3b28b418e36a3340fdbedfc4fcfe186d,312310*****,Đ.Đ.K.,Nam,Kỹ sư Robot và Trí tuệ nhân tạo,ky su robot va tri tue nhan tao,23,restricted,False,True,student_identity,token_v1,privacy_v1
stu_d74211ef2b72d027,eae17e460831eec8add737864acfd5913b1a767f25041e3185be3b2eed80c7db,312310*****,D.T.Q.,Nữ,Logistics và Quản lý chuỗi cung ứng,logistics va quan ly chuoi cung ung,23,restricted,False,True,student_identity,token_v1,privacy_v1
stu_c5dbaa3a96f9a815,12891acb4502f43712b77ba2ce2ae76bc11632000499eb3f8d479ea7fd36abd1,312410*****,P.T.L.,Nữ,Quản lý công,quan ly cong,24,restricted,False,True,student_identity,token_v1,privacy_v1
stu_7e096a26aef08ae0,6c7b7d9c4b14fa217bb825947d8da63b9b796f3970bcfa6904c817b948935a74,312410*****,H.T.C.,Nam,Công nghệ Tài chính,cong nghe tai chinh,24,restricted,False,True,student_identity,token_v1,privacy_v1
stu_6a2c73b235286aec,3cf0b8a2db1994084686be195c9b6a261a0367ee7f567ce7ecefc4800047840d,312410*****,P.Á.H.,Nữ,Kinh doanh quốc tế,kinh doanh quoc te,24,restricted,False,True,student_identity,token_v1,privacy_v1
stu_1f3acf560535c7db,82cd66771d019866d48fa8c54698a0cd562700e3ef8ec8eb456bb2f070a59477,312410*****,L.M.L.,Nam,Kiểm toán,kiem toan,24,restricted,False,True,student_identity,token_v1,privacy_v1
stu_8c9f324bf5f981d4,6d62331c9c0799caf630aa76a3a663f0b1fbd616da4b8a9d3ac75b7b4891fbd7,312510*****,T.T.T.,Nữ,Kinh doanh quốc tế,kinh doanh quoc te,25,restricted,False,True,student_identity,token_v1,privacy_v1
stu_b2ddc60e0a8453f8,7fe59e19e6d33c492c56d4a861637bf43382ca6acefdd58195815a05a8ee2d2e,312310*****,N.Đ.N.,Nam,Quản trị kinh doanh,quan tri kinh doanh,23,restricted,False,True,student_identity,token_v1,privacy_v1
stu_973e12af57094dfe,2da7ea99c41a8db3b0cf2f101b16729365948d1fe440e5eddcd33c3a86e56a5b,312510*****,H.H.N.,Nam,Khoa học máy tính,khoa hoc may tinh,25,restricted,False,True,student_identity,token_v1,privacy_v1
stu_f471c8067652442f,72ef75448dfe98ea52b7fcb52c66ea0c247a2573c9e9a0838f749bb510eaa5d5,312310*****,N.H.L.,Nữ,Logistics và Quản lý chuỗi cung ứng,logistics va quan ly chuoi cung ung,23,restricted,False,True,student_identity,token_v1,privacy_v1
stu_3da1e4ee1a91f291,c30e2b9e93c0272ab088d3859d39fb03f1e79fa8c4636929b3529eb2961603a9,312310*****,N.T.P.,Nam,Khoa học máy tính,khoa hoc may tinh,23,restricted,False,True,student_identity,token_v1,privacy_v1
stu_cfd8bd7be1f9b405,fa0c658f7d35ca6f13ade9af458995d13267f9cb1c834e4b11a951ebc7b1272d,312310*****,L.Á.V.,Nữ,Hệ thống hoạch định nguồn lực doanh nghiệp,he thong hoach dinh nguon luc doanh nghiep,23,restricted,False,True,student_identity,token_v1,privacy_v1
stu_455be3c3b43339e8,06a36c1439665e84cfa0e8a9d63551e091eff6875242f461063dc201240f237b,312510*****,T.P.A.,Nữ,Hệ thống hoạch định nguồn lực doanh nghiệp,he thong hoach dinh nguon luc doanh nghiep,25,restricted,False,True,student_identity,token_v1,privacy_v1
stu_8230704b81a20a56,614c11bcbe84bc575aa29c1b2290c7751c8fcc6ddbb902bd191ee11d34730658,312510*****,T.G.H.,Nam,Kỹ sư Robot và Trí tuệ nhân tạo,ky su robot va tri tue nhan tao,25,restricted,False,True,student_identity,token_v1,privacy_v1
stu_3762be695e3e2eeb,07dbe0466503e6faef023acd56dcd1a89814dd823800d05db1f4b02289e77d9c,312510*****,N.N.T.,Nữ,Kinh doanh quốc tế,kinh doanh quoc te,25,restricted,False,True,student_identity,token_v1,privacy_v1
stu_bb066a552ba3e0ee,970fb6234957fbb97095630243e8b765fdad243dd1ba63f802017bad335a472f,312410*****,N.T.H.,Nam,Đầu tư tài chính,dau tu tai chinh,24,restricted,False,True,student_identity,token_v1,privacy_v1
stu_188d441af2715351,34558f07a89b8e6b1388be45646765d597dd8a2e2d3a9c08038e81d76ce006b3,312410*****,T.T.C.,Nữ,An toàn thông tin,an toan thong tin,24,restricted,False,True,student_identity,token_v1,privacy_v1
stu_d5cadb9d06fa2ca8,a53eef5f502bb00847ac25bee4637f8cb2cb29b47c8525ab3f9d4b990379038e,312510*****,L.N.Ý.,Nữ,Kế toán công,ke toan cong,25,restricted,False,True,student_identity,token_v1,privacy_v1
stu_43fb79834b70fa31,f1f52d742ba83217bf3b32e4fcd62be52012b83f4a21f4d93ae6c545bd33fb49,312310*****,P.G.A.,Nam,Kinh tế đầu tư,kinh te dau tu,23,restricted,False,True,student_identity,token_v1,privacy_v1
stu_e8332e0a2baf21df,ecb859717498ce68819c9233cd5fa42f1b47b804e9a2b1476bb052f3cac02dba,312410*****,Đ.H.H.,Nữ,Kinh tế,kinh te,24,restricted,False,True,student_identity,token_v1,privacy_v1
stu_e4962cfa67bf6e8c,101542b9ef6850c4e340e6b21d190ef9451480ce8c7014e676659c0ed7aeb154,312510*****,N.T.Q.,Nữ,Quản trị Hải quan - Ngoại thương,quan tri hai quan ngoai thuong,25,restricted,False,True,student_identity,token_v1,privacy_v1
stu_7956c261abb1d43c,6a756a481a6c9cb350123db1d5efa22edb6972db287ed732afe6f4912dd34b73,312410*****,P.N.T.,Nữ,Toán tài chính,toan tai chinh,24,restricted,False,True,student_identity,token_v1,privacy_v1
stu_f904a80772292663,09002777a8becde245aa19091d65d176546df2e9dcf050cecbad783c7a3c91ba,312410*****,L.Đ.T.,Nam,Marketing,marketing,24,restricted,False,True,student_identity,token_v1,privacy_v1
stu_b8601982d0575c8f,0deeb99472291fb87b49ca0796b67cb56955289909a8a9537be4d3a2d71d9298,312510*****,Đ.L.H.,Nữ,Kiến trúc và thiết kế đô thị thông minh,kien truc va thiet ke do thi thong minh,25,restricted,False,True,student_identity,token_v1,privacy_v1
stu_3d4e932dd3b34f88,71313ea0adec1ebcf2535bfb0a8499a95b8fdd906dd661a74a19e49f186b4cc1,312310*****,M.Đ.D.,Nam,Công nghệ nghệ thuật - ArtTech,cong nghe nghe thuat arttech,23,restricted,False,True,student_identity,token_v1,privacy_v1
stu_64da826e45dba514,0551174b5b96909fc6c92d5249b2eaecc91dfae8932cf503a63451dc5ad90430,312510*****,D.H.N.,Nam,Quản trị Hải quan - Ngoại thương,quan tri hai quan ngoai thuong,25,restricted,False,True,student_identity,token_v1,privacy_v1
stu_847e9ec0c4696856,e6a27e436fd1a93d022ca451b0b67dc080986e398a04f117531246f074254895,312510*****,P.B.T.,Nữ,Bất động sản,bat dong san,25,restricted,False,True,student_identity,token_v1,privacy_v1
stu_f9fc7e8f91d04226,53d33e6b838c81d140b1e4d0bfdfc0f2af1b7e6180c26f631e0e6d48cb4f174f,312410*****,L.H.S.,Nam,Kỹ sư Robot và Trí tuệ nhân tạo,ky su robot va tri tue nhan tao,24,restricted,False,True,student_identity,token_v1,privacy_v1
stu_cc0ff3eb4bb24797,40f7ece81f41b71989a01c91f8efee84bced0330c7b34dbfb75de360a26ca839,312410*****,N.T.M.,Nữ,Quản lý công,quan ly cong,24,restricted,False,True,student_identity,token_v1,privacy_v1
stu_10c6719a11941342,4e6ae8e1da66181fe8b0123563f244df72fc6b4daaf73955516151eeabe58176,312410*****,Đ.P.M.,Nữ,Tài chính,tai chinh,24,restricted,False,True,student_identity,token_v1,privacy_v1
stu_77ab7eba95e7a526,2a3fad9f4016c84ac2c01206c6b7f4206cb77836befd77a048f1d0acb44c930b,312410*****,N.M.S.,Nam,An toàn thông tin,an toan thong tin,24,restricted,False,True,student_identity,token_v1,privacy_v1
stu_ca61d05ec83102dc,78844d1d2709b3050eccc396b474a33b971e3803cf628e1cdb4e5e41d470b7dd,312510*****,B.N.Y.,Nữ,Thị trường chứng khoán,thi truong chung khoan,25,restricted,False,True,student_identity,token_v1,privacy_v1
stu_d9d7bc061e1b4d5f,cb32d3552c3ce0e016c2be64a7e2a0e9ecb70ca85a7d63fab0b069ed89bf6e53,312310*****,P.L.T.,Nữ,Marketing,marketing,23,restricted,False,True,student_identity,token_v1,privacy_v1
stu_5551a7ea80aa0b4f,190c9f92a65e991d237078fe3240eb2735a38ed1836dbd250cc14445bf37c09c,312510*****,H.M.T.,Nam,Công nghệ logistics tích hợp chứng chỉ FIATA,cong nghe logistics tich hop chung chi fiata,25,restricted,False,True,student_identity,token_v1,privacy_v1
stu_67a8b54e1c35865c,8ad78dbcf6cc109142f0cbf8ba8394f0b7b8e451d7d8fdfeb044b19d2a36bd96,312510*****,V.T.H.,Nữ,Kinh doanh quốc tế,kinh doanh quoc te,25,restricted,False,True,student_identity,token_v1,privacy_v1
stu_0a4b49cdb571f7d9,e07ecf64ebe7265df0124ce9cad890994b5f6f447964e76258c066ab66e5bb0d,312310*****,V.H.L.,Nữ,Tài chính,tai chinh,23,restricted,False,True,student_identity,token_v1,privacy_v1
stu_b03d2af40ad03fdb,954c58874cb0969725d1cf77741f4e538d41c217d5c0fac458ee93d0975b1096,312310*****,N.Đ.A.,Nam,Kinh doanh quốc tế,kinh doanh quoc te,23,restricted,False,True,student_identity,token_v1,privacy_v1
stu_631743a0e18d8732,4560d6d2683aa7d015287a7c52779b3dd766e0dfe601fdd083121643afbcf4fc,312310*****,T.Đ.A.,Nam,Đầu tư tài chính,dau tu tai chinh,23,restricted,False,True,student_identity,token_v1,privacy_v1
stu_b59bed0032d9fd66,750fd0b0a6439d15920aea327da78021f29aae2c96559b5c4074b5f2b2b473af,312410*****,H.B.M.,Nữ,Công nghệ và đổi mới sáng tạo,cong nghe va doi moi sang tao,24,restricted,False,True,student_identity,token_v1,privacy_v1
stu_821555e3abb62fc7,6fce8e929ea90d135d5e788b4deea6cb18bc2cd2d8fb77702be33db731e67625,312310*****,H.T.B.,Nam,Kinh doanh nông nghiệp,kinh doanh nong nghiep,23,restricted,False,True,student_identity,token_v1,privacy_v1
stu_5a3a37c7522d435b,e4274df2c3eb3bc25d64f5b92cb3708e5a58a17c6e75ebcebe65067dc2996c7f,312310*****,T.H.D.,Nam,Kiểm toán,kiem toan,23,restricted,False,True,student_identity,token_v1,privacy_v1
stu_6e183840812752f5,877538a749283bf7ed6350178ccab1ff87203ef21d065922bbcee970a454fb41,312510*****,H.T.N.,Nam,Quản lý công,quan ly cong,25,restricted,False,True,student_identity,token_v1,privacy_v1
stu_a71d033a5168f2ae,ad6f177cf07752bed73422f552e8ddeee8d6bac258ab59e5193a692a26cb83d2,312310*****,Đ.B.T.,Nữ,Hệ thống thông tin kinh doanh,he thong thong tin kinh doanh,23,restricted,False,True,student_identity,token_v1,privacy_v1
stu_b69ce8781a228080,46ef71eacdb8618bcfc79ab3adc546e247a35cd6e36cc1664a63fb9fc17d36c1,312410*****,L.Á.D.,Nữ,Công nghệ Tài chính,cong nghe tai chinh,24,restricted,False,True,student_identity,token_v1,privacy_v1
stu_540ec1323640a712,698be906f2fa209710fcb6492ddda40d67ef2e51b2b5244288a9932dcf28730f,312510*****,B.Á.L.,Nữ,Kế toán công,ke toan cong,25,restricted,False,True,student_identity,token_v1,privacy_v1
stu_01ff2a11ef096965,d3c04debbcff7338c0bb26afb06ffbf3c21a96f1f6070eb5e25b558fdbc40bc1,312410*****,T.G.B.,Nam,Hệ thống thông tin kinh doanh,he thong thong tin kinh doanh,24,restricted,False,True,student_identity,token_v1,privacy_v1
stu_3f7e5047a964abcd,730c331b34a3e4f587ed3027070cd8aff8f78aa690ef9699ad96905191ecee73,312410*****,M.L.V.,Nữ,Công nghệ thông tin,cong nghe thong tin,24,restricted,False,True,student_identity,token_v1,privacy_v1
stu_a56702e265d859a4,877fd8b57025538d807f6eec76dca4d879407f4bd14675005f342b566ad006f7,312310*****,P.B.Ý.,Nữ,An toàn thông tin,an toan thong tin,23,restricted,False,True,student_identity,token_v1,privacy_v1
stu_7b3faaf8bcc36238,954cdfaa61f673356feff4c2ecef27a82ebe98221669e7affc44ad60aabe44bf,312510*****,P.T.D.,Nam,Bảo hiểm,bao hiem,25,restricted,False,True,student_identity,token_v1,privacy_v1
stu_72ac549dbe5ade40,1744c7db3a03cc395023980a96af32f5a6071c74c5c5b4fabb1f5ccb346d871e,312310*****,V.H.H.,Nam,Kế toán công,ke toan cong,23,restricted,False,True,student_identity,token_v1,privacy_v1
stu_36ab7136023aad53,d3d9e54eaba011215d5226f12fca8e3102b13c1d06f66c5429876b6ee8a77b5f,312410*****,L.T.K.,Nam,Kiểm toán,kiem toan,24,restricted,False,True,student_identity,token_v1,privacy_v1
stu_0ecd09a2860653b5,a5aa6f61e1f4c3978d6cf364c43b608916259053e307ca34a5ff6f874f81b009,312410*****,N.H.T.,Nữ,Kiến trúc và thiết kế đô thị thông minh,kien truc va thiet ke do thi thong minh,24,restricted,False,True,student_identity,token_v1,privacy_v1
stu_cf01160a48f8928c,1a90c55a23e7e2b1f5437c8eb88117d83de536ecf71e80a60728416a92985a82,312410*****,V.Đ.D.,Nam,Hệ thống thông tin quản lý,he thong thong tin quan ly,24,restricted,False,True,student_identity,token_v1,privacy_v1
stu_546c0bc6320ca013,c844ad2804ca5b8f1d17ca49f0b0345fd4b8310aa8c2c52f7d440c362e84c84b,312310*****,N.Á.T.,Nữ,Kinh doanh nông nghiệp,kinh doanh nong nghiep,23,restricted,False,True,student_identity,token_v1,privacy_v1
stu_8e34691587627259,7893d9d325dfcf34c24d9511ac325686e92df7ffbe4f634a7fb79c85fb88d966,312410*****,M.Đ.T.,Nam,Kiểm toán,kiem toan,24,restricted,False,True,student_identity,token_v1,privacy_v1
stu_d95cfbb7507b4f72,71d66cb2326eadd69a14a3ce51b4a926a46f4ae274fe07eff39e6b4ea8b77ace,312510*****,L.Á.L.,Nữ,Hệ thống thông tin quản lý,he thong thong tin quan ly,25,restricted,False,True,student_identity,token_v1,privacy_v1
stu_aede71b7cc894f1d,491dca6c49e14a810efb1880baffabef8184d06dd439032fe377bea1750dd449,312510*****,Đ.L.U.,Nữ,Bất động sản,bat dong san,25,restricted,False,True,student_identity,token_v1,privacy_v1
stu_aa65711dc4dddd1d,12134df7af023047eeb3f403a3c8b371e59ef4ea62b6c6edcf180ad1397fc571,312410*****,H.T.T.,Nam,Kinh doanh thương mại,kinh doanh thuong mai,24,restricted,False,True,student_identity,token_v1,privacy_v1
stu_a026da7425e6f6a3,694fd7a6f054e427c033156cf396b1c4cfe426e084c6feab4cda3dfe1d3222bf,312410*****,P.T.S.,Nam,Hệ thống thông tin kinh doanh,he thong thong tin kinh doanh,24,restricted,False,True,student_identity,token_v1,privacy_v1
stu_1370f792e65631e9,fa98f4b7c3c3fb449246717cc8b6d409cb29afb3e59fb771b74e63901e584829,312410*****,B.V.Q.,Nam,Đầu tư tài chính,dau tu tai chinh,24,restricted,False,True,student_identity,token_v1,privacy_v1
stu_5a1a42c501042c91,ac70865b8a3dfd2342289d8c0a179f2bade69ca0cab799ca504367e3276edf1a,312410*****,V.H.D.,Nữ,Kế toán công,ke toan cong,24,restricted,False,True,student_identity,token_v1,privacy_v1
stu_2e7b62669e834af8,9b04c06add853570241173145d57da1e61a4c7a0f2f9097a5cfee16c326f5b41,312410*****,Đ.Q.D.,Nam,Kinh tế đầu tư,kinh te dau tu,24,restricted,False,True,student_identity,token_v1,privacy_v1
stu_061583aa4658264a,3399f4e06a91d1d966591d931379582593ed70d3035f46d96961ae2b7bab468c,312410*****,T.Đ.T.,Nam,Kỹ sư Robot và Trí tuệ nhân tạo,ky su robot va tri tue nhan tao,24,restricted,False,True,student_identity,token_v1,privacy_v1
stu_d84a294194baba91,da3ca695f45655c482713fffb2f562006a79b0f70a6aa0ec7a39b78646cae5b4,312410*****,T.A.Đ.,Nam,Kinh doanh quốc tế,kinh doanh quoc te,24,restricted,False,True,student_identity,token_v1,privacy_v1
stu_1df5713ddaf51ed2,b0fe79174a359434582cded29499b43f394b905361c891b891f20a832301a714,312410*****,P.A.K.,Nam,Bất động sản,bat dong san,24,restricted,False,True,student_identity,token_v1,privacy_v1
stu_1dc77190d9e5aa45,f036c0ee158ae57b1dbd527011f817684ec7bacbecb8ce6510a9ed5c30a776f5,312510*****,T.V.P.,Nam,Kinh doanh quốc tế,kinh doanh quoc te,25,restricted,False,True,student_identity,token_v1,privacy_v1
stu_996fdae166d04ca2,7c9f7ea84fa6a8e97237007152e0700228afd6674ce3dfe3ead96696d44f520a,312510*****,D.T.H.,Nam,Bảo hiểm,bao hiem,25,restricted,False,True,student_identity,token_v1,privacy_v1
stu_4217bfd52c8870fe,9078dbbb1b23db6b07282a7a56c51e4a1a3f1706a26d5cf5e3c62b627f1ee05d,312310*****,B.V.C.,Nam,Logistics và Quản lý chuỗi cung ứng,logistics va quan ly chuoi cung ung,23,restricted,False,True,student_identity,token_v1,privacy_v1
stu_22cdc2a74f63f0b4,02227d0ee87a43722512a957599b2a21f4aa7e172231eabf6f7b0cb3fd101a02,312310*****,V.T.Q.,Nữ,Quản trị kinh doanh,quan tri kinh doanh,23,restricted,False,True,student_identity,token_v1,privacy_v1
stu_2c7aa9186cf6bba9,c4dee9dfa60b71270854d18297902ccaac7c592493513417c64156fd6fe07185,312310*****,L.L.C.,Nữ,Logistics và Quản lý chuỗi cung ứng,logistics va quan ly chuoi cung ung,23,restricted,False,True,student_identity,token_v1,privacy_v1
stu_100352136f048d81,8a1c3052007ce9adae57143fc1ce773d627b08b72dae20e91f7187fef0bb2887,312410*****,L.T.Q.,Nữ,Logistics và Quản lý chuỗi cung ứng,logistics va quan ly chuoi cung ung,24,restricted,False,True,student_identity,token_v1,privacy_v1
stu_40f25bb19132d505,becd05a0c5b37abda5ac2f6fecd54887aebe2ca37e870976aed9f39c3f94f097,312310*****,N.M.D.,Nam,Công nghệ Tài chính,cong nghe tai chinh,23,restricted,False,True,student_identity,token_v1,privacy_v1
stu_a93761bcf597bb54,4efe7a319817ccd5361a2a8a1c5b2d29dd58e9870b367ad788e26800cbc31dd8,312510*****,V.N.D.,Nữ,Kinh doanh quốc tế,kinh doanh quoc te,25,restricted,False,True,student_identity,token_v1,privacy_v1
stu_06d0d2a016e00ecc,0a8a2aa4c8474d2462a4c95206a81d6faf3194c658ce5136dedff3b191c731d9,312510*****,T.T.B.,Nam,Hệ thống thông tin quản lý,he thong thong tin quan ly,25,restricted,False,True,student_identity,token_v1,privacy_v1
stu_62d9541eb315c620,fa2878fd6dbe82e65b45f6a2328057f43b4d54015df4151a889256a2a754d9ff,312310*****,V.T.T.,Nam,Công nghệ thông tin,cong nghe thong tin,23,restricted,False,True,student_identity,token_v1,privacy_v1
stu_bc470e49dd340f3f,f4ca9a81105a081d5de34f67e81d258cdb0a5a055334b8ee2958c4bbea98f371,312410*****,H.G.V.,Nam,Kinh tế đầu tư,kinh te dau tu,24,restricted,False,True,student_identity,token_v1,privacy_v1
stu_73b6db674005267a,08706ea90c88fc0febf2cf86f5fb6755d0df8958946db04e358996023930bde5,312310*****,T.Đ.V.,Nam,Công nghệ thông tin,cong nghe thong tin,23,restricted,False,True,student_identity,token_v1,privacy_v1
stu_df7e6f33b3814acc,c6856bcb8e61d29f6b95c5f0454eb13d4c25dd767b1a46afb0b48f4431190532,312510*****,T.A.Đ.,Nam,Công nghệ thông tin,cong nghe thong tin,25,restricted,False,True,student_identity,token_v1,privacy_v1
stu_6a30ca507c8c7f8c,a3eb16e8e721f25bc24215f43b910c77e242b6c6b70355b93e1ac828fb4eb57f,312410*****,V.T.N.,Nữ,Kiểm toán,kiem toan,24,restricted,False,True,student_identity,token_v1,privacy_v1
stu_2d4910b487782c25,e19f73cb4233e3fb6687be92bcc39d9ee795a389c80a4e7d170edd97def970bb,312510*****,L.B.L.,Nữ,Kiến trúc và thiết kế đô thị thông minh,kien truc va thiet ke do thi thong minh,25,restricted,False,True,student_identity,token_v1,privacy_v1
stu_99a860daf93137b9,465230d93ef3414864297c56efbe7695d2b4b287436ad8c990a075a29e59c300,312310*****,P.V.L.,Nam,Công nghệ Marketing,cong nghe marketing,23,restricted,False,True,student_identity,token_v1,privacy_v1
stu_5173bfc9c794fba6,f8b7d3395d9113a7db4fec3ed3e7c05834d502bc98c013c593c18bddfcd60165,312410*****,P.T.L.,Nữ,Quản lý công,quan ly cong,24,restricted,False,True,student_identity,token_v1,privacy_v1
stu_14cec1b27ae35d4a,9cb0d14a30ba95114adf7b9df5f6cc514180407b38de0aded6a8bb34a8638b48,312510*****,D.N.U.,Nữ,Thị trường chứng khoán,thi truong chung khoan,25,restricted,False,True,student_identity,token_v1,privacy_v1
stu_a1047e655f95e6b2,f06d05c281bdfc3222decb80215a31d0be54b96ba18b7c377f63f4988cf53f26,312310*****,H.Á.Ý.,Nữ,Công nghệ Tài chính,cong nghe tai chinh,23,restricted,False,True,student_identity,token_v1,privacy_v1
stu_3089257e2946d3fb,936b22d382a4b535076328377872c9a8f1ed4e78a63e50d3d90d5b40fef077af,312310*****,L.T.T.,Nam,Tài chính,tai chinh,23,restricted,False,True,student_identity,token_v1,privacy_v1
stu_77fba46facdba1bf,be09390c4f96cde09ec25270f7ee0e7587329ff5fbfc59212a17757b3e56d7a4,312510*****,H.A.D.,Nam,Hệ thống hoạch định nguồn lực doanh nghiệp,he thong hoach dinh nguon luc doanh nghiep,25,restricted,False,True,student_identity,token_v1,privacy_v1
stu_10e7e69fb062fc5c,751ee377f82b66c6f3e9a031595cf9f83e3efc399b16cc1c69728c2374f08cea,312310*****,H.K.A.,Nữ,Công nghệ thông tin,cong nghe thong tin,23,restricted,False,True,student_identity,token_v1,privacy_v1
stu_69ad10cc497e0a1b,eff149a3b5d43a75ef7f8b15ec70c26249f9dbd4e34ffc6e26030f21b7d29ea9,312510*****,Đ.K.H.,Nữ,Quản trị kinh doanh,quan tri kinh doanh,25,restricted,False,True,student_identity,token_v1,privacy_v1
stu_f2bae75835e29264,2a80715402cdac5473456a8f0a6ebcdc8f2a9766d04e037e0108d968206c68e2,312310*****,P.N.T.,Nữ,Kỹ sư Robot và Trí tuệ nhân tạo,ky su robot va tri tue nhan tao,23,restricted,False,True,student_identity,token_v1,privacy_v1
stu_a0633ea61e6418b4,63b4023a9e31ddb181144125f62ac92bd17a1ae4839c5ba93024e2cd20a4c75d,312410*****,T.Á.N.,Nữ,Tài chính,tai chinh,24,restricted,False,True,student_identity,token_v1,privacy_v1
stu_8ad9cd4951719eb6,a2905e1c15246870565ff29f7329e98d38a77f959da57046a49ac091c6a86617,312310*****,N.B.N.,Nữ,Kinh tế,kinh te,23,restricted,False,True,student_identity,token_v1,privacy_v1
stu_59c3377b537d6890,9510e4814be1a0f6c4c4a4f5228bad8d5855bfbf35740f4b6a9b6db03f0b6e3e,312410*****,Đ.L.T.,Nữ,Hệ thống thông tin quản lý,he thong thong tin quan ly,24,restricted,False,True,student_identity,token_v1,privacy_v1
stu_f1b6c20bdddaee69,ff29dd6f688dd889653548f627bf60b55473a242215bc2e38a80d447dc0e5b64,312410*****,V.H.M.,Nam,Thị trường chứng khoán,thi truong chung khoan,24,restricted,False,True,student_identity,token_v1,privacy_v1
stu_c6cf50cd02b5af82,8abb50d6909bf541491dbbc1cbcdbe9bb6260ed7c21d4840dc61da7a4ed57363,312310*****,V.T.V.,Nữ,Công nghệ thông tin,cong nghe thong tin,23,restricted,False,True,student_identity,token_v1,privacy_v1
stu_5abc5f05bcdaa1cf,85951a92af1c462a3a0f5d3da2950d2d6a4dc69a072d68ad86936256c0f45599,312410*****,H.P.H.,Nữ,Công nghệ Tài chính,cong nghe tai chinh,24,restricted,False,True,student_identity,token_v1,privacy_v1
stu_449fbe01327d6c44,1c7dc1db178b0ea4765639ee3a43a7993f3224c0aa5f8854455f15f2ec14deeb,312510*****,L.B.L.,Nữ,Kế toán doanh nghiệp,ke toan doanh nghiep,25,restricted,False,True,student_identity,token_v1,privacy_v1
stu_a3d5a066d671c04f,4fa5172f3c3b28a9286c01485726c1291aeb1d14d9f7b322b2ed9ccaa07988c6,312410*****,M.K.A.,Nữ,Kế toán công,ke toan cong,24,restricted,False,True,student_identity,token_v1,privacy_v1
stu_08d9f8afc39c55eb,92e218343f2db74babe143330d35025cfcd0ac407b4c13638cd14a1518747c2a,312310*****,Đ.B.L.,Nữ,Công nghệ Tài chính,cong nghe tai chinh,23,restricted,False,True,student_identity,token_v1,privacy_v1
stu_cdf8a86ac3caeb90,dd6db17ec26492028a0032066eb8d473cd452523feebc3897565841a6c6dfa95,312510*****,H.T.V.,Nam,Kinh doanh quốc tế,kinh doanh quoc te,25,restricted,False,True,student_identity,token_v1,privacy_v1
stu_3df7c914bef2b4e2,110de1722b9d1d4450577b4221625ca602a97cb5aeb957c313b9d3472c427267,312310*****,N.T.A.,Nữ,Đầu tư tài chính,dau tu tai chinh,23,restricted,False,True,student_identity,token_v1,privacy_v1
stu_e4b3ebcd55a151fe,8e8ab6e148c5c12fde11848ebf9a2ea7d01e0f734ff244b629d744db82517210,312410*****,N.G.S.,Nam,Hệ thống thông tin kinh doanh,he thong thong tin kinh doanh,24,restricted,False,True,student_identity,token_v1,privacy_v1
stu_1d9e73662fd31c24,d796c6f7c95e80ebc1e7d14e48f77b366a5abd7024f65707a3eddb23860ef69b,312510*****,V.Á.H.,Nữ,Quản trị kinh doanh,quan tri kinh doanh,25,restricted,False,True,student_identity,token_v1,privacy_v1
stu_db09de33904312a5,7c868875f8f392e88d1ad3fc9d6fa7f44e04e66630f6ef2095362257a8cb0034,312310*****,V.H.U.,Nữ,Bất động sản,bat dong san,23,restricted,False,True,student_identity,token_v1,privacy_v1
stu_6175f5f8a27fd2c7,273843886ecce0458df02caa411c8859e2d391aecc9510ea542526270c2b75f4,312310*****,Đ.T.V.,Nam,Hệ thống hoạch định nguồn lực doanh nghiệp,he thong hoach dinh nguon luc doanh nghiep,23,restricted,False,True,student_identity,token_v1,privacy_v1
stu_3437ec58b1399802,299880c28110a8f4a7ebbcea2ced2156f06a3824e879a850a4fe6ccffb38c31b,312510*****,L.K.Q.,Nữ,Quản trị Hải quan - Ngoại thương,quan tri hai quan ngoai thuong,25,restricted,False,True,student_identity,token_v1,privacy_v1
stu_1982f424c4d060b5,a6283f6ae6865ea43cb26e909c1832004bb6be9b264e3613782ee27e75c92632,312310*****,B.H.Ý.,Nữ,Quản lý công,quan ly cong,23,restricted,False,True,student_identity,token_v1,privacy_v1
stu_6b42e20634e37af9,264815516caee457550fe40a8df7e4c062b74af3bbea659beeffc9d97a20b025,312310*****,H.Đ.M.,Nam,Quản trị kinh doanh,quan tri kinh doanh,23,restricted,False,True,student_identity,token_v1,privacy_v1
stu_3fc61c1b3792e33f,18249cde2deb62e586080ba795c8a2bf351d9253a9536c861a63c0a7c9456540,312410*****,V.G.T.,Nam,Đầu tư tài chính,dau tu tai chinh,24,restricted,False,True,student_identity,token_v1,privacy_v1
stu_a6d78b9b186cc425,ae920bf49b807a97f0d8da737b991ef0316ba615c6db5711d0068f7d9cc9c061,312310*****,P.Đ.D.,Nam,Kinh tế,kinh te,23,restricted,False,True,student_identity,token_v1,privacy_v1
stu_d746490d7f42090f,6649551b858fad65aa04be1da0c2f61b7cda8a7b4bbf1c209a37f0d3238ffd41,312510*****,Đ.N.N.,Nữ,Kiểm toán,kiem toan,25,restricted,False,True,student_identity,token_v1,privacy_v1
stu_504d8a567c6f701c,2148eb6f6f2edf13991c9236550fba29ee6d3434a570f2a790278fab77f4c418,312410*****,V.K.L.,Nữ,Kinh doanh thương mại,kinh doanh thuong mai,24,restricted,False,True,student_identity,token_v1,privacy_v1
stu_c63b1115dabcdadd,a29389d28804c69a5cca99307e5fd78752909109354601003ab63be5beb32c6f,312510*****,M.T.T.,Nữ,Bất động sản,bat dong san,25,restricted,False,True,student_identity,token_v1,privacy_v1
stu_64ad013ffe1207a6,c54f2666438634c7771469c8ccab3572c91637deb5b8dfb3ff5b349f8e3dadf3,312510*****,P.T.T.,Nữ,Quản lý công,quan ly cong,25,restricted,False,True,student_identity,token_v1,privacy_v1
stu_15f2a243f2bf50f0,fcd1fe4d03c5399c29701cc6e33f7a683cfcd7b0743c4b4fadc5e189224fffb8,312410*****,Đ.T.T.,Nam,Đầu tư tài chính,dau tu tai chinh,24,restricted,False,True,student_identity,token_v1,privacy_v1
stu_bffc8fc63d8b111b,1ed56baf7be65d3d09180b3b876effd6411b71aaffc24f016686a43f590235e7,312510*****,L.K.D.,Nữ,Kỹ sư Robot và Trí tuệ nhân tạo,ky su robot va tri tue nhan tao,25,restricted,False,True,student_identity,token_v1,privacy_v1
stu_00425f58ce521820,e53ab3d6d58a2b679521f667c18fbe26addba4b02fc94f56666c00340a2dbdac,312310*****,P.T.N.,Nam,Kiến trúc và thiết kế đô thị thông minh,kien truc va thiet ke do thi thong minh,23,restricted,False,True,student_identity,token_v1,privacy_v1
stu_96edca842d8dcd05,b96aa2bb36b16692a8410d85a80996a893322882c68c4bea76ed7f4eb5e48c14,312310*****,N.P.Q.,Nữ,Công nghệ thông tin,cong nghe thong tin,23,restricted,False,True,student_identity,token_v1,privacy_v1
stu_114d19924ad96d48,8bc87e2facdcb420584dde7de8ba3de5bc6e171c7dd4dcf0b26559305dea1fb1,312310*****,Đ.T.H.,Nam,An toàn thông tin,an toan thong tin,23,restricted,False,True,student_identity,token_v1,privacy_v1
stu_2ac3c5d0f4d55ad6,2d008c1b2593f4ce31b85980cc6b1f3c71bd3092116c1b8340ee37967dbe6bd0,312310*****,H.B.T.,Nữ,Kỹ sư Robot và Trí tuệ nhân tạo,ky su robot va tri tue nhan tao,23,restricted,False,True,student_identity,token_v1,privacy_v1
stu_506ff7c8fd23dbba,2e56d8f397efec227f2707e2b38a6c8e91531f938fc5f307cc1b630ceb6d883d,312410*****,L.T.M.,Nam,Công nghệ nghệ thuật - ArtTech,cong nghe nghe thuat arttech,24,restricted,False,True,student_identity,token_v1,privacy_v1
stu_02aa803284772bd9,02e66e362f935768f22fbcf0eb8f146a48d493291be4ab079169187294acd4e6,312410*****,V.T.T.,Nam,Kinh tế đầu tư,kinh te dau tu,24,restricted,False,True,student_identity,token_v1,privacy_v1
stu_c60774c15b4cf8e7,66bece52ffd730e76dca33a0259a0391fe28a1ee76a18aaf817327c179d08744,312310*****,B.L.H.,Nữ,Kinh doanh nông nghiệp,kinh doanh nong nghiep,23,restricted,False,True,student_identity,token_v1,privacy_v1
stu_695059ea8589a1a4,7fcc89fc932bd2417c13587373cf4b1b244e43b3c077d0f1135778f3da4bd93f,312410*****,L.B.N.,Nữ,Hệ thống thông tin quản lý,he thong thong tin quan ly,24,restricted,False,True,student_identity,token_v1,privacy_v1
stu_5ed854ab9201428e,382750d97cf31ab87cdfd21b89a094b623ea8b2e506f420527e0227cd14dbcb4,312310*****,L.N.T.,Nữ,Kinh doanh nông nghiệp,kinh doanh nong nghiep,23,restricted,False,True,student_identity,token_v1,privacy_v1
stu_b04272cb8e0fdbd9,6814fd02042eac829be4f60bff332f7bf4e75406c890028ff040896f522d2a9a,312310*****,B.H.Q.,Nữ,Marketing,marketing,23,restricted,False,True,student_identity,token_v1,privacy_v1
stu_8f17cba4b24949a5,67e1cbb07e33b55d291fc80e62ccd03cb8bc32d7c2de3f84ab4e884e019b5c0c,312410*****,N.P.T.,Nữ,Quản lý công,quan ly cong,24,restricted,False,True,student_identity,token_v1,privacy_v1
stu_7c98d87cf684bd17,2bcd1bccd9fea564648c809726bd25c7df3c068f52f9d827e2587f0b314201d0,312510*****,L.N.Ý.,Nữ,Bảo hiểm,bao hiem,25,restricted,False,True,student_identity,token_v1,privacy_v1
stu_0f8f3a2c1720afa1,55a9cbaf5a4e198c8629853a0691699084bff306156c8739fa9c55a7b0b0ca18,312310*****,H.L.V.,Nữ,Kinh doanh nông nghiệp,kinh doanh nong nghiep,23,restricted,False,True,student_identity,token_v1,privacy_v1
stu_e586cd103214d69b,f8404e421315a858db7faf2276214dd02aed2e35c3ed42f0e1cfd157eef1889b,312310*****,H.P.A.,Nữ,Kiến trúc và thiết kế đô thị thông minh,kien truc va thiet ke do thi thong minh,23,restricted,False,True,student_identity,token_v1,privacy_v1
stu_eab9f894e80980f6,b8cf6d22603d6dfcbcfeffde04864aa19b60bc1f4d7822801295c45b389e7f63,312510*****,L.V.N.,Nam,Quản lý công,quan ly cong,25,restricted,False,True,student_identity,token_v1,privacy_v1
stu_4fa3346b774980fe,75e4b68004a7a201949815db5c62ecb8e9dc76bee3f1f3204f61199a7df96a22,312410*****,Đ.G.Đ.,Nam,Công nghệ Tài chính,cong nghe tai chinh,24,restricted,False,True,student_identity,token_v1,privacy_v1
stu_7a300b055fd65dc2,5fce608e27071c4536c44bca8431297ee2fd4a9e6089cad93c5d669007ee673c,312310*****,P.H.H.,Nam,Kinh doanh số,kinh doanh so,23,restricted,False,True,student_identity,token_v1,privacy_v1
stu_b4130049154ea21a,b57fc277eb8d4cc5fec2ed808ea940a5a8fcc14f14b5df90454dec069291a4cf,312510*****,V.M.P.,Nam,Kỹ sư Robot và Trí tuệ nhân tạo,ky su robot va tri tue nhan tao,25,restricted,False,True,student_identity,token_v1,privacy_v1
stu_eb436c90dbd86a6e,078fb34423cb8a92cd561788d878fdb03b961fe6257d56c9246d691bf24a789a,312510*****,M.B.H.,Nữ,Kinh doanh nông nghiệp,kinh doanh nong nghiep,25,restricted,False,True,student_identity,token_v1,privacy_v1
stu_4a596eb2a09a73b3,5a5f3915f9a8b7fc75a976d967291b1d12ccb06739f9a2c041097d6f1f6efc6d,312310*****,Đ.H.M.,Nam,Công nghệ Marketing,cong nghe marketing,23,restricted,False,True,student_identity,token_v1,privacy_v1
stu_17728fca62c1e70f,0c0565f6189582250308f81b3853ec6cf7bcb6218a03cac61582effd84d959ef,312310*****,Đ.A.T.,Nam,Kế toán công,ke toan cong,23,restricted,False,True,student_identity,token_v1,privacy_v1
stu_f5b6a9cc82434afe,24005e4ca218654697450bc5ea2c9a4a2965953101af0fc393c6cb331c648a47,312310*****,L.N.M.,Nữ,Công nghệ logistics tích hợp chứng chỉ FIATA,cong nghe logistics tich hop chung chi fiata,23,restricted,False,True,student_identity,token_v1,privacy_v1
stu_39106ea07af6e57f,8f092b90004f2b7fd9493d38a63e01d622e01c6171529caeeef37ee1c765457e,312410*****,M.T.T.,Nữ,Toán tài chính,toan tai chinh,24,restricted,False,True,student_identity,token_v1,privacy_v1
stu_25398a4f200ff182,36e757e1e6da7be1141d88ba79a68a60a3d50cb232b6c77b0f4f7bb4170d404b,312510*****,H.Q.K.,Nam,Đầu tư tài chính,dau tu tai chinh,25,restricted,False,True,student_identity,token_v1,privacy_v1
stu_40606e8f99bde5ac,12040654af4bc3f166e72d65f6181a2ea310cf74ab10c9dd427eb02b3486254b,312510*****,L.A.P.,Nam,Tài chính,tai chinh,25,restricted,False,True,student_identity,token_v1,privacy_v1
stu_097c7a4a06790989,68cd0331557a359479aeefd1f2038fdf8c340b70ad2cafb6ef38a14cd6f1c4c3,312510*****,Đ.K.T.,Nữ,Kiến trúc và thiết kế đô thị thông minh,kien truc va thiet ke do thi thong minh,25,restricted,False,True,student_identity,token_v1,privacy_v1
stu_910a679c8fcde81d,586c85e0dc4dd0d794967af87c229f6ed4540bd6c84fcf9a2ae1c1fdb38b3dd1,312510*****,N.P.H.,Nữ,Kinh tế đầu tư,kinh te dau tu,25,restricted,False,True,student_identity,token_v1,privacy_v1
stu_dc2b1166b417c7e9,15c6458162d4bda9f55f6ddeabdc766fc12b52985fe0a3c8d5ece65d4b052d78,312410*****,T.Đ.A.,Nam,Bảo hiểm,bao hiem,24,restricted,False,True,student_identity,token_v1,privacy_v1
stu_55b8fe7fa5d8d0b1,3960fe9c843eece1e212eafb0da5cd2b636db672bbc1f843eb4da5a344530e78,312310*****,T.T.H.,Nữ,Kinh doanh nông nghiệp,kinh doanh nong nghiep,23,restricted,False,True,student_identity,token_v1,privacy_v1
stu_1989de4e291d51c0,707cb689455442e9c257a86c23e4b0e19c111469fb0e810a98f48dde1857672a,312510*****,N.N.Q.,Nữ,Quản lý công,quan ly cong,25,restricted,False,True,student_identity,token_v1,privacy_v1
stu_1096d935d28667f9,568128f5474823765a85ffe1b964c9f4f826d666203e8948c59ddc278d88f7fd,312510*****,Đ.P.U.,Nữ,Tài chính,tai chinh,25,restricted,False,True,student_identity,token_v1,privacy_v1
stu_ab99db5c5f8b8b52,e37b49fc11b7a7a0aa9e6a9c685725960914862912260eed8d695b3239a3f011,312310*****,Đ.G.Q.,Nam,Công nghệ Marketing,cong nghe marketing,23,restricted,False,True,student_identity,token_v1,privacy_v1
stu_7d2b52d2d922195b,df80f97ae6cc455e0d5764f8ab7d22256539f057fa7c82d13e589327ab458b42,312510*****,Đ.P.D.,Nữ,Quản lý công,quan ly cong,25,restricted,False,True,student_identity,token_v1,privacy_v1
stu_1b0d48b79fcfb72b,04144d1763191bc477163ee03269537118a5e46499d98f433a2d6c58545cb334,312410*****,T.H.H.,Nam,Quản trị kinh doanh,quan tri kinh doanh,24,restricted,False,True,student_identity,token_v1,privacy_v1
stu_797e4124ff7dd110,df59d779f6a8eafa69d916f06d1cba9df0f30a30f6ad04f34e21f28c9fa4896a,312310*****,T.L.Q.,Nữ,Khoa học máy tính,khoa hoc may tinh,23,restricted,False,True,student_identity,token_v1,privacy_v1
stu_87e490314fcadae8,46ccb8bc2ccbbdde89d6070d4df955ae268bce9ffd594bd489766ffe70ea944d,312310*****,H.Q.D.,Nam,Logistics và Quản lý chuỗi cung ứng,logistics va quan ly chuoi cung ung,23,restricted,False,True,student_identity,token_v1,privacy_v1
stu_5ab5526a4b57b3ee,c860b8a8586eb6ec928600e6fbdd5e2cb983361a262e53d47abd97c88eeb46af,312410*****,B.B.M.,Nữ,Công nghệ Tài chính,cong nghe tai chinh,24,restricted,False,True,student_identity,token_v1,privacy_v1
stu_93b262f49a7dfb9d,b34992c2aff2840f7c699f24986845a5ade79c7123197e37cab44fba4d6f83c4,312310*****,N.T.C.,Nữ,Công nghệ Tài chính,cong nghe tai chinh,23,restricted,False,True,student_identity,token_v1,privacy_v1
stu_417e2a9ba95b4697,a3d17071933d5c54e54a17e0ca85fc18c86bd804789b7bd6ac57cb1aaf797a42,312310*****,D.T.T.,Nam,Khoa học máy tính,khoa hoc may tinh,23,restricted,False,True,student_identity,token_v1,privacy_v1
stu_1c10498acc857d20,65020e6fff32d35618576a935309ef8be50f0e67d7862cc15c0d2cea6223f529,312310*****,D.Đ.H.,Nam,Bảo hiểm,bao hiem,23,restricted,False,True,student_identity,token_v1,privacy_v1
stu_ed502f5515f4edeb,3091fbaaefb96364604e41f5f31877818c400e81ed62aaa2aa3b89973650313b,312310*****,L.Á.N.,Nữ,Kỹ sư Robot và Trí tuệ nhân tạo,ky su robot va tri tue nhan tao,23,restricted,False,True,student_identity,token_v1,privacy_v1
stu_bc869195fb44d1c2,c92f8c5085331bec7cac7bb116852314d7ee6432da795275252e74ac6fb64f22,312310*****,N.H.L.,Nam,Kế toán doanh nghiệp,ke toan doanh nghiep,23,restricted,False,True,student_identity,token_v1,privacy_v1
stu_7a9090ab8059832b,15a693e6d88ca86d390393ff203b1519aa04e76945aa5da4b35ca34800166283,312510*****,P.V.H.,Nam,Công nghệ nghệ thuật - ArtTech,cong nghe nghe thuat arttech,25,restricted,False,True,student_identity,token_v1,privacy_v1
stu_212a9e7ee2dd3884,67d0e7a9e5a758a58832b650f893f9c14e5d12f0db7c48ca818531aa1d2aa344,312410*****,B.M.H.,Nam,An toàn thông tin,an toan thong tin,24,restricted,False,True,student_identity,token_v1,privacy_v1
stu_dcd5aa1beb8675f1,f4d3b0f00cf9fb4f01cde4aa46b36f93b545af40a36d2a2c4b9a05a203b8937c,312310*****,Đ.T.Q.,Nữ,Quản trị Hải quan - Ngoại thương,quan tri hai quan ngoai thuong,23,restricted,False,True,student_identity,token_v1,privacy_v1
stu_ebc94fc82d6d5590,11c4bb9f2784bc83251c62135942de809b2a6c6800da7d16e9428cd399aa03f8,312310*****,N.P.D.,Nữ,Kỹ sư Robot và Trí tuệ nhân tạo,ky su robot va tri tue nhan tao,23,restricted,False,True,student_identity,token_v1,privacy_v1
stu_441586f4dec48da6,faac48f232812a175e5e8c885a8cb427408816e75377bca98a2d5a62cf03cfdd,312310*****,P.T.T.,Nữ,Công nghệ nghệ thuật - ArtTech,cong nghe nghe thuat arttech,23,restricted,False,True,student_identity,token_v1,privacy_v1
stu_da7098bad2f4ce74,02c6dccccda899cf58e8f4a3b69d636c018f75fef91c561c98bbd470c49489d0,312310*****,N.B.N.,Nữ,Kế toán doanh nghiệp,ke toan doanh nghiep,23,restricted,False,True,student_identity,token_v1,privacy_v1
stu_59f6dfc481d038cc,9d1b8bd78231da3ef6f799ed43a77fbf8777d9366108a877c5cd464b21901d21,312410*****,L.N.N.,Nữ,Khoa học máy tính,khoa hoc may tinh,24,restricted,False,True,student_identity,token_v1,privacy_v1
stu_80845f40d55cb25e,bd9a6c494972ca4b1f84eb8b2c5ad86266eb57ac002379fd559f1fa55db438c0,312510*****,Đ.G.H.,Nam,Công nghệ Marketing,cong nghe marketing,25,restricted,False,True,student_identity,token_v1,privacy_v1
stu_ca3f7e02dd9bd297,ab0ff2fe7ab556f3f6b09f9d6eebdf15486b8ee4fa6e33b94e70daf85d980b3e,312410*****,L.H.N.,Nam,Kinh doanh nông nghiệp,kinh doanh nong nghiep,24,restricted,False,True,student_identity,token_v1,privacy_v1
stu_7f79b4233015f61e,b19235cdf1bd043c3370f7dba32741572a620869010bb7a96deb2d8ad47ff1de,312410*****,T.T.T.,Nam,Quản trị kinh doanh,quan tri kinh doanh,24,restricted,False,True,student_identity,token_v1,privacy_v1
stu_41d9bc09d48823ba,65f474cae4a9115bab494d7cc9e5dbb0cdf09d68346c2fda4af69d81cd06f326,312310*****,H.Q.K.,Nam,Khoa học máy tính,khoa hoc may tinh,23,restricted,False,True,student_identity,token_v1,privacy_v1
stu_8eacb505c4ef2ff1,c9985cbbbcb8160a5602e5900a1ed2e4e721691a888facaafa4737d04e989f08,312510*****,L.H.N.,Nam,Kinh doanh số,kinh doanh so,25,restricted,False,True,student_identity,token_v1,privacy_v1
stu_c5915ff0a4c1afb5,ba403129700d7d76e0fa37135d86cb8c20d89b7b343c0daee73c1cc9f3aca6f2,312410*****,M.L.D.,Nữ,Bất động sản,bat dong san,24,restricted,False,True,student_identity,token_v1,privacy_v1
stu_a1dc78d801b4b55e,83f873a0a07cc8810ef066589173d1141f8c9add976abfbd04327f249bef99c8,312410*****,T.T.C.,Nữ,Kỹ sư Robot và Trí tuệ nhân tạo,ky su robot va tri tue nhan tao,24,restricted,False,True,student_identity,token_v1,privacy_v1
stu_fa108e25721a8f7e,cd0d8d261f4463a399f1761e168ee693f044a7737074e42e89761e8942ed5aca,312510*****,N.Á.N.,Nữ,Quản trị Hải quan - Ngoại thương,quan tri hai quan ngoai thuong,25,restricted,False,True,student_identity,token_v1,privacy_v1
stu_911d4f88a0241c57,fc259ec1e17253048fffbcbfac96aecd100b9bba1fd67ae9e1dec7df9679da98,312310*****,P.H.T.,Nam,Kế toán doanh nghiệp,ke toan doanh nghiep,23,restricted,False,True,student_identity,token_v1,privacy_v1
stu_7e973b54d496b69a,31c947e532c1d20538afe80f061558bf1d42bf6233c359cdc681897dabd4211c,312510*****,L.A.B.,Nam,Kinh tế đầu tư,kinh te dau tu,25,restricted,False,True,student_identity,token_v1,privacy_v1
stu_1a74dc2bc251bd68,ccf8d31c97b3e09fe35e8acaac7eaf366fda43e4a9a9dec7ff86eae8e59cd3c3,312410*****,N.Đ.K.,Nam,Kinh tế đầu tư,kinh te dau tu,24,restricted,False,True,student_identity,token_v1,privacy_v1
stu_3f1f2ceb8f582e18,0f61ce2d0799bd952c6d1b3d0918e873ba4cacf43b8ba650fba74d9e35ac3d7b,312310*****,M.T.S.,Nam,Công nghệ và đổi mới sáng tạo,cong nghe va doi moi sang tao,23,restricted,False,True,student_identity,token_v1,privacy_v1
stu_1df53d8a6d839733,321bc16453339512ae08330fa1d979c9836d01d6e7d2a6dca7a5dc586b070e5e,312410*****,V.Q.C.,Nam,Hệ thống thông tin quản lý,he thong thong tin quan ly,24,restricted,False,True,student_identity,token_v1,privacy_v1
stu_a755e0278f3e6576,729dd32fbed7d49f7dbb54005628d9d6f59c2c564d26b64600a7d09f9b5f9295,312310*****,N.Q.B.,Nam,An toàn thông tin,an toan thong tin,23,restricted,False,True,student_identity,token_v1,privacy_v1
stu_f64d7d2e1156a979,a8d71ecee7f8c46c8b6da452a0e0d21e5877b23bae61a0c96efb3724718b5235,312310*****,H.K.C.,Nữ,Công nghệ Marketing,cong nghe marketing,23,restricted,False,True,student_identity,token_v1,privacy_v1
stu_5921b97b42cc9873,b8c002e7a51bd18e4f718896c171c5eaae044bdf6ff615948985efee520357e9,312410*****,Đ.M.T.,Nam,Kinh doanh quốc tế,kinh doanh quoc te,24,restricted,False,True,student_identity,token_v1,privacy_v1
stu_d5e6e4f320c0a1fd,4c589bb987cb571387f072541c3444cbc02ab32876c133642fa38472e9f69bb3,312410*****,L.H.N.,Nam,Logistics và Quản lý chuỗi cung ứng,logistics va quan ly chuoi cung ung,24,restricted,False,True,student_identity,token_v1,privacy_v1
stu_deca71e4e06f93a8,02710f539240dcc1fd2a2896d8f5fe12c731611723aa174378f1b96804c5a929,312310*****,V.Á.N.,Nữ,Toán tài chính,toan tai chinh,23,restricted,False,True,student_identity,token_v1,privacy_v1
stu_d7cbe91168c270b1,16c091fbee76a145669f6d2e98b567eef7f16d6b4f5f8aef968f636142ac8bae,312510*****,Đ.T.Q.,Nam,Kinh tế,kinh te,25,restricted,False,True,student_identity,token_v1,privacy_v1
stu_34bc7ce4fdbd4b7d,11cfbc5156e39fe655260736627904a602bf8d0a235d551f52781f77c78c09b9,312510*****,Đ.Đ.T.,Nam,Toán tài chính,toan tai chinh,25,restricted,False,True,student_identity,token_v1,privacy_v1
stu_0bee87bed395738c,260754404378ed9befa5f08f77729c8076c739606f44fcf1bd6d0f4518222bba,312410*****,H.H.M.,Nam,Quản trị Hải quan - Ngoại thương,quan tri hai quan ngoai thuong,24,restricted,False,True,student_identity,token_v1,privacy_v1
stu_786682029fbdb3ee,d30d98bfe32bf8d9e08b89d98d2327858cf8db3a3df4dd20052a5486697749aa,312510*****,P.T.H.,Nam,Kinh doanh nông nghiệp,kinh doanh nong nghiep,25,restricted,False,True,student_identity,token_v1,privacy_v1
stu_f3f5b73414466750,558b98ffba448f07dae715425505b4f639d2c4b26fe1b77faea33e205df361b2,312310*****,D.T.A.,Nữ,Bất động sản,bat dong san,23,restricted,False,True,student_identity,token_v1,privacy_v1
stu_266b568f9bc9f353,29950cc7ba0c6c51f4b9b9d09f96ce06a7cc50795980a4260a950f7dc68b4c4e,312310*****,T.P.N.,Nữ,Quản trị Hải quan - Ngoại thương,quan tri hai quan ngoai thuong,23,restricted,False,True,student_identity,token_v1,privacy_v1
stu_2e9307f2fd0d699d,a3d2de88d189d3900977ee19be127ecea74ea782c16b3d639160ae14909b65b6,312310*****,L.T.T.,Nữ,Công nghệ nghệ thuật - ArtTech,cong nghe nghe thuat arttech,23,restricted,False,True,student_identity,token_v1,privacy_v1
stu_c8ed7be879f66d62,cc00d7b76ba1b77c729c33deb175ccbfa8c7486e11c421cdd375b1bb497d9ce3,312410*****,P.Đ.K.,Nam,Kinh tế đầu tư,kinh te dau tu,24,restricted,False,True,student_identity,token_v1,privacy_v1
stu_c39fbfde1ba21fd4,ccfae42dd65f1891dc2d4f6af577352e6c6f911437d3adef0257f9cb239acc54,312510*****,T.H.Q.,Nữ,Marketing,marketing,25,restricted,False,True,student_identity,token_v1,privacy_v1
stu_b30b94941e51d49c,806c1bd3ad570c6e5ed3e660f38ba784748511c63b14ac732e695dee48ba5dfb,312510*****,V.L.L.,Nữ,Bảo hiểm,bao hiem,25,restricted,False,True,student_identity,token_v1,privacy_v1
stu_09c5f7f1ba362387,ad299070b8299970f391d6ceee9d701f444fe95ffafa128e7129c1815043103c,312410*****,N.T.H.,Nữ,Bảo hiểm,bao hiem,24,restricted,False,True,student_identity,token_v1,privacy_v1
stu_8d3e82ecdc727e88,ca37e15520c0e4bc7d74b298c6c6e9c0804b28d155ac9b9bd17f2b8571fc616f,312410*****,L.Á.T.,Nữ,Kỹ sư Robot và Trí tuệ nhân tạo,ky su robot va tri tue nhan tao,24,restricted,False,True,student_identity,token_v1,privacy_v1
stu_6b2dae4e4818f468,146f06d23718b77ed3b30cb594a2efd6fa2d672b4a27987a5f909fd8a8ea28cf,312410*****,D.B.H.,Nữ,Thị trường chứng khoán,thi truong chung khoan,24,restricted,False,True,student_identity,token_v1,privacy_v1
stu_19355bd112630842,d43438ee117676104ae88c46250a0ea9da0874210508a0746263986372afb03a,312410*****,L.B.V.,Nữ,An toàn thông tin,an toan thong tin,24,restricted,False,True,student_identity,token_v1,privacy_v1
stu_0ad065a36570bf28,8d7ace27ce0293545b88d9554c9bb951985e3a04b921561c28da69c243df3a48,312410*****,T.L.N.,Nữ,Kiến trúc và thiết kế đô thị thông minh,kien truc va thiet ke do thi thong minh,24,restricted,False,True,student_identity,token_v1,privacy_v1
stu_17030c60448e746d,8c0a9fc5022fb2136cfd51587f1a961912ab7971bdeb5a086e788a109fa1ad79,312410*****,M.T.H.,Nữ,Kinh tế,kinh te,24,restricted,False,True,student_identity,token_v1,privacy_v1
stu_572c9db97f36b593,663fd8da3c5ae4e3a0773194079a5604fefaec802f58aba9bcc62f957eb633d9,312510*****,V.N.T.,Nữ,Kinh doanh nông nghiệp,kinh doanh nong nghiep,25,restricted,False,True,student_identity,token_v1,privacy_v1
stu_25e02e3fdabfffb3,ba4c48c31755231589a4816f84765efe29fe5c519be075eee1777efd7a8766bb,312310*****,D.V.S.,Nam,Quản lý công,quan ly cong,23,restricted,False,True,student_identity,token_v1,privacy_v1
stu_91e3accd3c38570b,45879b82df1d30e95d50da124c0c35a503429ca7dbf661276e31c4621fb7eae8,312510*****,N.V.N.,Nam,Quản trị kinh doanh,quan tri kinh doanh,25,restricted,False,True,student_identity,token_v1,privacy_v1
stu_24815bd625fbd350,641c5ee202b1587aa6514f95835eecdb1c0742f67c0fc0229e61ab65f0e84ceb,312410*****,L.Á.L.,Nữ,Công nghệ nghệ thuật - ArtTech,cong nghe nghe thuat arttech,24,restricted,False,True,student_identity,token_v1,privacy_v1
stu_00b9e0b6b2593639,752a7537d3ded323d3a5910f283ab53796e8055779fcf3b243e530f315c29998,312410*****,H.B.L.,Nữ,Khoa học máy tính,khoa hoc may tinh,24,restricted,False,True,student_identity,token_v1,privacy_v1
stu_93f57f2a77c22fa1,5b30d0820959c8d18e5ee79784ea80611eb126f8204b2d32a4b2c62da9fb65a7,312510*****,V.H.B.,Nam,Đầu tư tài chính,dau tu tai chinh,25,restricted,False,True,student_identity,token_v1,privacy_v1
stu_4184c01ececa2911,417764584029b83e7ec718de87c976784f09762b77a1cba269215b5ceefec33b,312510*****,T.T.C.,Nữ,Hệ thống thông tin kinh doanh,he thong thong tin kinh doanh,25,restricted,False,True,student_identity,token_v1,privacy_v1
stu_f7e5d0161efa81ce,a9793f3a4f291e01e15e8123e3bd7aa24b1476d3a663a42b026de6b30de821a1,312510*****,V.T.A.,Nam,Kỹ sư Robot và Trí tuệ nhân tạo,ky su robot va tri tue nhan tao,25,restricted,False,True,student_identity,token_v1,privacy_v1
stu_a6acdebd62240691,33d3a07bc8ac6f15c71e4a3465dbdd354d7870f5ae56a5e2e8f399769d7e7901,312510*****,M.Q.S.,Nam,Kinh doanh thương mại,kinh doanh thuong mai,25,restricted,False,True,student_identity,token_v1,privacy_v1
stu_73c782de504ad1b9,9e851c9e5d46ed269293d7a78c07cbcb8e0514f735328b03f453e7818a2ac60e,312310*****,P.H.D.,Nữ,Công nghệ Tài chính,cong nghe tai chinh,23,restricted,False,True,student_identity,token_v1,privacy_v1
stu_aa4001303995b535,c14016e50fe4b894b5a226a4c2cc572ce42fb0a2d9f5ff712bff916d6b405b9b,312310*****,N.T.T.,Nữ,Khoa học dữ liệu,khoa hoc du lieu,23,restricted,False,True,student_identity,token_v1,privacy_v1
stu_54612d49b3156eb6,b525b54088c571bd2c22cfe815e8f9c6c8246200a29376aa7e750edbaaf25404,312310*****,M.T.P.,Nữ,Kiến trúc và thiết kế đô thị thông minh,kien truc va thiet ke do thi thong minh,23,restricted,False,True,student_identity,token_v1,privacy_v1
stu_b8b5fb297b6211cf,dd635322ebcef3cbc377fa1d65135491b08a7f5e380041381cf82342c9d21458,312510*****,Đ.L.A.,Nữ,Luật kinh doanh quốc tế,luat kinh doanh quoc te,25,restricted,False,True,student_identity,token_v1,privacy_v1
stu_d76a84fc8363f0c2,ac8604ea309ea4e6a6cb7ea71ba5966bba64a2152d27c94cfe1c8f7e6c77cd89,312410*****,H.L.A.,Nữ,Hệ thống hoạch định nguồn lực doanh nghiệp,he thong hoach dinh nguon luc doanh nghiep,24,restricted,False,True,student_identity,token_v1,privacy_v1
stu_e4244310675a6427,8a7f2d8b646e5dd7c9760b1cc61953e321af8ca4c5b4500331e1da7f34f132de,312510*****,Đ.H.Y.,Nữ,Công nghệ Tài chính,cong nghe tai chinh,25,restricted,False,True,student_identity,token_v1,privacy_v1
stu_20bdf3b586ad855a,0318d2c3acd151f2c0065aae6af5f6be91c868797675c3259c3c12d5fe700ab6,312310*****,H.Đ.C.,Nam,Kinh doanh thương mại,kinh doanh thuong mai,23,restricted,False,True,student_identity,token_v1,privacy_v1
stu_d4aeb3a541252c82,5eb9afaf4a2de74cbfe1b5eb84b0ef8804d76da810d1af1de7bc8375a0c138f2,312310*****,L.T.U.,Nữ,Công nghệ Marketing,cong nghe marketing,23,restricted,False,True,student_identity,token_v1,privacy_v1
stu_965f037dd6f8935c,b969425938a514150875f3eb89208be0564fb51d5398cde95009044edd3d1a15,312510*****,B.K.L.,Nữ,Công nghệ logistics tích hợp chứng chỉ FIATA,cong nghe logistics tich hop chung chi fiata,25,restricted,False,True,student_identity,token_v1,privacy_v1
stu_1d2d2723c159c31c,11573e99805f42b0ed3a4fff6fe93aa24811f5e4d8bdb8871843b912f4465b94,312310*****,Đ.Q.V.,Nam,Kiến trúc và thiết kế đô thị thông minh,kien truc va thiet ke do thi thong minh,23,restricted,False,True,student_identity,token_v1,privacy_v1
stu_a51c657d53f5fab2,b2bcea11136073e09be4acce48bb8193e8b518864774e83965c3ead979c28525,312510*****,D.Đ.S.,Nam,Kinh doanh quốc tế,kinh doanh quoc te,25,restricted,False,True,student_identity,token_v1,privacy_v1
stu_994adc93ae8c89cd,0c71eb35c67b6d3b278a16cc997613fc2b433a9b25702c3af210b3f429c58449,312410*****,Đ.A.T.,Nam,Công nghệ nghệ thuật - ArtTech,cong nghe nghe thuat arttech,24,restricted,False,True,student_identity,token_v1,privacy_v1
stu_96408a7a7e64380f,36744753ffef59cebcea8ff5c8cc8e6457ee03fc8a827bd5a81275ef42e25aae,312410*****,T.M.K.,Nam,Kế toán doanh nghiệp,ke toan doanh nghiep,24,restricted,False,True,student_identity,token_v1,privacy_v1
stu_15b0d347f515af39,74f471f47f06e4fdcc20884173763651bd5bd76c05a57ed178eebf690e27f8d5,312410*****,M.T.P.,Nam,Khoa học dữ liệu,khoa hoc du lieu,24,restricted,False,True,student_identity,token_v1,privacy_v1
stu_14d56d9831527ae6,3273ffe8bece07895086ef609875150837b154b3e87b4a2e4e758a74e2b2e45b,312410*****,N.Đ.H.,Nam,Kinh doanh số,kinh doanh so,24,restricted,False,True,student_identity,token_v1,privacy_v1
stu_241581403ea646c1,6b8b23fd206e3c0cdab32f6af640a60df65ee5ed7c845487594f53b8e3ea6dec,312510*****,H.A.A.,Nam,Đầu tư tài chính,dau tu tai chinh,25,restricted,False,True,student_identity,token_v1,privacy_v1
stu_5709df5774529c0d,569cfb6661d3a30126c6ffb8668f5c9b8e162ee9f75ff2c420dda95fcf66989b,312310*****,L.Á.H.,Nữ,Hệ thống hoạch định nguồn lực doanh nghiệp,he thong hoach dinh nguon luc doanh nghiep,23,restricted,False,True,student_identity,token_v1,privacy_v1
stu_1a90db9c2be4ff5c,ba113476c5b6bc87757f7b4ac20c5792fc632791313970b6b3b445009cbe8d0d,312310*****,H.H.H.,Nam,Công nghệ và đổi mới sáng tạo,cong nghe va doi moi sang tao,23,restricted,False,True,student_identity,token_v1,privacy_v1
stu_5f449ac63fe318ee,5e5fce8d8b992bbf1f61792a1bcc6c74b67b63dea8239febf1aad584f20d993f,312510*****,Đ.N.T.,Nữ,Tài chính,tai chinh,25,restricted,False,True,student_identity,token_v1,privacy_v1
stu_70be68c9ba96414d,1eae2ee2cb3d803e372ea24db057d8951265d1733ee8d8d21c3423de045a369b,312310*****,P.T.P.,Nữ,Kỹ sư Robot và Trí tuệ nhân tạo,ky su robot va tri tue nhan tao,23,restricted,False,True,student_identity,token_v1,privacy_v1
stu_2afe18203da7f33d,2c9172bdb83af15707e2618732f75282cf67bfa267d34b742f721d288bb34bd3,312510*****,Đ.A.T.,Nam,Công nghệ Tài chính,cong nghe tai chinh,25,restricted,False,True,student_identity,token_v1,privacy_v1
stu_cf7f4812b9608283,81240ad28348ce1ed121e37815e2cea99fe2ac67b07dd544da1fc7416b726f83,312510*****,L.N.L.,Nữ,Ngân hàng,ngan hang,25,restricted,False,True,student_identity,token_v1,privacy_v1
stu_5bbef8648d08cc00,ab6a4fcee514557c2dd59eb3d2750b1a26f337869944c2bba0d8b1b2fdcd91ed,312310*****,T.G.S.,Nam,Tài chính,tai chinh,23,restricted,False,True,student_identity,token_v1,privacy_v1
stu_edcb9b028df8c268,f42f02e54efbddc0596c69fa0d9e5926688a6856c085bdd41f09d6b59dff2ac7,312410*****,H.H.Y.,Nữ,Quản lý công,quan ly cong,24,restricted,False,True,student_identity,token_v1,privacy_v1
stu_6c19f9fddffd32a2,cb4dbe941bbcc5d3ed1f5ec4323bb1598e4d440e401571982635505f9fc18a52,312310*****,L.T.C.,Nữ,Kiểm toán,kiem toan,23,restricted,False,True,student_identity,token_v1,privacy_v1
stu_68f12975f08411a3,072a582d2f15443675335507d4258cb3af58d606c2c3d30951a77c3f9372d4c9,312510*****,Đ.T.T.,Nữ,Thị trường chứng khoán,thi truong chung khoan,25,restricted,False,True,student_identity,token_v1,privacy_v1
stu_dbc0b313e1ded28b,fe459443418966b280f93722d79d9b7ad08d39583818ddec44d5b0f05befc864,312310*****,P.Đ.H.,Nam,Kinh doanh quốc tế,kinh doanh quoc te,23,restricted,False,True,student_identity,token_v1,privacy_v1
stu_f805cce2d2b56948,5da05a48633aa101a8c2f5563df9cb97bf3cb7f9adcc9624ac0f3358451f6b98,312510*****,P.T.N.,Nữ,Kiểm toán,kiem toan,25,restricted,False,True,student_identity,token_v1,privacy_v1
stu_009d578c031e4974,afcf549d9801af9a8303dbc164f82a5a900f914df3783fddafa9b2710861c9c0,312310*****,L.Á.M.,Nữ,Hệ thống hoạch định nguồn lực doanh nghiệp,he thong hoach dinh nguon luc doanh nghiep,23,restricted,False,True,student_identity,token_v1,privacy_v1
stu_00f0b86637288e57,3e137c35b001067f342d7ef211ee76008a344766b5c92aebd4c2b60b42bffd17,312410*****,V.T.H.,Nam,Hệ thống hoạch định nguồn lực doanh nghiệp,he thong hoach dinh nguon luc doanh nghiep,24,restricted,False,True,student_identity,token_v1,privacy_v1
stu_4790a41ac3014bf5,e9c9a1640bd36ec4ee67f8507475038b583cfb9770169b133575ac2ffabcebfe,312310*****,N.G.B.,Nam,Công nghệ Tài chính,cong nghe tai chinh,23,restricted,False,True,student_identity,token_v1,privacy_v1
stu_551b0585da7c8a72,050739b65b1dc2dea54eaed7467efbca4ad0684e86335f46f6eb2c11651b176c,312510*****,L.V.S.,Nam,Toán tài chính,toan tai chinh,25,restricted,False,True,student_identity,token_v1,privacy_v1
stu_721018450e033b49,41ca2087635f363455f92fb2ba360a81e0dd6389b08a029a4c184e458a85cc61,312410*****,D.H.H.,Nữ,Kế toán công,ke toan cong,24,restricted,False,True,student_identity,token_v1,privacy_v1
stu_02bd6ce789bd0042,b30185c111f19d5b090bf5bb1e2dc0ed9e03b9732b1977a588f2cb937601c4c9,312410*****,D.Đ.Đ.,Nam,Quản lý công,quan ly cong,24,restricted,False,True,student_identity,token_v1,privacy_v1
stu_64a377d6d0789fc0,745358c37bbb5dadf255e4dd587b68dcb57e2fbca34d0c88b1668ce73b400006,312310*****,P.T.D.,Nữ,Khoa học máy tính,khoa hoc may tinh,23,restricted,False,True,student_identity,token_v1,privacy_v1
stu_7b27f7debe13750f,307538899575fb647ea77040ed40345f0217def538258433d9122ff614b91a9d,312510*****,H.H.P.,Nữ,Kế toán doanh nghiệp,ke toan doanh nghiep,25,restricted,False,True,student_identity,token_v1,privacy_v1
stu_e9040fee65fe443c,4b6dd2d5b70302d55fa4f9bc3fd9d25873139de9636bb88f980925719eb88040,312410*****,B.V.T.,Nam,Kiểm toán,kiem toan,24,restricted,False,True,student_identity,token_v1,privacy_v1
stu_18c648352c2456a8,67399a80ba2087f7522e503122827767e771004059beaa6e529df3c0aaa8f389,312510*****,P.H.C.,Nữ,Công nghệ Tài chính,cong nghe tai chinh,25,restricted,False,True,student_identity,token_v1,privacy_v1
stu_c26e676bcc559c6d,031c28eb6162ef96cc35a2d3826ff34c6e99493295516eed3d2e4f034f273e8f,312310*****,V.B.N.,Nữ,An toàn thông tin,an toan thong tin,23,restricted,False,True,student_identity,token_v1,privacy_v1
stu_50e2e3eb6a51fef6,74c09b1944cdee4487af0a52bb86b6a3533e0500eb2be8d70b1d79572f436a49,312310*****,L.T.H.,Nam,Quản trị kinh doanh,quan tri kinh doanh,23,restricted,False,True,student_identity,token_v1,privacy_v1
stu_70ca123c330e04a2,026f88d1bdde0194b01e6f3834d71346661ed03e455c864e48d5f02c6ebdf156,312510*****,N.Đ.C.,Nam,Hệ thống thông tin quản lý,he thong thong tin quan ly,25,restricted,False,True,student_identity,token_v1,privacy_v1
stu_187d5226956d9252,7cb4cd16dbb1c417b54e84bc3a39741e729826c7bac09e8e6422c1d58ea18c62,312510*****,H.V.T.,Nam,Quản trị Hải quan - Ngoại thương,quan tri hai quan ngoai thuong,25,restricted,False,True,student_identity,token_v1,privacy_v1
stu_118576782c05f622,e58e37e9f99ad7dd108cf559c447be844b0a75154f81c8788569d09cc73a0fe1,312510*****,Đ.A.H.,Nam,Khoa học máy tính,khoa hoc may tinh,25,restricted,False,True,student_identity,token_v1,privacy_v1
stu_cc51b94b684d8d4b,d1c702dc035744a61d4264b28810fed10ff8e8506a77f504d591454e468b942e,312410*****,L.Á.T.,Nữ,Hệ thống thông tin kinh doanh,he thong thong tin kinh doanh,24,restricted,False,True,student_identity,token_v1,privacy_v1
stu_77fe0f90511d2b55,535ecd0b899cfdcbae2fc7c820fef7fef2e16c0526ac0a8b2bf6cb30c7375ad9,312510*****,P.B.H.,Nữ,Kinh doanh thương mại,kinh doanh thuong mai,25,restricted,False,True,student_identity,token_v1,privacy_v1
stu_761cf90793019e69,8e4be052d5ee28f42af5bc8fa09d0f9b4af1b013951835f6b3c7d17237594796,312410*****,V.P.H.,Nữ,Kiến trúc và thiết kế đô thị thông minh,kien truc va thiet ke do thi thong minh,24,restricted,False,True,student_identity,token_v1,privacy_v1
stu_b2f3c5ddd03e64a6,d442dea3e61167df56afcb86fc64c6e82bebcb29758acba73e9380917f90df1e,312410*****,Đ.Đ.H.,Nam,Hệ thống thông tin kinh doanh,he thong thong tin kinh doanh,24,restricted,False,True,student_identity,token_v1,privacy_v1
stu_b0b8b6b479d805e7,4d07705951dfd5102bb4439b6fd76b43534e67465b8f74819a40e1407e2bb225,312410*****,V.T.N.,Nữ,Quản trị kinh doanh,quan tri kinh doanh,24,restricted,False,True,student_identity,token_v1,privacy_v1
stu_9cbb7c843769ec3d,b2a9f3cf254bc3090d088805a220b2d8432c2feec9a578717eb0ee8abb791fe9,312510*****,T.H.P.,Nữ,Kiểm toán,kiem toan,25,restricted,False,True,student_identity,token_v1,privacy_v1
stu_6a3cb605289c0bf2,8f1b8e0165da9b8516e3dc9013b41184a3e4a88a49530db4d7127d088446661d,312510*****,H.Á.T.,Nữ,Khoa học máy tính,khoa hoc may tinh,25,restricted,False,True,student_identity,token_v1,privacy_v1
stu_036c57ba185f3cdc,d1536589b853f1def0157766ff7fd9eec0bd630b9546bc535a04fcfca5e81abd,312410*****,L.B.P.,Nữ,Logistics và Quản lý chuỗi cung ứng,logistics va quan ly chuoi cung ung,24,restricted,False,True,student_identity,token_v1,privacy_v1
stu_ed746d44524cb00e,858bee83cc473aaaaa7b36bbbf0e16df4a403c991a4e1d10e26edfe9881977af,312410*****,V.L.L.,Nữ,Bất động sản,bat dong san,24,restricted,False,True,student_identity,token_v1,privacy_v1
stu_34d5813459b97a3d,68508ac75709babaf7255739ca59bed782262648757714d5a416a5d6f9969abe,312310*****,M.G.Q.,Nam,Toán tài chính,toan tai chinh,23,restricted,False,True,student_identity,token_v1,privacy_v1
stu_69bd0c4ff00d7392,3ef93373d4e6782593c8418b0e5a7a369ba2e767671084b04a8e1ac2d0af82c6,312510*****,N.Đ.C.,Nam,Công nghệ và đổi mới sáng tạo,cong nghe va doi moi sang tao,25,restricted,False,True,student_identity,token_v1,privacy_v1
stu_a5acc58e004c7409,2b0ca9412c62098514a78d8e5743916ce037bb354f1e3560457535049aea856f,312410*****,T.H.L.,Nam,Kinh doanh số,kinh doanh so,24,restricted,False,True,student_identity,token_v1,privacy_v1
stu_da74bbb0cac64838,1a10ad4b5f1d496cc5109f324519084bf1f1a50b45b51b245eaf4649d8d2cb0b,312510*****,L.Đ.M.,Nam,Kinh tế,kinh te,25,restricted,False,True,student_identity,token_v1,privacy_v1
stu_22e7820f658bc9a6,fd6ffadb121d9d95f9dd8cb1e62eb40b420ab2f3c1293c79279fe584eeaf8c4c,312310*****,N.B.V.,Nữ,Kiến trúc và thiết kế đô thị thông minh,kien truc va thiet ke do thi thong minh,23,restricted,False,True,student_identity,token_v1,privacy_v1
stu_d75a445dd873d58f,45685c33c43464b264b23597e4b666a698682f2f6235020612be67e07c5b2101,312310*****,Đ.H.H.,Nam,Khoa học dữ liệu,khoa hoc du lieu,23,restricted,False,True,student_identity,token_v1,privacy_v1
stu_947cae780f128335,b35ec44182ac0c8debb8c893e59dfdf41e1bfe287ad96d4902fa022abbedf814,312410*****,Đ.T.A.,Nam,Logistics và Quản lý chuỗi cung ứng,logistics va quan ly chuoi cung ung,24,restricted,False,True,student_identity,token_v1,privacy_v1
stu_17ac838f50f326fd,2f76095b03261f48d4682e2c131c74f7dd77da4f9be548eaa71a1f7cab704159,312510*****,T.T.D.,Nam,Kế toán doanh nghiệp,ke toan doanh nghiep,25,restricted,False,True,student_identity,token_v1,privacy_v1
stu_31c358de29e4cd18,411e2259da3b87e360095c7df0d7597e250bebd003e887295dfb959ce0a2746e,312510*****,V.H.C.,Nam,Kinh tế đầu tư,kinh te dau tu,25,restricted,False,True,student_identity,token_v1,privacy_v1
stu_210c0fd6772eed3d,d1cc8302696b40038ab17c72c55071697adb000627a3b8f3dd0b3bd3d43c5a2e,312510*****,N.T.V.,Nữ,Công nghệ Marketing,cong nghe marketing,25,restricted,False,True,student_identity,token_v1,privacy_v1
stu_7b28debe24f251b8,46979848859809215179cba8a1e490f64f4fbe7efd99e54a567f8eed826e5382,312310*****,P.L.N.,Nữ,Đầu tư tài chính,dau tu tai chinh,23,restricted,False,True,student_identity,token_v1,privacy_v1
stu_ca20c57c8dd7e5a2,1269377f5b1278d895e48d33ba2d3713136c2b209f0e361d1c3ba2b008ff7b6f,312410*****,Đ.T.V.,Nam,Kinh doanh quốc tế,kinh doanh quoc te,24,restricted,False,True,student_identity,token_v1,privacy_v1
stu_a36cce40c6d5f8e4,5362685170adb8743fdd8d7b8f4e5a7f8fce268e8da8984963d9d6c6da1b0d80,312310*****,H.K.T.,Nữ,Hệ thống thông tin quản lý,he thong thong tin quan ly,23,restricted,False,True,student_identity,token_v1,privacy_v1
stu_0fb43a94973a1d0d,6cefb4a19b1ea0dc356998d49db16dd8e505c23883cd7994fa1284eeed619fbb,312310*****,L.K.V.,Nữ,Công nghệ nghệ thuật - ArtTech,cong nghe nghe thuat arttech,23,restricted,False,True,student_identity,token_v1,privacy_v1
stu_920557343ebf2d27,1a425f43145e12730c26474072d6a4009a253d122cfaaf82f97d85d2a22c2337,312310*****,L.Đ.S.,Nam,Tài chính,tai chinh,23,restricted,False,True,student_identity,token_v1,privacy_v1
stu_6f296ffb0136c2a9,c7631410d9f7dfdcf5572007a1f8e251aff9811d44cbc86f00a4378092d17b10,312510*****,V.L.A.,Nữ,Toán tài chính,toan tai chinh,25,restricted,False,True,student_identity,token_v1,privacy_v1
stu_04cdb2a880fe6895,ecf40e500cf49e4a74179b876e76c965b175d57da4e90ea4a5e3d83b6d7d7ab7,312310*****,L.L.H.,Nữ,Logistics và Quản lý chuỗi cung ứng,logistics va quan ly chuoi cung ung,23,restricted,False,True,student_identity,token_v1,privacy_v1
stu_a87b588e06f70fbc,70768bc4d3f1c7508135ec0dd6d4fa6fb597c91a8e15ea799c16e84de0582821,312410*****,P.H.K.,Nam,Kinh doanh nông nghiệp,kinh doanh nong nghiep,24,restricted,False,True,student_identity,token_v1,privacy_v1
stu_cb1b3f6ac86e10a8,49abaa0307799c1f97c5b9b1224c72ed4172ee81707005eba1a5e07e2f81f117,312410*****,L.M.T.,Nam,Kế toán công,ke toan cong,24,restricted,False,True,student_identity,token_v1,privacy_v1
stu_b223ee205527d2ac,44c2cab61c74672e438845c1680c6864a4f20fc7812c07b68f375540de6bdb5e,312510*****,T.A.N.,Nam,Quản trị kinh doanh,quan tri kinh doanh,25,restricted,False,True,student_identity,token_v1,privacy_v1
stu_b9e3ee3f8ee4ed98,ed9e262c85db8a1b8fc352ce476f66748fb5d2881d324aeeeefe574565d50ded,312410*****,H.T.P.,Nữ,Luật kinh doanh quốc tế,luat kinh doanh quoc te,24,restricted,False,True,student_identity,token_v1,privacy_v1
stu_fda3b84ec1924062,4daeb78f61f1818ee1b7550a03d7c4a6c1c2b6c0122ce738e97bf779abc15df7,312310*****,L.A.K.,Nam,Luật kinh doanh quốc tế,luat kinh doanh quoc te,23,restricted,False,True,student_identity,token_v1,privacy_v1
stu_84c25c56bb2f9fe7,8a9578a3af85012e082426364f2160ec303bc1014cbe1b745538cd9e1a78896e,312410*****,B.A.Đ.,Nam,Quản trị Hải quan - Ngoại thương,quan tri hai quan ngoai thuong,24,restricted,False,True,student_identity,token_v1,privacy_v1
stu_6e111a0222454a6e,2476aa6a1d1254dc3eed456ba8e65a6b3167dba177268f1665c058b33ef4a4cf,312510*****,P.Đ.C.,Nam,Tài chính,tai chinh,25,restricted,False,True,student_identity,token_v1,privacy_v1
stu_59fbae68bc8e79c6,54b752427f2ea7ff70825d5786cc3c9fc15fc582304f6e59f5454f280ead7f8c,312310*****,H.H.D.,Nam,Kinh tế đầu tư,kinh te dau tu,23,restricted,False,True,student_identity,token_v1,privacy_v1
stu_895abbda34038376,5639f9f386369a8c5d779077aad58466e3f25e7db5e48a892fda3ef5f49e9d73,312310*****,T.Đ.Đ.,Nam,Hệ thống hoạch định nguồn lực doanh nghiệp,he thong hoach dinh nguon luc doanh nghiep,23,restricted,False,True,student_identity,token_v1,privacy_v1
stu_298b507cdcbacd16,1486714a24bcab55878dbfc8f8f006d673a55a3a10b965d333e78b515da8a95a,312510*****,H.H.T.,Nữ,Hệ thống hoạch định nguồn lực doanh nghiệp,he thong hoach dinh nguon luc doanh nghiep,25,restricted,False,True,student_identity,token_v1,privacy_v1
stu_77363809c9d325ad,56de7a5b7c9c06df7c86d98af0cbb2cfb2e163e4d60d8de465953a3f780edfb3,312310*****,N.T.N.,Nam,Logistics và Quản lý chuỗi cung ứng,logistics va quan ly chuoi cung ung,23,restricted,False,True,student_identity,token_v1,privacy_v1
stu_8a4fe827963ee702,7bcf6fcf4b17c95ec7ebfd9ab5ba51a78b4becbe3bad2d0853401352b4d88b14,312410*****,T.N.H.,Nữ,Thị trường chứng khoán,thi truong chung khoan,24,restricted,False,True,student_identity,token_v1,privacy_v1
stu_617081fa88c14444,b8fe3df17fd512748c83c63f3439c3549eb6029171e9dc6f1549f8a4e9b5d2fa,312510*****,M.T.H.,Nam,Kiến trúc và thiết kế đô thị thông minh,kien truc va thiet ke do thi thong minh,25,restricted,False,True,student_identity,token_v1,privacy_v1
stu_e6cfa688467e072a,52d6517db106255fc1a7d979ddd6228e15edb589c68a9cdfd527d12da12d6c21,312410*****,B.M.K.,Nam,Khoa học máy tính,khoa hoc may tinh,24,restricted,False,True,student_identity,token_v1,privacy_v1
stu_ca012edec6eefdc1,a022558b5ba6fffee9264e039d7614770d04bcb0b9d292af0e00058867ca8a1d,312510*****,B.Đ.K.,Nam,Thị trường chứng khoán,thi truong chung khoan,25,restricted,False,True,student_identity,token_v1,privacy_v1
stu_e7a83fad3be3d0b5,5c22868283ae2d1665745b586be7dd36ed04cc3ca87d724519ba6ab7656de5bd,312410*****,Đ.Q.L.,Nam,Đầu tư tài chính,dau tu tai chinh,24,restricted,False,True,student_identity,token_v1,privacy_v1
stu_4e1390d12af9bdfd,4e1f4da7d5ff34546d722074b33d05e21a8fb03a86c2b0287faa0c32f718d9e8,312510*****,P.T.Ý.,Nữ,Công nghệ Tài chính,cong nghe tai chinh,25,restricted,False,True,student_identity,token_v1,privacy_v1
stu_e957049e35f847d6,0ef2bfbb5eebfc55a40cf785be4adea231fe6d943ae2090e24b93dab645d6857,312510*****,Đ.H.M.,Nam,Quản lý công,quan ly cong,25,restricted,False,True,student_identity,token_v1,privacy_v1
stu_80fa17707d978cff,fe44982b1d370ff1c2d1e0de920415e8739d8712c691c9d2b544faf72285c7af,312510*****,V.T.T.,Nam,Kinh doanh thương mại,kinh doanh thuong mai,25,restricted,False,True,student_identity,token_v1,privacy_v1
stu_8800855ea5e94e43,09f87f44ffde633a0477f6cb529e0a15c7bdeba32f98426b0ea3d2a8e58718c3,312410*****,V.H.V.,Nữ,Kinh doanh nông nghiệp,kinh doanh nong nghiep,24,restricted,False,True,student_identity,token_v1,privacy_v1
stu_30e5a9eeea0664ca,5fc5d1454718f2f56f711a7d397afd2f2c33b65da3bf370edb9ee1b90f36ee40,312310*****,P.Q.N.,Nam,Hệ thống thông tin quản lý,he thong thong tin quan ly,23,restricted,False,True,student_identity,token_v1,privacy_v1
stu_7890dd6e5c7f922d,9909550a8f44d69ee10c5da909ab0469ab04491fa3d54bae66a00fd83ffc1b8b,312410*****,H.H.N.,Nam,Hệ thống thông tin kinh doanh,he thong thong tin kinh doanh,24,restricted,False,True,student_identity,token_v1,privacy_v1
stu_97283db5e02db114,adc5cc8d1ccfc48ab1a48a33ea1a5751db5da9a288b6978da37b6bc319ad2a0b,312410*****,M.Á.L.,Nữ,Kinh tế đầu tư,kinh te dau tu,24,restricted,False,True,student_identity,token_v1,privacy_v1
stu_5667c3728a235656,ea3cb753cc2a04cf7d0d86e9ad9c949d69f8cdd21df2e556f7a2009d94c1708d,312310*****,L.G.H.,Nam,Hệ thống hoạch định nguồn lực doanh nghiệp,he thong hoach dinh nguon luc doanh nghiep,23,restricted,False,True,student_identity,token_v1,privacy_v1
stu_94f10e46ba740a4d,a24211d941190b850622f1ceb3c5706f80025e21474017ad8654c9f4a5469048,312310*****,B.H.B.,Nam,Đầu tư tài chính,dau tu tai chinh,23,restricted,False,True,student_identity,token_v1,privacy_v1
stu_e6f418c2fc1c3f2d,f8c8ece7c78735098ad6c6a26ea8d14e94f704ba61663ba2f5894dfb63e46586,312510*****,L.T.N.,Nữ,Công nghệ và đổi mới sáng tạo,cong nghe va doi moi sang tao,25,restricted,False,True,student_identity,token_v1,privacy_v1
stu_c1a758021d4c451c,3c922a986e4d27625277b1373a9711dfd9d7d40ab15ee8f17b6da5022379e2c4,312310*****,H.P.T.,Nữ,Tài chính,tai chinh,23,restricted,False,True,student_identity,token_v1,privacy_v1
stu_971af1c79eb50ca3,51f1da3ce9d1f2714e6a58aa69a90a2d47a904a1b24841476356af5055167015,312410*****,Đ.T.Ý.,Nữ,Kinh doanh thương mại,kinh doanh thuong mai,24,restricted,False,True,student_identity,token_v1,privacy_v1
stu_4b1d8f55afaa08c6,77fe4f2d16e459227f366de0f62b4166a83146f6c159a44683faacfaa647db4f,312310*****,H.P.V.,Nữ,Kế toán công,ke toan cong,23,restricted,False,True,student_identity,token_v1,privacy_v1
stu_8c41312e109fed9f,2e7d20f31f5c0d524b436896ada61e902a7ea5c56cddb90a6333c857d5bf91b1,312410*****,P.H.T.,Nữ,Ngân hàng,ngan hang,24,restricted,False,True,student_identity,token_v1,privacy_v1
stu_476355cf24d2d01b,d099b7d92a8cf14771276d2a589c9a21919a4e525cf504f341948b575c8070be,312310*****,D.T.T.,Nữ,Kinh doanh thương mại,kinh doanh thuong mai,23,restricted,False,True,student_identity,token_v1,privacy_v1
stu_e4a783095128833e,dff27f636b39222b35e22febafaca3b88be90dab925e8c2e9e72c087fa5093aa,312510*****,H.T.K.,Nam,Kế toán công,ke toan cong,25,restricted,False,True,student_identity,token_v1,privacy_v1
stu_55ccc6254ec4b28e,6b3adbc8d4c226f1d93c0306cc9b69aea38b69602578633cfd44042cffada98e,312310*****,Đ.B.A.,Nữ,An toàn thông tin,an toan thong tin,23,restricted,False,True,student_identity,token_v1,privacy_v1
stu_b130d968771f0bc4,a120831d4f8abacb8cdd837d780747275184e98cdd766c73c37c1b895d6d1c36,312410*****,V.H.A.,Nữ,Kinh doanh nông nghiệp,kinh doanh nong nghiep,24,restricted,False,True,student_identity,token_v1,privacy_v1
stu_6ff16f10ac85de52,e4839d6d4b82dfa6fb7eb761a4d5251f8e02a888a251c76e1a51f41491a13976,312310*****,L.P.C.,Nữ,Kiểm toán,kiem toan,23,restricted,False,True,student_identity,token_v1,privacy_v1
stu_3037aec63b5f10a2,8635f1e0c40f0c5c3d7de9331fe8331a91dc863054f7da0c6d390e89e37bb9ca,312410*****,T.V.Đ.,Nam,Khoa học máy tính,khoa hoc may tinh,24,restricted,False,True,student_identity,token_v1,privacy_v1
stu_a010b7887bb70cf1,7ec61a265090c0b949421f788a47fbdc39fd9385cc49b1ea94e5e3ac9aedf691,312410*****,L.T.C.,Nữ,Quản lý công,quan ly cong,24,restricted,False,True,student_identity,token_v1,privacy_v1
stu_a512080312098c6b,b397b1e74ced97e9dfebb612cb1bac1ef3c4719ba77e0cc19e74c41eabf10a5b,312310*****,H.M.C.,Nam,Kinh tế,kinh te,23,restricted,False,True,student_identity,token_v1,privacy_v1
stu_5f4a5aac3a389672,027dfbe931f450099915f2b069ec0aaf643139c21494e140f92620479d9dd954,312310*****,T.T.H.,Nữ,Luật kinh doanh quốc tế,luat kinh doanh quoc te,23,restricted,False,True,student_identity,token_v1,privacy_v1
stu_3e6e9f26792ac4b3,102b6ebe06c91d7212715b83267fcc9405667b792c14f641b66a543e7ccd2fa0,312410*****,B.T.K.,Nam,Toán tài chính,toan tai chinh,24,restricted,False,True,student_identity,token_v1,privacy_v1
stu_bd1b0bf09d73d78a,10c603b11fee20fd890e4a8ce07304f8a5c38aa6db279db414a5bbb2285d387f,312510*****,N.T.D.,Nữ,Kinh tế,kinh te,25,restricted,False,True,student_identity,token_v1,privacy_v1
stu_44ad5d5ddd4d837d,5c80f9e69a7e3fc985d882b750ea72fc22fd24b50edbe108b9cb7afbf14240c2,312510*****,L.N.T.,Nữ,Hệ thống thông tin quản lý,he thong thong tin quan ly,25,restricted,False,True,student_identity,token_v1,privacy_v1
stu_bf7d2e1df09972ef,a21c5634e57896c49839aef70d33cf038a5099209c989f96fd4d17cba10d226d,312410*****,Đ.Đ.K.,Nam,Bất động sản,bat dong san,24,restricted,False,True,student_identity,token_v1,privacy_v1
stu_c622d74d3b298b12,a7e9e8c26813d1c67034755286a3f8c848a455318aea9137e72b59e6a0289659,312410*****,P.T.T.,Nữ,An toàn thông tin,an toan thong tin,24,restricted,False,True,student_identity,token_v1,privacy_v1
stu_a3c1efd9c8501096,d6dd8915c459fea40715dcfeb6daf9e99e08e4845aaaa4cd7ed752994247d7fe,312510*****,P.H.K.,Nam,Công nghệ nghệ thuật - ArtTech,cong nghe nghe thuat arttech,25,restricted,False,True,student_identity,token_v1,privacy_v1
stu_78fc606115a0cfab,40d4d609f1466f2ddde20ae9316573b2e8400405ed2d054edd5da345f6b2b268,312310*****,H.V.L.,Nam,Công nghệ nghệ thuật - ArtTech,cong nghe nghe thuat arttech,23,restricted,False,True,student_identity,token_v1,privacy_v1
stu_20b90349c04dfde9,be07d8901a32618e2c2a03fb76a726059a512ab7acedc96342185cd5a19b57b5,312410*****,Đ.Q.H.,Nam,Kinh tế,kinh te,24,restricted,False,True,student_identity,token_v1,privacy_v1
stu_794cb86e8633fc2f,2fa1c21ac1494df9f644b18b045094e00107ca9389bae790f897973d825634cd,312310*****,H.K.H.,Nữ,Kinh doanh nông nghiệp,kinh doanh nong nghiep,23,restricted,False,True,student_identity,token_v1,privacy_v1
stu_1c1162221943a7b3,127e586c94282bcd28b6bff11f15b049d2a655ef98fd3c1cda8fff93923414bd,312410*****,V.Q.K.,Nam,Kinh doanh quốc tế,kinh doanh quoc te,24,restricted,False,True,student_identity,token_v1,privacy_v1
stu_bcb3452a61e86ef0,54fcddf3ad5e82e04bc77daf45b389cf4dc8b97e99bae49a885d8d6349d36486,312410*****,V.T.T.,Nữ,Kiến trúc và thiết kế đô thị thông minh,kien truc va thiet ke do thi thong minh,24,restricted,False,True,student_identity,token_v1,privacy_v1
stu_e7a483eba8264648,dc9829ea3be8159698ef1dc052568afe6adb509db58110a42c71437f722d94e6,312510*****,Đ.Á.L.,Nữ,Kinh doanh thương mại,kinh doanh thuong mai,25,restricted,False,True,student_identity,token_v1,privacy_v1
stu_ff98970f6612cae6,4b41a1218678767654b41ccc4ab5779a405712caa1ee4f88339904d5e8eff947,312510*****,L.G.L.,Nam,Bất động sản,bat dong san,25,restricted,False,True,student_identity,token_v1,privacy_v1
stu_13d20113b4de221c,9c4bc131f1111ec2b324d7cbc54762da505510f598876c8ace27442cda31d9fb,312410*****,P.T.U.,Nữ,Marketing,marketing,24,restricted,False,True,student_identity,token_v1,privacy_v1
stu_751f5e2560c8336c,89fabc440a785986f94163872285d871a2f2ad497e2f2664c39847e8c52e6264,312510*****,Đ.Q.N.,Nam,Kỹ sư Robot và Trí tuệ nhân tạo,ky su robot va tri tue nhan tao,25,restricted,False,True,student_identity,token_v1,privacy_v1
stu_a04257ddb493d127,684ad952a46956114ecfeae86a433ea76dbbe9798f84dd39041c1f11683d390c,312410*****,P.H.K.,Nam,Kế toán công,ke toan cong,24,restricted,False,True,student_identity,token_v1,privacy_v1
stu_b4d8f8c3d01bae29,0a269383f7d3e4f78325a14a9679db4f5366022d830f15d802ab1cfd97efc174,312310*****,Đ.L.T.,Nữ,Quản trị kinh doanh,quan tri kinh doanh,23,restricted,False,True,student_identity,token_v1,privacy_v1
stu_7c1221ca6b54e21e,886abed7fdf5666968f05d1ca4aac4ed4fdd15c132d81685262421c4b80a47d1,312410*****,Đ.V.K.,Nam,Bất động sản,bat dong san,24,restricted,False,True,student_identity,token_v1,privacy_v1
stu_4a35f74e80d2eeee,83ce272abcb9ef74597d459b4069613503f23710c0f25b815f7de11c6cbb5107,312410*****,P.N.Q.,Nữ,Luật kinh doanh quốc tế,luat kinh doanh quoc te,24,restricted,False,True,student_identity,token_v1,privacy_v1
stu_ec1b2fafc591397c,41aaafb8c9dcb09005dfefe203f46c6147f03627465463e4a776d8a3e3e309b7,312310*****,N.A.T.,Nam,Kinh doanh nông nghiệp,kinh doanh nong nghiep,23,restricted,False,True,student_identity,token_v1,privacy_v1
stu_e100bf4739ff4efd,18726a47e58e96a601f0f59e9f60560563b9fcf1d585717daf214c1acf19bb9d,312510*****,H.Á.M.,Nữ,Quản lý công,quan ly cong,25,restricted,False,True,student_identity,token_v1,privacy_v1
stu_c36a99b7a9de7d66,150e5e69923c1ec762195d16f97e63638849be0c2964083e0fe30bfac71c7ee1,312510*****,L.P.N.,Nữ,Khoa học máy tính,khoa hoc may tinh,25,restricted,False,True,student_identity,token_v1,privacy_v1
stu_f17bd21197d667d4,91ed54329a40feadf634b00c17abdd0d18f5388b0a227a0f31108f720f36e31e,312310*****,N.Đ.N.,Nam,Bất động sản,bat dong san,23,restricted,False,True,student_identity,token_v1,privacy_v1
stu_625a668c94c0c7fa,accd50e27606b0206eedc1cd8f2a319a176daa94488bdc1218f3f3a0aed25985,312510*****,Đ.M.P.,Nam,Logistics và Quản lý chuỗi cung ứng,logistics va quan ly chuoi cung ung,25,restricted,False,True,student_identity,token_v1,privacy_v1
stu_b94dac9ca4a79163,5b730d31c0916b8e8137fe33768d771e8e894c010a6d103b0ff57fd95d77c384,312310*****,H.T.B.,Nam,Thị trường chứng khoán,thi truong chung khoan,23,restricted,False,True,student_identity,token_v1,privacy_v1
stu_a3872afda5d5a529,9b12a019931da97647e2a1310b259f6314836b88bb3548b6162b2e951f0ea825,312410*****,D.P.L.,Nữ,Công nghệ nghệ thuật - ArtTech,cong nghe nghe thuat arttech,24,restricted,False,True,student_identity,token_v1,privacy_v1
stu_d069140fb26e386c,8f7a8f39967bd825ba07281a8681f7134f8e03db3a40bd3408d0fb8b946fb9c4,312310*****,P.M.P.,Nam,Quản lý công,quan ly cong,23,restricted,False,True,student_identity,token_v1,privacy_v1
stu_80033cb9885410f9,b3c906de19850b2896e0534c6da41ecfa067468698f6faf9c6502ae0877a977d,312310*****,P.Đ.C.,Nam,Kinh doanh nông nghiệp,kinh doanh nong nghiep,23,restricted,False,True,student_identity,token_v1,privacy_v1
stu_b5620f717ca57b74,cb43b3b7c9fe59ef0c70b90c60819f9d37bac8b5f8721fa5afc85a2cc18227d8,312310*****,N.Á.L.,Nữ,Khoa học dữ liệu,khoa hoc du lieu,23,restricted,False,True,student_identity,token_v1,privacy_v1
stu_7b0371ce991021cc,75eb6e83ebe8b33c6c28ffc76e6e99faf7cd04920f7d89b2028e39999a1708c4,312310*****,P.Á.T.,Nữ,Kinh doanh thương mại,kinh doanh thuong mai,23,restricted,False,True,student_identity,token_v1,privacy_v1
stu_8ce9eea8146780d8,3191c02ab4abc4f8cad62fd6874958a26db81b3f8cbfbced1f5781b3da06b714,312510*****,H.M.Q.,Nam,Quản lý công,quan ly cong,25,restricted,False,True,student_identity,token_v1,privacy_v1
stu_4704e773a301d345,0e8fc61d14a17ad7222dbd5025ce0ddc76f92cb14fe7633f4f543e8e77edba90,312410*****,N.L.T.,Nữ,Công nghệ và đổi mới sáng tạo,cong nghe va doi moi sang tao,24,restricted,False,True,student_identity,token_v1,privacy_v1
stu_e1053b3eb2443bbc,689fd35284f43ac5d7c7e67cc9079579868032bddbba6b851ba27728bfb3ab3e,312310*****,T.T.M.,Nữ,Toán tài chính,toan tai chinh,23,restricted,False,True,student_identity,token_v1,privacy_v1
stu_4358d2e353531585,bd2687bc399042e33a83cbbdd5cb7c082cd6e89620debbbb2f43cb7d8750aefe,312310*****,B.H.A.,Nữ,Hệ thống thông tin kinh doanh,he thong thong tin kinh doanh,23,restricted,False,True,student_identity,token_v1,privacy_v1
stu_0f6ba13842042a88,43aec3e780f693ff98d342904f597a8ef2d643fba5b8bddc529ec6698abf97dd,312310*****,H.A.L.,Nam,Logistics và Quản lý chuỗi cung ứng,logistics va quan ly chuoi cung ung,23,restricted,False,True,student_identity,token_v1,privacy_v1
stu_8e4299edf4d68a90,326731f1e21caa642856ba1cc1918740cf4b69aa978d0b400096b36258c63717,312310*****,L.T.T.,Nữ,Bất động sản,bat dong san,23,restricted,False,True,student_identity,token_v1,privacy_v1
stu_bb36b31b2fd3b81b,9fc81c160008bbb35a63172564c4b4c4345b1149032e228016a9a28ec0d11709,312410*****,Đ.P.T.,Nữ,Hệ thống thông tin kinh doanh,he thong thong tin kinh doanh,24,restricted,False,True,student_identity,token_v1,privacy_v1
stu_c29e6acda149520f,54cf1ed8c214eb48b0b4e3fa97e5c998e381ef097d19019b2d8e542fa78e6f65,312410*****,H.Đ.H.,Nam,Bất động sản,bat dong san,24,restricted,False,True,student_identity,token_v1,privacy_v1
stu_c9904b2b37becd21,dea3d8a0fd68f658a5d0884621189342a162c13a2998944a7a5bcfb0562b7ed0,312410*****,P.P.A.,Nữ,Công nghệ Tài chính,cong nghe tai chinh,24,restricted,False,True,student_identity,token_v1,privacy_v1
stu_8dd4fee6d04e9bd4,cb1d4d6c74819a6a9751d2a6d941649838e6dd7328e666990ae2cf3a3b463f2f,312410*****,D.T.T.,Nữ,Hệ thống hoạch định nguồn lực doanh nghiệp,he thong hoach dinh nguon luc doanh nghiep,24,restricted,False,True,student_identity,token_v1,privacy_v1
stu_33c7d4694f62fa7e,fdbf7bb22dd58a3d2b3c6d65323906af0da9d93f99c8b0d24f2b6d0b9ad8858f,312410*****,N.K.H.,Nữ,Logistics và Quản lý chuỗi cung ứng,logistics va quan ly chuoi cung ung,24,restricted,False,True,student_identity,token_v1,privacy_v1
stu_7d1867d384ff540a,708242e9b9f37fc58c9fe06024699b960f76c6be6e44a6d22845329837221c49,312510*****,B.H.Q.,Nữ,Ngân hàng,ngan hang,25,restricted,False,True,student_identity,token_v1,privacy_v1
stu_568769f93e752943,c26283656a1c3eb83d81bade6fad8edda660506f51a133aa038b4cf883d9d8d1,312310*****,L.N.A.,Nữ,Công nghệ thông tin,cong nghe thong tin,23,restricted,False,True,student_identity,token_v1,privacy_v1
stu_7a7f50201ac7be50,904dbbee0a37294aeb1300f1d6456ee07b9e9edb3a23789450a5ce0cf6093709,312510*****,P.H.Ý.,Nữ,Kinh doanh số,kinh doanh so,25,restricted,False,True,student_identity,token_v1,privacy_v1
stu_c9a300d325b178a0,47e59475802594ca022c2acab167018771aaa466d2da1a44f2e648a11ce60e20,312410*****,Đ.T.H.,Nữ,Quản lý công,quan ly cong,24,restricted,False,True,student_identity,token_v1,privacy_v1
stu_4e3b09cd5dec3f58,c8d8c6126bd96c4c93d1d58acaa6ec187d4d7a4e1358f753148e077ac0f59df7,312410*****,M.T.N.,Nam,Quản trị Hải quan - Ngoại thương,quan tri hai quan ngoai thuong,24,restricted,False,True,student_identity,token_v1,privacy_v1
stu_559cd867006cd2ea,0651dd94ffe0156748463806445685d8feca15e623b436abf271b1e5d7287ff9,312410*****,N.H.N.,Nữ,Marketing,marketing,24,restricted,False,True,student_identity,token_v1,privacy_v1
stu_c9817c9f0ebbce86,8a8fa2ce6e51c6d14b3b9b996e855ef3776aa9bf6b3fa7ecaea6543c086d3f0b,312410*****,N.Á.P.,Nữ,Hệ thống thông tin kinh doanh,he thong thong tin kinh doanh,24,restricted,False,True,student_identity,token_v1,privacy_v1
stu_08d1b5c55d07b182,cbbfbfa55c0d7b14dd2d1acb7d91053ddd4dfdaaa0b979c6b493e83e29874981,312510*****,Đ.V.K.,Nam,Kinh doanh nông nghiệp,kinh doanh nong nghiep,25,restricted,False,True,student_identity,token_v1,privacy_v1
stu_af0c8e2ebec52b22,08d164590a16ff0ad6d6ddae6de68b41472ebcbaa9506930551d67645381d4f5,312310*****,L.H.H.,Nam,Logistics và Quản lý chuỗi cung ứng,logistics va quan ly chuoi cung ung,23,restricted,False,True,student_identity,token_v1,privacy_v1
stu_8cfce4eb10586cbb,059a90e0c096da07d75249688d2048a6c1cdd96b96bffe29a731b35552355727,312510*****,V.T.T.,Nữ,Đầu tư tài chính,dau tu tai chinh,25,restricted,False,True,student_identity,token_v1,privacy_v1
stu_a8258944b424b6e4,9959bc80633131a5057fa78a188bc0393033f5d9c0ee9d2bebdc192bab3e1f4b,312510*****,T.T.P.,Nữ,Khoa học dữ liệu,khoa hoc du lieu,25,restricted,False,True,student_identity,token_v1,privacy_v1
stu_35903687eb56034b,698ac1965358e37ee484d46f609e3eb0d59ca27e88cee776d6b5e3e554047830,312310*****,H.H.C.,Nam,Kinh tế,kinh te,23,restricted,False,True,student_identity,token_v1,privacy_v1
stu_692ec07fed34a4fb,8735553caa58f6b4db267be41b28bdee5fc54f509ed777fd879d67b8a2b8861a,312510*****,N.P.A.,Nữ,Kinh doanh số,kinh doanh so,25,restricted,False,True,student_identity,token_v1,privacy_v1
stu_e7047c8a62e80772,fba7cf3bfbb57814c995cd51da2845f22a30a2f3d95047773969f436396765c5,312510*****,N.H.L.,Nam,Hệ thống thông tin kinh doanh,he thong thong tin kinh doanh,25,restricted,False,True,student_identity,token_v1,privacy_v1
stu_a0e4f7d57745af3d,93f1653af0c00ee4a9cc59fe51324d9c2a402e08c4f6dc70b90b4e7db5485a64,312410*****,T.T.N.,Nam,Khoa học máy tính,khoa hoc may tinh,24,restricted,False,True,student_identity,token_v1,privacy_v1
stu_146adf25af870287,4cff928c8dc316cb43b73f4a9e7e52bac41f8106697ec6f2f0afd59dc8ebc03a,312310*****,V.N.N.,Nữ,Quản trị kinh doanh,quan tri kinh doanh,23,restricted,False,True,student_identity,token_v1,privacy_v1
stu_7a6f1f9163fe3bdf,f9346348cf2d0bfb3198332993791eb552aa6fb6419c0207cd19639ed94bb4ab,312510*****,H.K.N.,Nữ,Tài chính,tai chinh,25,restricted,False,True,student_identity,token_v1,privacy_v1
stu_0941b7245ffec05e,6f5c26a4510379735de2e4d5501912ff6221c5ea6f19f3b4d4850668eabfadec,312410*****,N.M.N.,Nam,An toàn thông tin,an toan thong tin,24,restricted,False,True,student_identity,token_v1,privacy_v1
stu_43db1ebed7ab867c,51705804fd27f1e7b68f0addccbae2758178cbc01ab02959d20e3c19449d8917,312410*****,P.B.M.,Nữ,Kiểm toán,kiem toan,24,restricted,False,True,student_identity,token_v1,privacy_v1
stu_e4ddcada29550783,dd6d59afbad1bbbeee89e234c0506010fbd2266967f4506895be70f7b68fc8f5,312510*****,L.G.P.,Nam,Bảo hiểm,bao hiem,25,restricted,False,True,student_identity,token_v1,privacy_v1
stu_f7621d15bcb4e907,8e2b69df664547e6f8821519508a42620ab1719d3e75ec350b8beccc247c167b,312510*****,L.P.T.,Nữ,Quản lý công,quan ly cong,25,restricted,False,True,student_identity,token_v1,privacy_v1
stu_ee601afc2c41b4d9,91a8c0512477f2ed98bd9e0677058cbf6999ab520fc14b3d4fd800474ba45eed,312310*****,B.T.T.,Nữ,Kỹ sư Robot và Trí tuệ nhân tạo,ky su robot va tri tue nhan tao,23,restricted,False,True,student_identity,token_v1,privacy_v1
stu_5f62fbf8938fc2e1,6937c33753709ef9db18034bef2f876adbabd20731fc2390b37287736d7a6910,312410*****,P.H.L.,Nữ,Đầu tư tài chính,dau tu tai chinh,24,restricted,False,True,student_identity,token_v1,privacy_v1
stu_867554c334e37e9c,bb716b43e984bc38d6039a93f518bba8b31f39511a55adf2b24cb35c9a99c245,312410*****,T.H.Đ.,Nam,Kinh tế đầu tư,kinh te dau tu,24,restricted,False,True,student_identity,token_v1,privacy_v1
stu_8bcb47dc09229a62,c8c5eb36a3ba3cfd9e8d1e5768cfb69e9262525bf2f576db3c1c9b1ecb1e5f0f,312410*****,Đ.T.P.,Nam,Kỹ sư Robot và Trí tuệ nhân tạo,ky su robot va tri tue nhan tao,24,restricted,False,True,student_identity,token_v1,privacy_v1
stu_613445194243d26a,10f6e1e6b1ac2b8882a6d088ec2072089d55fa322018676fd588e3bc81002f35,312410*****,N.N.Ý.,Nữ,Kiến trúc và thiết kế đô thị thông minh,kien truc va thiet ke do thi thong minh,24,restricted,False,True,student_identity,token_v1,privacy_v1
stu_74967c0eb1286fea,6093405110775e9667ca29abc8924df4b2dfd96bde20f02d03f5ca9b1cf1c681,312510*****,N.T.N.,Nữ,Hệ thống hoạch định nguồn lực doanh nghiệp,he thong hoach dinh nguon luc doanh nghiep,25,restricted,False,True,student_identity,token_v1,privacy_v1
stu_0410dbc9c742f686,cb240e550615c9af22c10f773a2d5c33da176113bbc9078b6a2eaa4fab4ca021,312510*****,H.H.H.,Nam,Kỹ sư Robot và Trí tuệ nhân tạo,ky su robot va tri tue nhan tao,25,restricted,False,True,student_identity,token_v1,privacy_v1
stu_dcdf50603c835772,c0920a2af533eeeef7569caa0b8357ff535b7c8aae705f9a4fe8ef4f933304f1,312510*****,H.Q.L.,Nam,Kinh tế đầu tư,kinh te dau tu,25,restricted,False,True,student_identity,token_v1,privacy_v1
stu_8b21f10a612d4bca,c77deb1d9a9a613867e0b744ae083e02f9eb3308d9da6e759c093e1c5bebb77d,312510*****,H.Đ.K.,Nam,Công nghệ thông tin,cong nghe thong tin,25,restricted,False,True,student_identity,token_v1,privacy_v1
stu_3decf53dfa0449f3,389e1e001457d04a746c369e1a31c91a4b5a44a5078dc7381b70a2bd9261ef7e,312410*****,N.G.N.,Nam,Luật kinh doanh quốc tế,luat kinh doanh quoc te,24,restricted,False,True,student_identity,token_v1,privacy_v1
stu_1b6a10d97666301a,ed3f5dccadfe8e40c7e7260f3f401fe8e5e76339c2588c4de1969c4ecac9bcc6,312410*****,B.H.K.,Nam,Kinh doanh quốc tế,kinh doanh quoc te,24,restricted,False,True,student_identity,token_v1,privacy_v1
stu_92dbcf68aed6dc56,d7d3d5b695f0733a3b464553aa8151de4e9e24598b3122bf2fe21805e93599fa,312410*****,L.Á.N.,Nữ,Toán tài chính,toan tai chinh,24,restricted,False,True,student_identity,token_v1,privacy_v1
